drugcentral_id,name,smiles,inchikey,cas_rn,source,source_version,date_pulled
2104,perflutren,FC(F)(F)C(F)(F)C(F)(F)F,QYSGYZVSCZSLHT-UHFFFAOYSA-N,76-19-7,DrugCentral,FDA_Approved.csv (current) + structures.smiles.tsv (2021_09_01),2026-07-29
1834,monobenzone,OC1=CC=C(OCC2=CC=CC=C2)C=C1,VYQNWZOUAUKGHI-UHFFFAOYSA-N,103-16-2,DrugCentral,FDA_Approved.csv (current) + structures.smiles.tsv (2021_09_01),2026-07-29
2684,tobramycin,NC[C@H]1O[C@H](O[C@@H]2[C@@H](N)C[C@@H](N)[C@H](O[C@H]3O[C@H](CO)[C@@H](O)[C@H](N)[C@H]3O)[C@H]2O)[C@H](N)C[C@@H]1O,NLVFBUXFDBBNBW-PBSUHMDJSA-N,32986-56-4,DrugCentral,FDA_Approved.csv (current) + structures.smiles.tsv (2021_09_01),2026-07-29
3051,butamben,CCCCOC(=O)C1=CC=C(N)C=C1,IUWVALYLNVXWKX-UHFFFAOYSA-N,94-25-7,DrugCentral,FDA_Approved.csv (current) + structures.smiles.tsv (2021_09_01),2026-07-29
3103,citrulline,N[C@@H](CCCNC(N)=O)C(O)=O,RHGKLRLOHDJJDR-BYPYZUCNSA-N,372-75-8,DrugCentral,FDA_Approved.csv (current) + structures.smiles.tsv (2021_09_01),2026-07-29
3347,methionine,CSCC[C@H](N)C(O)=O,FFEARJCKVFRZRR-BYPYZUCNSA-N,63-68-3,DrugCentral,FDA_Approved.csv (current) + structures.smiles.tsv (2021_09_01),2026-07-29
3524,resorcinol,OC1=CC(O)=CC=C1,GHMLBKRAJCXXBS-UHFFFAOYSA-N,108-46-3,DrugCentral,FDA_Approved.csv (current) + structures.smiles.tsv (2021_09_01),2026-07-29
3578,tafenoquine,COC1=NC2=C(NC(C)CCCN)C=C(OC)C(OC3=CC(=CC=C3)C(F)(F)F)=C2C(C)=C1,LBHLFPGPEGDCJG-UHFFFAOYSA-N,106635-80-7,DrugCentral,FDA_Approved.csv (current) + structures.smiles.tsv (2021_09_01),2026-07-29
3592,tetrofosmin,CCOCCP(CCOCC)CCP(CCOCC)CCOCC,QCWJONLQSHEGEJ-UHFFFAOYSA-N,127502-06-1,DrugCentral,FDA_Approved.csv (current) + structures.smiles.tsv (2021_09_01),2026-07-29
4140,nadide,NC(=O)C1=C[N+](=CC=C1)[C@@H]1O[C@H](COP([O-])(=O)OP(O)(=O)OC[C@H]2O[C@H]([C@H](O)[C@@H]2O)N2C=NC3=C2N=CN=C3N)[C@@H](O)[C@H]1O,BAWFJGJZGIEFAR-NNYOXOHSSA-N,53-84-9,DrugCentral,FDA_Approved.csv (current) + structures.smiles.tsv (2021_09_01),2026-07-29
4148,epicriptine,CC[C@@H](C)[C@@H]1N2C(=O)[C@](NC(=O)[C@@H]3C[C@H]4[C@@H](CC5=CNC6=CC=CC4=C56)N(C)C3)(O[C@@]2(O)[C@@H]2CCCN2C1=O)C(C)C,SBFXHXZNBNFPHV-PXXBSISHSA-N,88660-47-3,DrugCentral,FDA_Approved.csv (current) + structures.smiles.tsv (2021_09_01),2026-07-29
4138,gentian violet,CN(C)C1=CC=C(C=C1)C(C1=CC=C(C=C1)N(C)C)=C1C=CC(C=C1)=[N+](C)C,LGLFFNDHMLKUMI-UHFFFAOYSA-N,548-62-9,DrugCentral,FDA_Approved.csv (current) + structures.smiles.tsv (2021_09_01),2026-07-29
4280,tocofersolan,CC(C)CCC[C@@H](C)CCC[C@@H](C)CCC[C@]1(C)CCC2=C(C)C(O)=C(C)C(C)=C2O1,GVJHHUAWPYXKBD-IEOSBIPESA-N,59-02-9,DrugCentral,FDA_Approved.csv (current) + structures.smiles.tsv (2021_09_01),2026-07-29
4666,betiatide,OC(=O)CNC(=O)CNC(=O)CNC(=O)CSC(=O)C1=CC=CC=C1,VDPYMEBVIDZKMD-UHFFFAOYSA-N,103725-47-9,DrugCentral,FDA_Approved.csv (current) + structures.smiles.tsv (2021_09_01),2026-07-29
4610,sucrose,OC[C@H]1O[C@@](CO)(O[C@H]2O[C@H](CO)[C@@H](O)[C@H](O)[C@H]2O)[C@@H](O)[C@@H]1O,CZMRCDWAGMRECN-UGDNZRGBSA-N,57-50-1,DrugCentral,FDA_Approved.csv (current) + structures.smiles.tsv (2021_09_01),2026-07-29
4608,trypan blue,CC1=C(C=CC(=C1)C1=CC(C)=C(C=C1)\N=N\C1=C(O)C2=C(N)C=C(C=C2C=C1S(O)(=O)=O)S(O)(=O)=O)\N=N\C1=C(O)C2=C(N)C=C(C=C2C=C1S(O)(=O)=O)S(O)(=O)=O,ZBNARPCCDMHDDV-HVMBLDELSA-N,72-57-1,DrugCentral,FDA_Approved.csv (current) + structures.smiles.tsv (2021_09_01),2026-07-29
4607,ubidecarenone,COC1=C(OC)C(=O)C(C\C=C(/C)CC\C=C(/C)CC\C=C(/C)CC\C=C(/C)CC\C=C(/C)CC\C=C(/C)CC\C=C(/C)CC\C=C(/C)CC\C=C(/C)CCC=C(C)C)=C(C)C1=O,ACTIUHUUMQJHFO-UPTCCGCDSA-N,303-98-0,DrugCentral,FDA_Approved.csv (current) + structures.smiles.tsv (2021_09_01),2026-07-29
4612,protocatechualdehyde,OC1=C(O)C=C(C=O)C=C1,IBGBGRVKPALMCQ-UHFFFAOYSA-N,139-85-5,DrugCentral,FDA_Approved.csv (current) + structures.smiles.tsv (2021_09_01),2026-07-29
4617,lycopene,CC(C)=CCC\C(C)=C\C=C\C(\C)=C\C=C\C(\C)=C\C=C\C=C(/C)\C=C\C=C(/C)\C=C\C=C(/C)CCC=C(C)C,OAIJSZIZWZSQBC-GYZMGTAESA-N,502-65-8,DrugCentral,FDA_Approved.csv (current) + structures.smiles.tsv (2021_09_01),2026-07-29
4620,diacetyl benzoyl lathyrol,C[C@H]1C[C@@]2(OC(C)=O)[C@H]([C@H]1OC(=O)C1=CC=CC=C1)[C@@H](OC(C)=O)C(=C)CC[C@H]1[C@@H](\C=C(C)\C2=O)C1(C)C,JPYYWXPAHJBKJX-VWSFRBHVSA-N,218916-52-0,DrugCentral,FDA_Approved.csv (current) + structures.smiles.tsv (2021_09_01),2026-07-29
4613,polydatin,OC[C@H]1O[C@@H](OC2=CC(\C=C\C3=CC=C(O)C=C3)=CC(O)=C2)[C@H](O)[C@@H](O)[C@@H]1O,HSTZMXCBWJGKHG-CUYWLFDKSA-N,27208-80-6,DrugCentral,FDA_Approved.csv (current) + structures.smiles.tsv (2021_09_01),2026-07-29
4665,brilliant green,CCN(CC)C1=CC=C(C=C1)C(C1=CC=CC=C1)=C1C=CC(C=C1)=[N+](CC)CC,HXCILVUBKWANLN-UHFFFAOYSA-N,633-03-4,DrugCentral,FDA_Approved.csv (current) + structures.smiles.tsv (2021_09_01),2026-07-29
4650,dimyristoylphosphatidylglycerol,CCCCCCCCCCCCCC(=O)OCC(COP(O)(=O)OCC(O)CO)OC(=O)CCCCCCCCCCCCC,BPHQZTVXXXJVHI-UHFFFAOYSA-N,61361-72-6,DrugCentral,FDA_Approved.csv (current) + structures.smiles.tsv (2021_09_01),2026-07-29
4661,creatine,CN(CC(O)=O)C(N)=N,CVSVTCORWBXHQV-UHFFFAOYSA-N,57-00-1,DrugCentral,FDA_Approved.csv (current) + structures.smiles.tsv (2021_09_01),2026-07-29
4677,omacetaxine mepesuccinate,COC(=O)C[C@](O)(CCCC(C)(C)O)C(=O)O[C@H]1[C@H]2C3=C(CCN4CCC[C@]24C=C1OC)C=C1OCOC1=C3,HYFHYPWGAURHIV-JFIAXGOJSA-N,26833-87-4,DrugCentral,FDA_Approved.csv (current) + structures.smiles.tsv (2021_09_01),2026-07-29
632,cyclacillin,CC1(C)S[C@@H]2[C@H](NC(=O)C3(N)CCCCC3)C(=O)N2[C@H]1C(O)=O,HGBLNBBNRORJKI-WCABBAIRSA-N,3485-14-1,DrugCentral,FDA_Approved.csv (current) + structures.smiles.tsv (2021_09_01),2026-07-29
5298,sarecycline,CON(C)CC1=CC=C(O)C2=C1C[C@H]1C[C@H]3[C@H](N(C)C)C(O)=C(C(N)=O)C(=O)[C@@]3(O)C(O)=C1C2=O,PQJQFLNBMSCUSH-SBAJWEJLSA-N,1035654-66-0,DrugCentral,FDA_Approved.csv (current) + structures.smiles.tsv (2021_09_01),2026-07-29
5299,omadacycline,CN(C)[C@H]1[C@@H]2C[C@@H]3CC4=C(C(O)=C(CNCC(C)(C)C)C=C4N(C)C)C(=O)C3=C(O)[C@]2(O)C(=O)C(C(N)=O)=C1O,JEECQCWWSTZDCK-IQZGDKDPSA-N,389139-89-3,DrugCentral,FDA_Approved.csv (current) + structures.smiles.tsv (2021_09_01),2026-07-29
5410,clascoterone,CCC(=O)O[C@@]1(CC[C@@H]2[C@@]1(CC[C@H]3[C@H]2CCC4=CC(=O)CC[C@]34C)C)C(=O)CO,GPNHMOZDMYNCPO-PDUMRIMRSA-N,19608-29-8,DrugCentral,FDA_Approved.csv (current) + structures.smiles.tsv (2021_09_01),2026-07-29
279,aztreonam,C[C@H]1[C@H](NC(=O)C(=N/OC(C)(C)C(O)=O)\C2=CSC(N)=N2)C(=O)N1S(O)(=O)=O,WZPBZJONDBGPKJ-VEHQQRBSSA-N,78110-38-0,DrugCentral,FDA_Approved.csv (current) + structures.smiles.tsv (2021_09_01),2026-07-29
4061,timolol,CC(C)(C)NC[C@H](O)COC1=NSN=C1N1CCOCC1,BLJRIMJGRPQVNF-JTQLQIEISA-N,26839-75-8,DrugCentral,FDA_Approved.csv (current) + structures.smiles.tsv (2021_09_01),2026-07-29
826,dexamethasone acetate,C[C@@H]1C[C@H]2[C@@H]3CCC4=CC(=O)C=C[C@]4(C)[C@@]3(F)[C@@H](O)C[C@]2(C)[C@@]1(O)C(=O)COC(C)=O,AKUJBENLRBOFTD-RPRRAYFGSA-N,1177-87-3,DrugCentral,FDA_Approved.csv (current) + structures.smiles.tsv (2021_09_01),2026-07-29
1392,hydroflumethiazide,NS(=O)(=O)C1=CC2=C(NCNS2(=O)=O)C=C1C(F)(F)F,DMDGGSIALPNSEE-UHFFFAOYSA-N,135-09-1,DrugCentral,FDA_Approved.csv (current) + structures.smiles.tsv (2021_09_01),2026-07-29
465,calcipotriene,C[C@H](\C=C\[C@@H](O)C1CC1)[C@H]1CC[C@H]2\C(CCC[C@]12C)=C\C=C1\C[C@@H](O)C[C@H](O)C1=C,LWQQLNNNIPYSNX-UROSTWAQSA-N,112965-21-6,DrugCentral,FDA_Approved.csv (current) + structures.smiles.tsv (2021_09_01),2026-07-29
1009,enflurane,FC(F)OC(F)(F)C(F)Cl,JPGQOUSTVILISH-UHFFFAOYSA-N,13838-16-9,DrugCentral,FDA_Approved.csv (current) + structures.smiles.tsv (2021_09_01),2026-07-29
1740,metharbital,CCC1(CC)C(=O)NC(=O)N(C)C1=O,FWJKNZONDWOGMI-UHFFFAOYSA-N,50-11-3,DrugCentral,FDA_Approved.csv (current) + structures.smiles.tsv (2021_09_01),2026-07-29
520,carteolol,CC(C)(C)NCC(O)COC1=C2CCC(=O)NC2=CC=C1,LWAFSWPYPHEXKX-UHFFFAOYSA-N,51781-06-7,DrugCentral,FDA_Approved.csv (current) + structures.smiles.tsv (2021_09_01),2026-07-29
1662,medrysone,C[C@H]1C[C@H]2[C@@H]3CC[C@H](C(C)=O)[C@@]3(C)C[C@H](O)[C@@H]2[C@@]2(C)CCC(=O)C=C12,GZENKSODFLBBHQ-ILSZZQPISA-N,2668-66-8,DrugCentral,FDA_Approved.csv (current) + structures.smiles.tsv (2021_09_01),2026-07-29
1613,loxapine,CN1CCN(CC1)C1=NC2=C(OC3=CC=C(Cl)C=C13)C=CC=C2,XJGVXQDUIWGIRW-UHFFFAOYSA-N,1977-10-2,DrugCentral,FDA_Approved.csv (current) + structures.smiles.tsv (2021_09_01),2026-07-29
150,amcinonide,CC(=O)OCC(=O)[C@@]12OC3(CCCC3)O[C@@H]1C[C@H]1[C@@H]3CCC4=CC(=O)C=C[C@]4(C)[C@@]3(F)[C@@H](O)C[C@]21C,ILKJAFIWWBXGDU-MOGDOJJUSA-N,51022-69-6,DrugCentral,FDA_Approved.csv (current) + structures.smiles.tsv (2021_09_01),2026-07-29
341,bepotastine,OC(=O)CCCN1CCC(CC1)O[C@@H](C1=CC=C(Cl)C=C1)C1=CC=CC=N1,YWGDOWXRIALTES-NRFANRHFSA-N,125602-71-3,DrugCentral,FDA_Approved.csv (current) + structures.smiles.tsv (2021_09_01),2026-07-29
566,cefuroxime axetil,CO\N=C(/C(=O)N[C@H]1[C@H]2SCC(COC(N)=O)=C(N2C1=O)C(=O)OC(C)OC(C)=O)C1=CC=CO1,KEJCWVGMRLCZQQ-YJBYXUATSA-N,64544-07-6,DrugCentral,FDA_Approved.csv (current) + structures.smiles.tsv (2021_09_01),2026-07-29
605,chloroprocaine,CCN(CC)CCOC(=O)C1=C(Cl)C=C(N)C=C1,VDANGULDQQJODZ-UHFFFAOYSA-N,133-16-4,DrugCentral,FDA_Approved.csv (current) + structures.smiles.tsv (2021_09_01),2026-07-29
957,doxercalciferol,CC(C)[C@@H](C)\C=C\[C@@H](C)[C@H]1CC[C@H]2\C(CCC[C@]12C)=C\C=C1\C[C@@H](O)C[C@H](O)C1=C,HKXBNHCUPKIYDM-CGMHZMFXSA-N,54573-75-0,DrugCentral,FDA_Approved.csv (current) + structures.smiles.tsv (2021_09_01),2026-07-29
1247,fosphenytoin,OP(O)(=O)OCN1C(=O)NC(C1=O)(C1=CC=CC=C1)C1=CC=CC=C1,XWLUWCNOOVRFPX-UHFFFAOYSA-N,93390-81-9,DrugCentral,FDA_Approved.csv (current) + structures.smiles.tsv (2021_09_01),2026-07-29
1349,ulobetasol propionate,CCC(=O)O[C@@]1([C@@H](C)C[C@H]2[C@@H]3C[C@H](F)C4=CC(=O)C=C[C@]4(C)[C@@]3(F)[C@@H](O)C[C@]12C)C(=O)CCl,BDSYKGHYMJNPAB-LICBFIPMSA-N,66852-54-8,DrugCentral,FDA_Approved.csv (current) + structures.smiles.tsv (2021_09_01),2026-07-29
1611,loteprednol etabonate,CCOC(=O)O[C@@]1(CC[C@H]2[C@@H]3CCC4=CC(=O)C=C[C@]4(C)[C@H]3[C@@H](O)C[C@]12C)C(=O)OCCl,DMKSVUSAATWOCU-HROMYWEYSA-N,82034-46-6,DrugCentral,FDA_Approved.csv (current) + structures.smiles.tsv (2021_09_01),2026-07-29
1933,nilutamide,CC1(C)NC(=O)N(C1=O)C1=CC(=C(C=C1)[N+]([O-])=O)C(F)(F)F,XWXYUMMDTVBTOU-UHFFFAOYSA-N,63612-50-0,DrugCentral,FDA_Approved.csv (current) + structures.smiles.tsv (2021_09_01),2026-07-29
2066,paricalcitol,C[C@H](\C=C\[C@H](C)C(C)(C)O)[C@H]1CC[C@H]2\C(CCC[C@]12C)=C\C=C1C[C@@H](O)C[C@H](O)C1,BPKAHTKRCLCHEA-UBFJEZKGSA-N,131918-61-1,DrugCentral,FDA_Approved.csv (current) + structures.smiles.tsv (2021_09_01),2026-07-29
2713,tranexamic acid,NC[C@H]1CC[C@@H](CC1)C(O)=O,GYDJEQRTZSCIOI-LJGSYFOKSA-N,1197-18-8,DrugCentral,FDA_Approved.csv (current) + structures.smiles.tsv (2021_09_01),2026-07-29
3016,oxybuprocaine,CCCCOC1=C(N)C=CC(=C1)C(=O)OCCN(CC)CC,CMHHMUWAYWTMGS-UHFFFAOYSA-N,99-43-4,DrugCentral,FDA_Approved.csv (current) + structures.smiles.tsv (2021_09_01),2026-07-29
4113,prasugrel,CC(=O)OC1=CC2=C(CCN(C2)C(C(=O)C2CC2)C2=C(F)C=CC=C2)S1,DTGLZDAWLRGWQN-UHFFFAOYSA-N,150322-43-3,DrugCentral,FDA_Approved.csv (current) + structures.smiles.tsv (2021_09_01),2026-07-29
4180,fidaxomicin,CC[C@H]1\C=C(C)\[C@@H](O)C\C=C\C=C(CO[C@@H]2O[C@H](C)[C@@H](OC(=O)C3=C(CC)C(Cl)=C(O)C(Cl)=C3O)[C@H](O)[C@@H]2OC)\C(=O)O[C@@H](C\C=C(/C)\C=C(C)\[C@@H]1O[C@@H]1OC(C)(C)[C@@H](OC(=O)C(C)C)[C@H](O)[C@@H]1O)[C@@H](C)O,ZVGNESXIJDCBKN-UUEYKCAUSA-N,873857-62-6,DrugCentral,FDA_Approved.csv (current) + structures.smiles.tsv (2021_09_01),2026-07-29
4493,alclometasone dipropionate,CCC(=O)OCC(=O)[C@@]1(OC(=O)CC)[C@H](C)C[C@H]2[C@@H]3[C@H](Cl)CC4=CC(=O)C=C[C@]4(C)[C@H]3[C@@H](O)C[C@]12C,DJHCCTTVDRAMEH-DUUJBDRPSA-N,66734-13-2,DrugCentral,FDA_Approved.csv (current) + structures.smiles.tsv (2021_09_01),2026-07-29
4470,fosaprepitant,C[C@@H](O[C@H]1OCCN(CC2=NN(C(=O)N2)P(O)(O)=O)[C@H]1C1=CC=C(F)C=C1)C1=CC(=CC(=C1)C(F)(F)F)C(F)(F)F,BARDROPHSZEBKC-OITMNORJSA-N,172673-20-0,DrugCentral,FDA_Approved.csv (current) + structures.smiles.tsv (2021_09_01),2026-07-29
5010,lumacaftor,CC1=CC=C(NC(=O)C2(CC2)C2=CC=C3OC(F)(F)OC3=C2)N=C1C1=CC=CC(=C1)C(O)=O,UFSKUSARDNFIRC-UHFFFAOYSA-N,936727-05-8,DrugCentral,FDA_Approved.csv (current) + structures.smiles.tsv (2021_09_01),2026-07-29
5027,rolapitant,C[C@@H](OC[C@]1(CC[C@]2(CCC(=O)N2)CN1)C1=CC=CC=C1)C1=CC(=CC(=C1)C(F)(F)F)C(F)(F)F,FIVSJYGQAIEMOC-ZGNKEGEESA-N,552292-08-7,DrugCentral,FDA_Approved.csv (current) + structures.smiles.tsv (2021_09_01),2026-07-29
5300,talazoparib tosylate,CN1N=CN=C1[C@@H]1[C@H](NC2=C3C1=NNC(=O)C3=CC(F)=C2)C1=CC=C(F)C=C1,HWGQMRYQVZSGDQ-HZPDHXFCSA-N,1207456-01-6,DrugCentral,FDA_Approved.csv (current) + structures.smiles.tsv (2021_09_01),2026-07-29
5376,remdesivir,CCC(CC)COC(=O)[C@H](C)N[P@](=O)(OC[C@H]1O[C@](C#N)([C@H](O)[C@@H]1O)C1=CC=C2N1N=CN=C2N)OC1=CC=CC=C1,RWWYLEGWBNMMLJ-YSOARWBDSA-N,1809249-37-3,DrugCentral,FDA_Approved.csv (current) + structures.smiles.tsv (2021_09_01),2026-07-29
3097,choline,C[N+](C)(C)CCO,OEYIOHPDSNJKLS-UHFFFAOYSA-N,62-49-7,DrugCentral,FDA_Approved.csv (current) + structures.smiles.tsv (2021_09_01),2026-07-29
375,bisacodyl,CC(=O)OC1=CC=C(C=C1)C(C1=CC=C(OC(C)=O)C=C1)C1=CC=CC=N1,KHOITXIGCFIULA-UHFFFAOYSA-N,603-50-9,DrugCentral,FDA_Approved.csv (current) + structures.smiles.tsv (2021_09_01),2026-07-29
3658,xylometazoline,CC1=CC(=CC(C)=C1CC1=NCCN1)C(C)(C)C,HUCJFAOMUPXHDK-UHFFFAOYSA-N,526-36-3,DrugCentral,FDA_Approved.csv (current) + structures.smiles.tsv (2021_09_01),2026-07-29
1736,methanthelinium,CC[N+](C)(CC)CCOC(=O)C1C2=CC=CC=C2OC2=C1C=CC=C2,GZHFODJQISUKAY-UHFFFAOYSA-N,5818-17-7,DrugCentral,FDA_Approved.csv (current) + structures.smiles.tsv (2021_09_01),2026-07-29
1116,etretinate,CCOC(=O)\C=C(/C)\C=C\C=C(/C)\C=C\C1=C(C)C(C)=C(OC)C=C1C,HQMNCQVAMBCHCO-DJRRULDNSA-N,54350-48-0,DrugCentral,FDA_Approved.csv (current) + structures.smiles.tsv (2021_09_01),2026-07-29
3070,articaine,CCCNC(C)C(=O)NC1=C(SC=C1C)C(=O)OC,QTGIAADRBBLJGA-UHFFFAOYSA-N,23964-58-1,DrugCentral,FDA_Approved.csv (current) + structures.smiles.tsv (2021_09_01),2026-07-29
4166,ulipristal,CN(C)C1=CC=C(C=C1)[C@H]1C[C@@]2(C)[C@@H](CC[C@]2(OC(C)=O)C(C)=O)[C@@H]2CCC3=CC(=O)CCC3=C12,OOLLAFOLCSJHRE-ZHAKMVSLSA-N,126784-99-4,DrugCentral,FDA_Approved.csv (current) + structures.smiles.tsv (2021_09_01),2026-07-29
2130,phenindione,O=C1C(C(=O)C2=C1C=CC=C2)C1=CC=CC=C1,NFBAXHOPROOJAW-UHFFFAOYSA-N,83-12-5,DrugCentral,FDA_Approved.csv (current) + structures.smiles.tsv (2021_09_01),2026-07-29
1710,mesalazine,NC1=CC(C(O)=O)=C(O)C=C1,KBOPZPXVLCULAV-UHFFFAOYSA-N,89-57-6,DrugCentral,FDA_Approved.csv (current) + structures.smiles.tsv (2021_09_01),2026-07-29
2786,tyrosine,N[C@@H](CC1=CC=C(O)C=C1)C(O)=O,OUYCCCASQSFEME-QMMMGPOBSA-N,60-18-4,DrugCentral,FDA_Approved.csv (current) + structures.smiles.tsv (2021_09_01),2026-07-29
2144,phenylalanine,N[C@@H](CC1=CC=CC=C1)C(O)=O,COLNVLDHVKWLRT-QMMMGPOBSA-N,63-91-2,DrugCentral,FDA_Approved.csv (current) + structures.smiles.tsv (2021_09_01),2026-07-29
4619,levomenol,CC(C)=CCC[C@](C)(O)[C@H]1CCC(C)=CC1,RGZSQWQPBWRIAQ-CABCVRRESA-N,23089-26-1,DrugCentral,FDA_Approved.csv (current) + structures.smiles.tsv (2021_09_01),2026-07-29
186,amodiaquine,CCN(CC)CC1=C(O)C=CC(NC2=CC=NC3=CC(Cl)=CC=C23)=C1,OVCDSSHSILBFBN-UHFFFAOYSA-N,86-42-0,DrugCentral,FDA_Approved.csv (current) + structures.smiles.tsv (2021_09_01),2026-07-29
195,amfetamine,CC(N)CC1=CC=CC=C1,KWTSXDURSIMDCE-UHFFFAOYSA-N,300-62-9,DrugCentral,FDA_Approved.csv (current) + structures.smiles.tsv (2021_09_01),2026-07-29
4128,valine,CC(C)[C@H](N)C(O)=O,KZSNJWFQEVHDMF-BYPYZUCNSA-N,72-18-4,DrugCentral,FDA_Approved.csv (current) + structures.smiles.tsv (2021_09_01),2026-07-29
2523,sulfaphenazole,NC1=CC=C(C=C1)S(=O)(=O)NC1=CC=NN1C1=CC=CC=C1,QWCJHSGMANYXCW-UHFFFAOYSA-N,526-08-9,DrugCentral,FDA_Approved.csv (current) + structures.smiles.tsv (2021_09_01),2026-07-29
875,diethylstilbestrol,CC\C(=C(\CC)C1=CC=C(O)C=C1)C1=CC=C(O)C=C1,RGLYKWWBQGJZGM-ISLYRVAYSA-N,56-53-1,DrugCentral,FDA_Approved.csv (current) + structures.smiles.tsv (2021_09_01),2026-07-29
880,diflunisal,OC(=O)C1=C(O)C=CC(=C1)C1=C(F)C=C(F)C=C1,HUPFGZXOMWLGNK-UHFFFAOYSA-N,22494-42-4,DrugCentral,FDA_Approved.csv (current) + structures.smiles.tsv (2021_09_01),2026-07-29
2036,oxyphenbutazone,CCCCC1C(=O)N(N(C1=O)C1=CC=C(O)C=C1)C1=CC=CC=C1,HFHZKZSRXITVMK-UHFFFAOYSA-N,129-20-4,DrugCentral,FDA_Approved.csv (current) + structures.smiles.tsv (2021_09_01),2026-07-29
4,levobupivacaine,CCCCN1CCCC[C@H]1C(=O)NC1=C(C)C=CC=C1C,LEBVLXFERQHONN-INIZCTEOSA-N,27262-47-1,DrugCentral,FDA_Approved.csv (current) + structures.smiles.tsv (2021_09_01),2026-07-29
30,methoxsalen,COC1=C2OC=CC2=CC2=C1OC(=O)C=C2,QXKHYNVANLEOEG-UHFFFAOYSA-N,298-81-7,DrugCentral,FDA_Approved.csv (current) + structures.smiles.tsv (2021_09_01),2026-07-29
5302,lorlatinib,C[C@H]1OC2=C(N)N=CC(=C2)C2=C(C#N)N(C)N=C2CN(C)C(=O)C2=CC=C(F)C=C12,IIXWYSCJSQVBQM-LLVKDONJSA-N,1454846-35-5,DrugCentral,FDA_Approved.csv (current) + structures.smiles.tsv (2021_09_01),2026-07-29
1780,metixene,CN1CCCC(CC2C3=CC=CC=C3SC3=C2C=CC=C3)C1,MJFJKKXQDNNUJF-UHFFFAOYSA-N,4969-02-2,DrugCentral,FDA_Approved.csv (current) + structures.smiles.tsv (2021_09_01),2026-07-29
1771,methylprednisolone succinate,C[C@H]1C[C@H]2[C@@H]3CC[C@](O)(C(=O)COC(=O)CCC(O)=O)[C@@]3(C)C[C@H](O)[C@@H]2[C@@]2(C)C=CC(=O)C=C12,IMBXEJJVJRTNOW-XYMSELFBSA-N,2921-57-5,DrugCentral,FDA_Approved.csv (current) + structures.smiles.tsv (2021_09_01),2026-07-29
2434,sertaconazole,ClC1=CC(Cl)=C(C=C1)C(CN1C=CN=C1)OCC1=CSC2=C1C=CC=C2Cl,JLGKQTAYUIMGRK-UHFFFAOYSA-N,99592-32-2,DrugCentral,FDA_Approved.csv (current) + structures.smiles.tsv (2021_09_01),2026-07-29
2474,spirapril,CCOC(=O)[C@H](CCC1=CC=CC=C1)N[C@@H](C)C(=O)N1CC2(C[C@H]1C(O)=O)SCCS2,HRWCVUIFMSZDJS-SZMVWBNQSA-N,83647-97-6,DrugCentral,FDA_Approved.csv (current) + structures.smiles.tsv (2021_09_01),2026-07-29
2658,tienilic acid,OC(=O)COC1=C(Cl)C(Cl)=C(C=C1)C(=O)C1=CC=CS1,AGHANLSBXUWXTB-UHFFFAOYSA-N,40180-04-9,DrugCentral,FDA_Approved.csv (current) + structures.smiles.tsv (2021_09_01),2026-07-29
2768,trolamine,OCCN(CCO)CCO,GSEJCLTVZPLZKY-UHFFFAOYSA-N,102-71-6,DrugCentral,FDA_Approved.csv (current) + structures.smiles.tsv (2021_09_01),2026-07-29
2820,viloxazine,CCOC1=CC=CC=C1OCC1CNCCO1,YWPHCCPCQOJSGZ-UHFFFAOYSA-N,46817-91-8,DrugCentral,FDA_Approved.csv (current) + structures.smiles.tsv (2021_09_01),2026-07-29
2835,nicotinic acid,OC(=O)C1=CN=CC=C1,PVNIIMVLHYAWGP-UHFFFAOYSA-N,59-67-6,DrugCentral,FDA_Approved.csv (current) + structures.smiles.tsv (2021_09_01),2026-07-29
2959,lypressin,NCCCC[C@H](NC(=O)[C@@H]1CCCN1C(=O)[C@@H]1CSSC[C@H](N)C(=O)N[C@@H](CC2=CC=C(O)C=C2)C(=O)N[C@@H](CC2=CC=CC=C2)C(=O)N[C@@H](CCC(N)=O)C(=O)N[C@@H](CC(N)=O)C(=O)N1)C(=O)NCC(N)=O,BJFIDCADFRDPIO-DZCXQCEKSA-N,50-57-7,DrugCentral,FDA_Approved.csv (current) + structures.smiles.tsv (2021_09_01),2026-07-29
2878,ziconotide,CSCC[C@@H]1NC(=O)[C@H](CC(C)C)NC(=O)[C@H](CCCNC(N)=N)NC(=O)[C@H](CO)NC(=O)[C@@H]2CSSC[C@@H]3NC(=O)[C@H](CO)NC(=O)CNC(=O)[C@@H](NC(=O)[C@H](CSSC[C@H](N)C(=O)N[C@@H](CCCCN)C(=O)NCC(=O)N[C@@H](CCCCN)C(=O)NCC(=O)N[C@@H](C)C(=O)N[C@@H](CCCCN)C(=O)N2)NC(=O)[C@H](CSSC[C@H](NC(=O)[C@H](CCCCN)NC(=O)CNC(=O)[C@H](CO)NC(=O)[C@H](CCCNC(N)=N)NC3=O)C(N)=O)NC(=O)[C@H](CC(O)=O)NC(=O)[C@H](CC2=CC=C(O)C=C2)NC1=O)[C@@H](C)O,BPKIMPVREBSLAJ-QTBYCLKRSA-N,107452-89-1,DrugCentral,FDA_Approved.csv (current) + structures.smiles.tsv (2021_09_01),2026-07-29
5442,trilaciclib,CN1CCN(CC1)C2=CN=C(C=C2)NC3=NC=C4C=C5C(=O)NCC6(N5C4=N3)CCCCC6,PDGKHKMBHVFCMG-UHFFFAOYSA-N,1374743-00-6,DrugCentral,FDA_Approved.csv (current) + structures.smiles.tsv (2021_09_01),2026-07-29
4186,icatibant,N[C@H](CCCNC(N)=N)C(=O)N[C@@H](CCCNC(N)=N)C(=O)N1CCC[C@H]1C(=O)N1C[C@H](O)C[C@H]1C(=O)NCC(=O)N[C@@H](CC1=CC=CS1)C(=O)N[C@@H](CO)C(=O)N1CC2=C(C[C@@H]1C(=O)N1[C@H]3CCCC[C@H]3C[C@H]1C(=O)N[C@@H](CCCNC(N)=N)C(O)=O)C=CC=C2,QURWXBZNHXJZBE-SKXRKSCCSA-N,130308-48-4,DrugCentral,FDA_Approved.csv (current) + structures.smiles.tsv (2021_09_01),2026-07-29
4187,crizotinib,C[C@@H](OC1=C(N)N=CC(=C1)C1=CN(N=C1)C1CCNCC1)C1=C(Cl)C=CC(F)=C1Cl,KTEIFNKAUNYNJU-GFCCVEGCSA-N,877399-52-5,DrugCentral,FDA_Approved.csv (current) + structures.smiles.tsv (2021_09_01),2026-07-29
4192,tafamidis,OC(=O)C1=CC2=C(C=C1)N=C(O2)C1=CC(Cl)=CC(Cl)=C1,TXEIIPDJKFWEEC-UHFFFAOYSA-N,594839-88-0,DrugCentral,FDA_Approved.csv (current) + structures.smiles.tsv (2021_09_01),2026-07-29
4226,ingenol mebutate,C\C=C(\C)C(=O)O[C@H]1C(C)=C[C@@]23[C@H](C)C[C@@H]4[C@H]([C@H](C=C(CO)[C@@H](O)[C@]12O)C3=O)C4(C)C,VDJHFHXMUKFKET-WDUFCVPESA-N,75567-37-2,DrugCentral,FDA_Approved.csv (current) + structures.smiles.tsv (2021_09_01),2026-07-29
4305,avanafil,COC1=C(Cl)C=C(CNC2=NC(=NC=C2C(=O)NCC2=NC=CC=N2)N2CCC[C@H]2CO)C=C1,WEAJZXNPAWBCOA-INIZCTEOSA-N,330784-47-9,DrugCentral,FDA_Approved.csv (current) + structures.smiles.tsv (2021_09_01),2026-07-29
4329,pasireotide,NCCCC[C@@H]1NC(=O)[C@@H](CC2=CNC3=C2C=CC=C3)NC(=O)C(NC(=O)[C@@H]2C[C@H](CN2C(=O)[C@H](CC2=CC=CC=C2)NC(=O)[C@H](CC2=CC=C(OCC3=CC=CC=C3)C=C2)NC1=O)OC(=O)NCCN)C1=CC=CC=C1,VMZMNAABQBOLAK-SLLFKNDXSA-N,396091-73-9,DrugCentral,FDA_Approved.csv (current) + structures.smiles.tsv (2021_09_01),2026-07-29
4359,bosutinib,COC1=CC2=C(C=C1OCCCN1CCN(C)CC1)N=CC(C#N)=C2NC1=CC(OC)=C(Cl)C=C1Cl,UBPYILGKFZZVDX-UHFFFAOYSA-N,380843-75-4,DrugCentral,FDA_Approved.csv (current) + structures.smiles.tsv (2021_09_01),2026-07-29
4484,aclidinium bromide,OC(C(=O)O[C@H]1C[N+]2(CCCOC3=CC=CC=C3)CCC1CC2)(C1=CC=CS1)C1=CC=CS1,ASMXXROZKSBQIH-VITNCHFBSA-N,320345-99-1,DrugCentral,FDA_Approved.csv (current) + structures.smiles.tsv (2021_09_01),2026-07-29
4653,chloramphenicol succinate,O[C@@H]([C@@H](COC(=O)CCC(O)=O)NC(=O)C(Cl)Cl)C1=CC=C(C=C1)[N+]([O-])=O,LIRCDOVJWUGTMW-ZWNOBZJWSA-N,982-57-0,DrugCentral,FDA_Approved.csv (current) + structures.smiles.tsv (2021_09_01),2026-07-29
4836,afamelanotide,CCCC[C@H](NC(=O)[C@H](CO)NC(=O)[C@H](CC1=CC=C(O)C=C1)NC(=O)[C@H](CO)NC(C)=O)C(=O)N[C@@H](CCC(O)=O)C(=O)N[C@@H](CC1=CNC=N1)C(=O)N[C@@H](CC1=CC=CC=C1)C(=O)N[C@@H](CCCNC(N)=N)C(=O)N[C@@H](CC1=CNC2=C1C=CC=C2)C(=O)NCC(=O)N[C@@H](CCCCN)C(=O)N1CCC[C@H]1C(=O)N[C@@H](C(C)C)C(N)=O,UAHFGYDRQSXQEB-PWPYQVNISA-N,75921-69-6,DrugCentral,FDA_Approved.csv (current) + structures.smiles.tsv (2021_09_01),2026-07-29
4866,ceritinib,CC(C)OC1=C(NC2=NC=C(Cl)C(NC3=C(C=CC=C3)S(=O)(=O)C(C)C)=N2)C=C(C)C(=C1)C1CCNCC1,VERWOWGGCGHDQE-UHFFFAOYSA-N,1032900-25-6,DrugCentral,FDA_Approved.csv (current) + structures.smiles.tsv (2021_09_01),2026-07-29
5440,cabotegravir,C[C@H]1CO[C@H]2N1C(=O)C3=C(C(=O)C(=CN3C2)C(=O)NCC4=C(C=C(C=C4)F)F)O,WCWSTNLSLKSJPK-LKFCYVNXSA-N,1051375-10-0,DrugCentral,FDA_Approved.csv (current) + structures.smiles.tsv (2021_09_01),2026-07-29
5280,fostamatinib,COC1=CC(NC2=NC(NC3=CC=C4OC(C)(C)C(=O)N(COP(O)(O)=O)C4=N3)=C(F)C=N2)=CC(OC)=C1OC,GKDRMWXFWHEQQT-UHFFFAOYSA-N,901119-35-5,DrugCentral,FDA_Approved.csv (current) + structures.smiles.tsv (2021_09_01),2026-07-29
5296,duvelisib,C[C@H](NC1=NC=NC2=C1N=CN2)C1=CC2=C(C(Cl)=CC=C2)C(=O)N1C1=CC=CC=C1,SJVQHLPISAIATJ-ZDUSSCGKSA-N,1201438-56-3,DrugCentral,FDA_Approved.csv (current) + structures.smiles.tsv (2021_09_01),2026-07-29
5353,zanubrutinib,NC(=O)C1=C2NCC[C@@H](C3CCN(CC3)C(=O)C=C)N2N=C1C1=CC=C(OC2=CC=CC=C2)C=C1,RNOAOAWBMHREKO-QFIPXVFZSA-N,1691249-45-2,DrugCentral,FDA_Approved.csv (current) + structures.smiles.tsv (2021_09_01),2026-07-29
5392,capmatinib,CNC(=O)C1=C(C=C(C=C1)C2=NN3C(=CN=C3N=C2)CC4=CC5=C(C=C4)N=CC=C5)F,LIOLIMKSCNQPLV-UHFFFAOYSA-N,1029712-80-8,DrugCentral,FDA_Approved.csv (current) + structures.smiles.tsv (2021_09_01),2026-07-29
5412,pralsetinib,CC1=CC(=NN1)NC2=NC(=NC(=C2)C)C3CCC(CC3)(C(=O)N[C@@H](C)C4=CN=C(C=C4)N5C=C(C=N5)F)OC,GBLBJPZSROAGMF-SIYOEGHHSA-N,2097132-94-8,DrugCentral,FDA_Approved.csv (current) + structures.smiles.tsv (2021_09_01),2026-07-29
5424,tepotinib,CN1CCC(CC1)COC2=CN=C(N=C2)C3=CC=CC(=C3)CN4C(=O)C=CC(=N4)C5=CC=CC(=C5)C#N,AHYMHWXQRWRBKT-UHFFFAOYSA-N,1100598-32-0,DrugCentral,FDA_Approved.csv (current) + structures.smiles.tsv (2021_09_01),2026-07-29
916,diphenhydramine,CN(C)CCOC(C1=CC=CC=C1)C1=CC=CC=C1,ZZVUWRFHKOJYTH-UHFFFAOYSA-N,58-73-1,DrugCentral,FDA_Approved.csv (current) + structures.smiles.tsv (2021_09_01),2026-07-29
5429,gallium (68Ga) gozetotide,[H+].C1=CC(=C(C=C1CCC(=O)NCCCCCC(=O)NCCCC[C@@H](C(=O)O)NC(=O)N[C@@H](CCC(=O)O)C(=O)O)CN(CCN(CC2=C(C=CC(=C2)CCC(=O)O)[O-])CC(=O)[O-])CC(=O)[O-])[O-].[68Ga+3],AEBYHKKMCWUMKX-LNTZDJBBSA-K,1906894-20-9,DrugCentral,FDA_Approved.csv (current) + structures.smiles.tsv (2021_09_01),2026-07-29
5431,tirbanibulin,C1COCCN1CCOC2=CC=C(C=C2)C3=CN=C(C=C3)CC(=O)NCC4=CC=CC=C4,HUNGUWOZPQBXGX-UHFFFAOYSA-N,897016-82-9,DrugCentral,FDA_Approved.csv (current) + structures.smiles.tsv (2021_09_01),2026-07-29
39,acarbose,C[C@H]1O[C@H](O[C@@H]2[C@@H](CO)O[C@H](O[C@@H]3[C@@H](CO)OC(O)[C@H](O)[C@H]3O)[C@H](O)[C@H]2O)[C@H](O)[C@@H](O)[C@@H]1N[C@H]1C=C(CO)[C@@H](O)[C@H](O)[C@H]1O,XUFXOAAUWZOOIT-UGEKTDRHSA-N,56180-94-0,DrugCentral,FDA_Approved.csv (current) + structures.smiles.tsv (2021_09_01),2026-07-29
35,abarelix,CC(C)C[C@H](NC(=O)[C@@H](CC(N)=O)NC(=O)[C@H](CC1=CC=C(O)C=C1)N(C)C(=O)[C@H](CO)NC(=O)[C@@H](CC1=CN=CC=C1)NC(=O)[C@@H](CC1=CC=C(Cl)C=C1)NC(=O)[C@@H](CC1=CC=C2C=CC=CC2=C1)NC(C)=O)C(=O)N[C@@H](CCCCNC(C)C)C(=O)N1CCC[C@H]1C(=O)N[C@H](C)C(N)=O,AIWRTTMUVOZGPW-HSPKUQOVSA-N,183552-38-7,DrugCentral,FDA_Approved.csv (current) + structures.smiles.tsv (2021_09_01),2026-07-29
78,acitretin,COC1=C(C)C(C)=C(\C=C\C(\C)=C\C=C\C(\C)=C\C(O)=O)C(C)=C1,IHUNBGSDBOWDMA-AQFIFDHZSA-N,55079-83-9,DrugCentral,FDA_Approved.csv (current) + structures.smiles.tsv (2021_09_01),2026-07-29
24,phenylbutanoic acid,OC(=O)CCCC1=CC=CC=C1,OBKXEAXTFZPCHS-UHFFFAOYSA-N,1821-12-1,DrugCentral,FDA_Approved.csv (current) + structures.smiles.tsv (2021_09_01),2026-07-29
223,octatropine methylbromide,CCCC(CCC)C(=O)O[C@@H]1C[C@@H]2CC[C@H](C1)[N+]2(C)C,XGGHHHBGPSNXFE-ZSHCYNCHSA-N,80-50-2,DrugCentral,FDA_Approved.csv (current) + structures.smiles.tsv (2021_09_01),2026-07-29
1726,methacholine,CC(C[N+](C)(C)C)OC(C)=O,NZWOPGCLSHLLPA-UHFFFAOYSA-N,55-92-5,DrugCentral,FDA_Approved.csv (current) + structures.smiles.tsv (2021_09_01),2026-07-29
1744,meticillin,COC1=CC=CC(OC)=C1C(=O)N[C@H]1[C@H]2SC(C)(C)[C@@H](N2C1=O)C(O)=O,RJQXTJLFIWVMTO-TYNCELHUSA-N,61-32-5,DrugCentral,FDA_Approved.csv (current) + structures.smiles.tsv (2021_09_01),2026-07-29
1748,methohexital,CCC#CC(C)C1(CC=C)C(=O)NC(=O)N(C)C1=O,NZXKDOXHBHYTKP-UHFFFAOYSA-N,151-83-7,DrugCentral,FDA_Approved.csv (current) + structures.smiles.tsv (2021_09_01),2026-07-29
2524,sulfapyridine,NC1=CC=C(C=C1)S(=O)(=O)NC1=CC=CC=N1,GECHUMIMRBOMGK-UHFFFAOYSA-N,144-83-2,DrugCentral,FDA_Approved.csv (current) + structures.smiles.tsv (2021_09_01),2026-07-29
3333,meclocycline,CN(C)[C@H]1[C@@H]2[C@@H](O)[C@@H]3C(=C)C4=C(C(O)=CC=C4Cl)C(=O)C3=C(O)[C@]2(O)C(=O)C(C(N)=O)=C1O,GGQJXCQBBONZFX-IWVLMIASSA-N,2013-58-3,DrugCentral,FDA_Approved.csv (current) + structures.smiles.tsv (2021_09_01),2026-07-29
3356,methyltestosterone,C[C@]1(O)CC[C@H]2[C@@H]3CCC4=CC(=O)CC[C@]4(C)[C@H]3CC[C@]12C,GCKMFJBGXUYNAG-HLXURNFRSA-N,58-18-4,DrugCentral,FDA_Approved.csv (current) + structures.smiles.tsv (2021_09_01),2026-07-29
3408,oxiconazole,ClC1=CC(Cl)=C(CO\N=C(/CN2C=CN=C2)C2=C(Cl)C=C(Cl)C=C2)C=C1,QRJJEGAJXVEBNE-HKOYGPOVSA-N,64211-45-6,DrugCentral,FDA_Approved.csv (current) + structures.smiles.tsv (2021_09_01),2026-07-29
5401,fostemsavir,CC1=NN(C=N1)C2=NC=C(C3=C2N(C=C3C(=O)C(=O)N4CCN(CC4)C(=O)C5=CC=CC=C5)COP(=O)(O)O)OC,SWMDAPWAQQTBOG-UHFFFAOYSA-N,864953-29-7,DrugCentral,FDA_Approved.csv (current) + structures.smiles.tsv (2021_09_01),2026-07-29
5406,oliceridine,COC1=C(SC=C1)CNCC[C@]2(CCOC3(C2)CCCC3)C4=CC=CC=N4,DMNOVGJWPASQDL-OAQYLSRUSA-N,1401028-24-7,DrugCentral,FDA_Approved.csv (current) + structures.smiles.tsv (2021_09_01),2026-07-29
5414,lonafarnib,C1CN(CCC1CC(=O)N2CCC(CC2)[C@@H]3C4=C(CCC5=C3N=CC(=C5)Br)C=C(C=C4Br)Cl)C(=O)N,DHMTURDWPRKSOA-RUZDIDTESA-N,193275-84-2,DrugCentral,FDA_Approved.csv (current) + structures.smiles.tsv (2021_09_01),2026-07-29
40,acebutolol,CCCC(=O)NC1=CC(C(C)=O)=C(OCC(O)CNC(C)C)C=C1,GOEMGAFJFRBGGG-UHFFFAOYSA-N,37517-30-9,DrugCentral,FDA_Approved.csv (current) + structures.smiles.tsv (2021_09_01),2026-07-29
5439,vericiguat,COC(=O)NC1=C(N=C(N=C1N)C2=NN(C3=C2C=C(C=N3)F)CC4=CC=CC=C4F)N,QZFHIXARHDBPBY-UHFFFAOYSA-N,1350653-20-1,DrugCentral,FDA_Approved.csv (current) + structures.smiles.tsv (2021_09_01),2026-07-29
5446,ponesimod,CCCN=C1N(C(=O)/C(=C/C2=CC(=C(C=C2)OC[C@@H](CO)O)Cl)/S1)C3=CC=CC=C3C,LPAUOXUZGSBGDU-ULCCENQXSA-N,854107-55-4,DrugCentral,FDA_Approved.csv (current) + structures.smiles.tsv (2021_09_01),2026-07-29
5450,estetrol,C[C@]12CC[C@H]3[C@H]([C@@H]1[C@H]([C@H]([C@@H]2O)O)O)CCC4=C3C=CC(=C4)O,AJIPIJNNOJSSQC-NYLIRDPKSA-N,15183-37-6,DrugCentral,FDA_Approved.csv (current) + structures.smiles.tsv (2021_09_01),2026-07-29
5462,ibrexafungerp,C[C@H](C(C)C)[C@]1(CC[C@@]2([C@H]3CC[C@H]4[C@]5(COC[C@]4(C3=CC[C@]2([C@@H]1C(=O)O)C)C[C@H]([C@@H]5OC[C@@](C)(C(C)(C)C)N)N6C(=NC=N6)C7=CC=NC=C7)C)C)C,BODYFEUFKHPRCK-ZCZMVWJSSA-N,1207753-03-4,DrugCentral,FDA_Approved.csv (current) + structures.smiles.tsv (2021_09_01),2026-07-29
52,paracetamol,CC(=O)NC1=CC=C(O)C=C1,RZVAJINKPMORJF-UHFFFAOYSA-N,103-90-2,DrugCentral,FDA_Approved.csv (current) + structures.smiles.tsv (2021_09_01),2026-07-29
85,acyclovir,NC1=NC2=C(N=CN2COCCO)C(=O)N1,MKUXAQIIEYXACX-UHFFFAOYSA-N,59277-89-3,DrugCentral,FDA_Approved.csv (current) + structures.smiles.tsv (2021_09_01),2026-07-29
88,adefovir dipivoxil,CC(C)(C)C(=O)OCOP(=O)(COCCN1C=NC2=C1N=CN=C2N)OCOC(=O)C(C)(C)C,WOZSCQDILHKSGG-UHFFFAOYSA-N,142340-99-6,DrugCentral,FDA_Approved.csv (current) + structures.smiles.tsv (2021_09_01),2026-07-29
114,alfentanil,CCN1N=NN(CCN2CCC(COC)(CC2)N(C(=O)CC)C2=CC=CC=C2)C1=O,IDBPHNDTYPBSNI-UHFFFAOYSA-N,71195-58-9,DrugCentral,FDA_Approved.csv (current) + structures.smiles.tsv (2021_09_01),2026-07-29
2122,phendimetrazine,C[C@H]1[C@@H](OCCN1C)C1=CC=CC=C1,MFOCDFTXLCYLKU-CMPLNLGQSA-N,634-03-7,DrugCentral,FDA_Approved.csv (current) + structures.smiles.tsv (2021_09_01),2026-07-29
115,alfuzosin,COC1=C(OC)C=C2C(N)=NC(=NC2=C1)N(C)CCCNC(=O)C1CCCO1,WNMJYKCGWZFFKR-UHFFFAOYSA-N,81403-80-7,DrugCentral,FDA_Approved.csv (current) + structures.smiles.tsv (2021_09_01),2026-07-29
119,aliskiren,COCCCOC1=C(OC)C=CC(C[C@@H](C[C@H](N)[C@@H](O)C[C@@H](C(C)C)C(=O)NCC(C)(C)C(N)=O)C(C)C)=C1,UXOWGYHJODZGMF-QORCZRPOSA-N,173334-57-1,DrugCentral,FDA_Approved.csv (current) + structures.smiles.tsv (2021_09_01),2026-07-29
128,almotriptan,CN(C)CCC1=CNC2=C1C=C(CS(=O)(=O)N1CCCC1)C=C2,WKEMJKQOLOHJLZ-UHFFFAOYSA-N,154323-57-6,DrugCentral,FDA_Approved.csv (current) + structures.smiles.tsv (2021_09_01),2026-07-29
129,alosetron,CN1C2=C(C3=C1C=CC=C3)C(=O)N(CC1=C(C)N=CN1)CC2,JSWZEAMFRNKZNL-UHFFFAOYSA-N,122852-42-0,DrugCentral,FDA_Approved.csv (current) + structures.smiles.tsv (2021_09_01),2026-07-29
136,alprazolam,CC1=NN=C2CN=C(C3=CC=CC=C3)C3=CC(Cl)=CC=C3N12,VREFGVBLTWBCJP-UHFFFAOYSA-N,28981-97-7,DrugCentral,FDA_Approved.csv (current) + structures.smiles.tsv (2021_09_01),2026-07-29
138,alprostadil,CCCCC[C@H](O)\C=C\[C@H]1[C@H](O)CC(=O)[C@@H]1CCCCCCC(O)=O,GMVPRGQOIOIIMI-DWKJAMRDSA-N,745-65-3,DrugCentral,FDA_Approved.csv (current) + structures.smiles.tsv (2021_09_01),2026-07-29
143,alvimopan,C[C@H]1CN(C[C@H](CC2=CC=CC=C2)C(=O)NCC(O)=O)CC[C@@]1(C)C1=CC(O)=CC=C1,UPNUIXSCZBYVBB-JVFUWBCBSA-N,156053-89-3,DrugCentral,FDA_Approved.csv (current) + structures.smiles.tsv (2021_09_01),2026-07-29
158,amiloride,NC(=N)NC(=O)C1=C(N)N=C(N)C(Cl)=N1,XSDQTOBWRPYKKA-UHFFFAOYSA-N,2609-46-3,DrugCentral,FDA_Approved.csv (current) + structures.smiles.tsv (2021_09_01),2026-07-29
163,aminocaproic acid,NCCCCCC(O)=O,SLXKOJJOQWFEFD-UHFFFAOYSA-N,60-32-2,DrugCentral,FDA_Approved.csv (current) + structures.smiles.tsv (2021_09_01),2026-07-29
176,amiodarone,CCCCC1=C(C(=O)C2=CC(I)=C(OCCN(CC)CC)C(I)=C2)C2=C(O1)C=CC=C2,IYIKLHRQXLHMJQ-UHFFFAOYSA-N,1951-25-3,DrugCentral,FDA_Approved.csv (current) + structures.smiles.tsv (2021_09_01),2026-07-29
179,amisulpride,CCN1CCCC1CNC(=O)C1=C(OC)C=C(N)C(=C1)S(=O)(=O)CC,NTJOBXMMWNYJFB-UHFFFAOYSA-N,71675-85-9,DrugCentral,FDA_Approved.csv (current) + structures.smiles.tsv (2021_09_01),2026-07-29
180,amitriptyline,CN(C)CCC=C1C2=CC=CC=C2CCC2=C1C=CC=C2,KRMDCWKBEZIMAB-UHFFFAOYSA-N,50-48-6,DrugCentral,FDA_Approved.csv (current) + structures.smiles.tsv (2021_09_01),2026-07-29
183,amlodipine,CCOC(=O)C1=C(COCCN)NC(C)=C(C1C1=C(Cl)C=CC=C1)C(=O)OC,HTIQEAQVCYTUBX-UHFFFAOYSA-N,88150-42-9,DrugCentral,FDA_Approved.csv (current) + structures.smiles.tsv (2021_09_01),2026-07-29
191,amoxapine,ClC1=CC=C2OC3=C(C=CC=C3)N=C(N3CCNCC3)C2=C1,QWGDMFLQWFTERH-UHFFFAOYSA-N,14028-44-5,DrugCentral,FDA_Approved.csv (current) + structures.smiles.tsv (2021_09_01),2026-07-29
209,anagrelide,ClC1=CC=C2N=C3NC(=O)CN3CC2=C1Cl,OTBXOEAOVRKTNQ-UHFFFAOYSA-N,68475-42-3,DrugCentral,FDA_Approved.csv (current) + structures.smiles.tsv (2021_09_01),2026-07-29
229,apraclonidine,NC1=CC(Cl)=C(NC2=NCCN2)C(Cl)=C1,IEJXVRYNEISIKR-UHFFFAOYSA-N,66711-21-5,DrugCentral,FDA_Approved.csv (current) + structures.smiles.tsv (2021_09_01),2026-07-29
230,aprepitant,C[C@@H](O[C@H]1OCCN(CC2=NNC(=O)N2)[C@H]1C1=CC=C(F)C=C1)C1=CC(=CC(=C1)C(F)(F)F)C(F)(F)F,ATALOFNDEOCMKK-OITMNORJSA-N,170729-80-3,DrugCentral,FDA_Approved.csv (current) + structures.smiles.tsv (2021_09_01),2026-07-29
239,argatroban,C[C@@H]1CCN([C@H](C1)C(O)=O)C(=O)[C@H](CCCNC(N)=N)NS(=O)(=O)C1=CC=CC2=C1NCC(C)C2,KXNPVXPOPUZYGB-IOVMHBDKSA-N,74863-84-6,DrugCentral,FDA_Approved.csv (current) + structures.smiles.tsv (2021_09_01),2026-07-29
242,aripiprazole,ClC1=CC=CC(N2CCN(CCCCOC3=CC=C4CCC(=O)NC4=C3)CC2)=C1Cl,CEUORZQYGODEFX-UHFFFAOYSA-N,129722-12-9,DrugCentral,FDA_Approved.csv (current) + structures.smiles.tsv (2021_09_01),2026-07-29
244,arsenic trioxide,O=[As]O[As]=O,IKWTVSLWAPBBKU-UHFFFAOYSA-N,1327-53-3,DrugCentral,FDA_Approved.csv (current) + structures.smiles.tsv (2021_09_01),2026-07-29
258,atovaquone,OC1=C([C@H]2CC[C@@H](CC2)C2=CC=C(Cl)C=C2)C(=O)C2=CC=CC=C2C1=O,KUCQYCKVKVOKAY-CTYIDZIISA-N,95233-18-4,DrugCentral,FDA_Approved.csv (current) + structures.smiles.tsv (2021_09_01),2026-07-29
271,azelastine,CN1CCCC(CC1)N1N=C(CC2=CC=C(Cl)C=C2)C2=C(C=CC=C2)C1=O,MBUVEWMHONZEQD-UHFFFAOYSA-N,58581-89-8,DrugCentral,FDA_Approved.csv (current) + structures.smiles.tsv (2021_09_01),2026-07-29
348,betamethasone,C[C@H]1C[C@H]2[C@@H]3CCC4=CC(=O)C=C[C@]4(C)[C@@]3(F)[C@@H](O)C[C@]2(C)[C@@]1(O)C(=O)CO,UREBDLICKHMUKA-DVTGEIKXSA-N,378-44-9,DrugCentral,FDA_Approved.csv (current) + structures.smiles.tsv (2021_09_01),2026-07-29
284,balsalazide,OC(=O)CCNC(=O)C1=CC=C(C=C1)\N=N\C1=CC=C(O)C(=C1)C(O)=O,IPOKCKJONYRRHP-FMQUCBEESA-N,80573-04-2,DrugCentral,FDA_Approved.csv (current) + structures.smiles.tsv (2021_09_01),2026-07-29
294,beclometasone dipropionate,CCC(=O)OCC(=O)[C@@]1(OC(=O)CC)[C@@H](C)C[C@H]2[C@@H]3CCC4=CC(=O)C=C[C@]4(C)[C@@]3(Cl)[C@@H](O)C[C@]12C,KUVIULQEHSCUHY-XYWKZLDCSA-N,5534-09-8,DrugCentral,FDA_Approved.csv (current) + structures.smiles.tsv (2021_09_01),2026-07-29
305,bendroflumethiazide,NS(=O)(=O)C1=CC2=C(NC(CC3=CC=CC=C3)NS2(=O)=O)C=C1C(F)(F)F,HDWIHXWEUNVBIY-UHFFFAOYSA-N,73-48-3,DrugCentral,FDA_Approved.csv (current) + structures.smiles.tsv (2021_09_01),2026-07-29
333,benzatropine,CN1[C@H]2CC[C@@H]1C[C@@H](C2)OC(C1=CC=CC=C1)C1=CC=CC=C1,GIJXKZJWITVLHI-PMOLBWCYSA-N,86-13-5,DrugCentral,FDA_Approved.csv (current) + structures.smiles.tsv (2021_09_01),2026-07-29
356,betaxolol,CC(C)NCC(O)COC1=CC=C(CCOCC2CC2)C=C1,NWIUTZDMDHAVTP-UHFFFAOYSA-N,63659-18-7,DrugCentral,FDA_Approved.csv (current) + structures.smiles.tsv (2021_09_01),2026-07-29
361,bexarotene,CC1=C(C=C2C(=C1)C(C)(C)CCC2(C)C)C(=C)C1=CC=C(C=C1)C(O)=O,NAVMQTYZDKMPEU-UHFFFAOYSA-N,153559-49-0,DrugCentral,FDA_Approved.csv (current) + structures.smiles.tsv (2021_09_01),2026-07-29
367,bicalutamide,CC(O)(CS(=O)(=O)C1=CC=C(F)C=C1)C(=O)NC1=CC(=C(C=C1)C#N)C(F)(F)F,LKJPYSCBVHEWIU-UHFFFAOYSA-N,90357-06-5,DrugCentral,FDA_Approved.csv (current) + structures.smiles.tsv (2021_09_01),2026-07-29
371,bimatoprost,CCNC(=O)CCC\C=C/C[C@H]1[C@@H](O)C[C@@H](O)[C@@H]1\C=C\[C@@H](O)CCC1=CC=CC=C1,AQOKCDNYWBIDND-FTOWTWDKSA-N,155206-00-1,DrugCentral,FDA_Approved.csv (current) + structures.smiles.tsv (2021_09_01),2026-07-29
374,biperiden,OC(CCN1CCCCC1)(C1CC2CC1C=C2)C1=CC=CC=C1,YSXKPIUOCJLQIE-UHFFFAOYSA-N,514-65-8,DrugCentral,FDA_Approved.csv (current) + structures.smiles.tsv (2021_09_01),2026-07-29
380,bisoprolol,CC(C)NCC(O)COC1=CC=C(COCCOC(C)C)C=C1,VHYCDWMUTMEGQY-UHFFFAOYSA-N,66722-44-9,DrugCentral,FDA_Approved.csv (current) + structures.smiles.tsv (2021_09_01),2026-07-29
401,bromfenac,NC1=C(C=CC=C1CC(O)=O)C(=O)C1=CC=C(Br)C=C1,ZBPLOVFIXSTCRZ-UHFFFAOYSA-N,91714-94-2,DrugCentral,FDA_Approved.csv (current) + structures.smiles.tsv (2021_09_01),2026-07-29
419,budesonide,CCCC1O[C@@H]2C[C@H]3[C@@H]4CCC5=CC(=O)C=C[C@]5(C)[C@H]4[C@@H](O)C[C@]3(C)[C@@]2(O1)C(=O)CO,VOVIALXJUBGFJZ-KWVAZRHASA-N,51333-22-3,DrugCentral,FDA_Approved.csv (current) + structures.smiles.tsv (2021_09_01),2026-07-29
427,bumetanide,CCCCNC1=C(OC2=CC=CC=C2)C(=CC(=C1)C(O)=O)S(N)(=O)=O,MAEIEVLCKWDQJH-UHFFFAOYSA-N,28395-03-1,DrugCentral,FDA_Approved.csv (current) + structures.smiles.tsv (2021_09_01),2026-07-29
431,levobunolol,CC(C)(C)NC[C@H](O)COC1=C2CCCC(=O)C2=CC=C1,IXHBTMCLRNMKHZ-LBPRGKRZSA-N,47141-42-4,DrugCentral,FDA_Approved.csv (current) + structures.smiles.tsv (2021_09_01),2026-07-29
437,buspirone,O=C1CC2(CCCC2)CC(=O)N1CCCCN1CCN(CC1)C1=NC=CC=N1,QWCRAEMEVRGPNT-UHFFFAOYSA-N,36505-84-7,DrugCentral,FDA_Approved.csv (current) + structures.smiles.tsv (2021_09_01),2026-07-29
463,caffeine,CN1C=NC2=C1C(=O)N(C)C(=O)N2C,RYYVLZVUVIJVGH-UHFFFAOYSA-N,58-08-2,DrugCentral,FDA_Approved.csv (current) + structures.smiles.tsv (2021_09_01),2026-07-29
464,calcifediol,C[C@H](CCCC(C)(C)O)[C@H]1CC[C@H]2\C(CCC[C@]12C)=C\C=C1\C[C@@H](O)CCC1=C,JWUBBDSIWDLEOM-DTOXIADCSA-N,19356-17-3,DrugCentral,FDA_Approved.csv (current) + structures.smiles.tsv (2021_09_01),2026-07-29
475,candesartan cilexetil,CCOC1=NC2=C(N1CC1=CC=C(C=C1)C1=C(C=CC=C1)C1=NN=NN1)C(=CC=C2)C(=O)OC(C)OC(=O)OC1CCCCC1,GHOSNRCGJFBJIB-UHFFFAOYSA-N,145040-37-5,DrugCentral,FDA_Approved.csv (current) + structures.smiles.tsv (2021_09_01),2026-07-29
484,captopril,C[C@H](CS)C(=O)N1CCC[C@H]1C(O)=O,FAKRSMQSSFJEIM-RQJHMYQMSA-N,62571-86-2,DrugCentral,FDA_Approved.csv (current) + structures.smiles.tsv (2021_09_01),2026-07-29
489,carbamazepine,NC(=O)N1C2=CC=CC=C2C=CC2=C1C=CC=C2,FFGPTBGBLSHEPO-UHFFFAOYSA-N,298-46-4,DrugCentral,FDA_Approved.csv (current) + structures.smiles.tsv (2021_09_01),2026-07-29
496,carbidopa,C[C@@](CC1=CC(O)=C(O)C=C1)(NN)C(O)=O,TZFNLOMSOLWIDK-JTQLQIEISA-N,28860-95-9,DrugCentral,FDA_Approved.csv (current) + structures.smiles.tsv (2021_09_01),2026-07-29
512,carmustine,ClCCNC(=O)N(CCCl)N=O,DLGOEMSEDOSKAD-UHFFFAOYSA-N,154-93-8,DrugCentral,FDA_Approved.csv (current) + structures.smiles.tsv (2021_09_01),2026-07-29
522,carvedilol,COC1=C(OCCNCC(O)COC2=CC=CC3=C2C2=CC=CC=C2N3)C=CC=C1,OGHNVEJMJSYVRP-UHFFFAOYSA-N,72956-09-3,DrugCentral,FDA_Approved.csv (current) + structures.smiles.tsv (2021_09_01),2026-07-29
525,cefaclor,N[C@@H](C(=O)N[C@H]1[C@H]2SCC(Cl)=C(N2C1=O)C(O)=O)C1=CC=CC=C1,QYIYFLOTGYLRGG-GPCCPHFNSA-N,53994-73-3,DrugCentral,FDA_Approved.csv (current) + structures.smiles.tsv (2021_09_01),2026-07-29
530,cefazolin,CC1=NN=C(SCC2=C(N3[C@H](SC2)[C@H](NC(=O)CN2C=NN=N2)C3=O)C(O)=O)S1,MLYYVTUWGNIJIB-BXKDBHETSA-N,25953-19-9,DrugCentral,FDA_Approved.csv (current) + structures.smiles.tsv (2021_09_01),2026-07-29
645,cimetidine,CNC(NCCSCC1=C(C)NC=N1)=NC#N,AQIXAKUUQRKLND-UHFFFAOYSA-N,51481-61-9,DrugCentral,FDA_Approved.csv (current) + structures.smiles.tsv (2021_09_01),2026-07-29
533,cefdinir,NC1=NC(=CS1)C(=N\O)\C(=O)N[C@H]1[C@H]2SCC(C=C)=C(N2C1=O)C(O)=O,RTXOFQZKPXMALH-GHXIOONMSA-N,91832-40-5,DrugCentral,FDA_Approved.csv (current) + structures.smiles.tsv (2021_09_01),2026-07-29
537,cefixime,NC1=NC(=CS1)C(=N\OCC(O)=O)\C(=O)N[C@H]1[C@H]2SCC(C=C)=C(N2C1=O)C(O)=O,OKBVVJOGVLARMR-QSWIMTSFSA-N,79350-37-1,DrugCentral,FDA_Approved.csv (current) + structures.smiles.tsv (2021_09_01),2026-07-29
546,cefotaxime,CO\N=C(/C(=O)N[C@H]1[C@H]2SCC(COC(C)=O)=C(N2C1=O)C(O)=O)C1=CSC(N)=N1,GPRBEKHLDVQUJE-QSWIMTSFSA-N,63527-52-6,DrugCentral,FDA_Approved.csv (current) + structures.smiles.tsv (2021_09_01),2026-07-29
550,cefoxitin,CO[C@]1(NC(=O)CC2=CC=CS2)[C@H]2SCC(COC(N)=O)=C(N2C1=O)C(O)=O,WZOZEZRFJCJXNZ-ZBFHGGJFSA-N,35607-66-0,DrugCentral,FDA_Approved.csv (current) + structures.smiles.tsv (2021_09_01),2026-07-29
564,ceftriaxone,CO\N=C(/C(=O)N[C@H]1[C@H]2SCC(CSC3=NC(=O)C(=O)NN3C)=C(N2C1=O)C(O)=O)C1=CSC(N)=N1,VAAUVRVFOQPIGI-SPQHTLEESA-N,73384-59-5,DrugCentral,FDA_Approved.csv (current) + structures.smiles.tsv (2021_09_01),2026-07-29
565,cefuroxime,CO\N=C(/C(=O)N[C@H]1[C@H]2SCC(COC(N)=O)=C(N2C1=O)C(O)=O)C1=CC=CO1,JFPVXVDWJQMJEE-IZRZKJBUSA-N,55268-75-2,DrugCentral,FDA_Approved.csv (current) + structures.smiles.tsv (2021_09_01),2026-07-29
568,celecoxib,CC1=CC=C(C=C1)C1=CC(=NN1C1=CC=C(C=C1)S(N)(=O)=O)C(F)(F)F,RZEKVGVHFLEQIL-UHFFFAOYSA-N,169590-42-5,DrugCentral,FDA_Approved.csv (current) + structures.smiles.tsv (2021_09_01),2026-07-29
704,clonidine,ClC1=CC=CC(Cl)=C1NC1=NCCN1,GJSURZIOUXUGAL-UHFFFAOYSA-N,4205-90-7,DrugCentral,FDA_Approved.csv (current) + structures.smiles.tsv (2021_09_01),2026-07-29
576,cefradine,CC1=C(N2[C@H](SC1)[C@H](NC(=O)[C@H](N)C1=CCC=CC1)C2=O)C(O)=O,RDLPVSKMFDYCOR-UEKVPHQBSA-N,38821-53-3,DrugCentral,FDA_Approved.csv (current) + structures.smiles.tsv (2021_09_01),2026-07-29
581,cetirizine,OC(=O)COCCN1CCN(CC1)C(C1=CC=CC=C1)C1=CC=C(Cl)C=C1,ZKLPARSLTMPFCP-UHFFFAOYSA-N,83881-51-0,DrugCentral,FDA_Approved.csv (current) + structures.smiles.tsv (2021_09_01),2026-07-29
583,cetrorelix,CC(C)C[C@H](NC(=O)[C@@H](CCCNC(N)=O)NC(=O)[C@H](CC1=CC=C(O)C=C1)NC(=O)[C@H](CO)NC(=O)[C@@H](CC1=CN=CC=C1)NC(=O)[C@@H](CC1=CC=C(Cl)C=C1)NC(=O)[C@@H](CC1=CC=C2C=CC=CC2=C1)NC(C)=O)C(=O)N[C@@H](CCCNC(N)=N)C(=O)N1CCC[C@H]1C(=O)N[C@H](C)C(N)=O,SBNPWPIBESPSIF-MHWMIDJBSA-N,120287-85-6,DrugCentral,FDA_Approved.csv (current) + structures.smiles.tsv (2021_09_01),2026-07-29
584,cevimeline,CC1OC2(CS1)CN1CCC2CC1,WUTYZMFRCNBCHQ-UHFFFAOYSA-N,107233-08-9,DrugCentral,FDA_Approved.csv (current) + structures.smiles.tsv (2021_09_01),2026-07-29
594,chlordiazepoxide,CNC1=NC2=CC=C(Cl)C=C2C(C2=CC=CC=C2)=[N+]([O-])C1,ANTSCNMPPGJYLG-UHFFFAOYSA-N,58-25-3,DrugCentral,FDA_Approved.csv (current) + structures.smiles.tsv (2021_09_01),2026-07-29
621,chlorpromazine,CN(C)CCCN1C2=CC=CC=C2SC2=C1C=C(Cl)C=C2,ZPEIMTDSQAKGNT-UHFFFAOYSA-N,50-53-3,DrugCentral,FDA_Approved.csv (current) + structures.smiles.tsv (2021_09_01),2026-07-29
640,cilastatin,CC1(C)C[C@@H]1C(=O)N\C(=C/CCCCSC[C@H](N)C(O)=O)C(O)=O,DHSUYTOATWAVLW-WFVMDLQDSA-N,82009-34-5,DrugCentral,FDA_Approved.csv (current) + structures.smiles.tsv (2021_09_01),2026-07-29
647,cinacalcet,C[C@@H](NCCCC1=CC(=CC=C1)C(F)(F)F)C1=CC=CC2=C1C=CC=C2,VDHAWDNDOKGFTD-MRXNPFEDSA-N,226256-56-0,DrugCentral,FDA_Approved.csv (current) + structures.smiles.tsv (2021_09_01),2026-07-29
659,ciprofloxacin,OC(=O)C1=CN(C2CC2)C2=CC(N3CCNCC3)=C(F)C=C2C1=O,MYSWGUAQZAJSOK-UHFFFAOYSA-N,85721-33-1,DrugCentral,FDA_Approved.csv (current) + structures.smiles.tsv (2021_09_01),2026-07-29
660,cisapride,COC1CN(CCCOC2=CC=C(F)C=C2)CCC1NC(=O)C1=C(OC)C=C(N)C(Cl)=C1,DCSUBABJRXZOMT-UHFFFAOYSA-N,81098-60-4,DrugCentral,FDA_Approved.csv (current) + structures.smiles.tsv (2021_09_01),2026-07-29
661,cisatracurium,COC1=C(OC)C=C(C[C@@H]2C3=CC(OC)=C(OC)C=C3CC[N@+]2(C)CCC(=O)OCCCCCOC(=O)CC[N@@+]2(C)CCC3=CC(OC)=C(OC)C=C3[C@H]2CC2=CC(OC)=C(OC)C=C2)C=C1,YXSLJKQTIDHPOT-LJCJQEJUSA-N,96946-42-8,DrugCentral,FDA_Approved.csv (current) + structures.smiles.tsv (2021_09_01),2026-07-29
663,citalopram,CN(C)CCCC1(OCC2=C1C=CC(=C2)C#N)C1=CC=C(F)C=C1,WSEQXVZVJXJVFP-UHFFFAOYSA-N,59729-33-8,DrugCentral,FDA_Approved.csv (current) + structures.smiles.tsv (2021_09_01),2026-07-29
671,clemastine,CN1CCC[C@@H]1CCO[C@](C)(C1=CC=CC=C1)C1=CC=C(Cl)C=C1,YNNUSGIPVFPVBX-NHCUHLMSSA-N,15686-51-8,DrugCentral,FDA_Approved.csv (current) + structures.smiles.tsv (2021_09_01),2026-07-29
674,clevidipine,CCCC(=O)OCOC(=O)C1=C(C)NC(C)=C(C1C1=C(Cl)C(Cl)=CC=C1)C(=O)OC,KPBZROQVTHLCDU-UHFFFAOYSA-N,167221-71-8,DrugCentral,FDA_Approved.csv (current) + structures.smiles.tsv (2021_09_01),2026-07-29
682,clobazam,CN1C2=CC=C(Cl)C=C2N(C2=CC=CC=C2)C(=O)CC1=O,CXOXHMZGEKVPMT-UHFFFAOYSA-N,22316-47-8,DrugCentral,FDA_Approved.csv (current) + structures.smiles.tsv (2021_09_01),2026-07-29
691,clofarabine,NC1=C2N=CN([C@@H]3O[C@H](CO)[C@@H](O)[C@@H]3F)C2=NC(Cl)=N1,WDDPHFBMKLOVOX-AYQXTPAHSA-N,123318-82-1,DrugCentral,FDA_Approved.csv (current) + structures.smiles.tsv (2021_09_01),2026-07-29
700,clomifene,CCN(CC)CCOC1=CC=C(C=C1)C(=C(Cl)C1=CC=CC=C1)C1=CC=CC=C1,GKIRPKYJQBWNGO-UHFFFAOYSA-N,911-45-5,DrugCentral,FDA_Approved.csv (current) + structures.smiles.tsv (2021_09_01),2026-07-29
703,clonazepam,[O-][N+](=O)C1=CC=C2NC(=O)CN=C(C2=C1)C1=C(Cl)C=CC=C1,DGBIGWXXNGSACT-UHFFFAOYSA-N,1622-61-3,DrugCentral,FDA_Approved.csv (current) + structures.smiles.tsv (2021_09_01),2026-07-29
708,clopidogrel,COC(=O)[C@@H](N1CCC2=C(C1)C=CS2)C1=C(Cl)C=CC=C1,GKTWGGQPFAXNFI-HNNXBMFYSA-N,113665-84-2,DrugCentral,FDA_Approved.csv (current) + structures.smiles.tsv (2021_09_01),2026-07-29
711,clorazepate,OC(=O)C1N=C(C2=CC=CC=C2)C2=CC(Cl)=CC=C2NC1=O,XDDJGVMJFWAHJX-UHFFFAOYSA-N,57109-90-7,DrugCentral,FDA_Approved.csv (current) + structures.smiles.tsv (2021_09_01),2026-07-29
722,clozapine,CN1CCN(CC1)C1=NC2=CC(Cl)=CC=C2NC2=C1C=CC=C2,QZUDBNBUXVUHMW-UHFFFAOYSA-N,5786-21-0,DrugCentral,FDA_Approved.csv (current) + structures.smiles.tsv (2021_09_01),2026-07-29
725,codeine,COC1=CC=C2C[C@@H]3[C@@H]4C=C[C@H](O)[C@@H]5OC1=C2[C@]45CCN3C,OROGSEYTTFOCAN-DNJOTXNNSA-N,76-57-3,DrugCentral,FDA_Approved.csv (current) + structures.smiles.tsv (2021_09_01),2026-07-29
734,cortisone acetate,CC(=O)OCC(=O)[C@@]1(O)CC[C@H]2[C@@H]3CCC4=CC(=O)CC[C@]4(C)[C@H]3C(=O)C[C@]12C,ITRJWOMZKQRYTA-RFZYENFJSA-N,50-04-4,DrugCentral,FDA_Approved.csv (current) + structures.smiles.tsv (2021_09_01),2026-07-29
749,cyclizine,CN1CCN(CC1)C(C1=CC=CC=C1)C1=CC=CC=C1,UVKZSORBKUEBAZ-UHFFFAOYSA-N,82-92-8,DrugCentral,FDA_Approved.csv (current) + structures.smiles.tsv (2021_09_01),2026-07-29
751,cyclobenzaprine,CN(C)CCC=C1C2=CC=CC=C2C=CC2=C1C=CC=C2,JURKNVYFZMSNLP-UHFFFAOYSA-N,303-53-7,DrugCentral,FDA_Approved.csv (current) + structures.smiles.tsv (2021_09_01),2026-07-29
765,cyproheptadine,CN1CCC(CC1)=C1C2=CC=CC=C2C=CC2=C1C=CC=C2,JJCFRYNCJDLXIK-UHFFFAOYSA-N,129-03-3,DrugCentral,FDA_Approved.csv (current) + structures.smiles.tsv (2021_09_01),2026-07-29
770,cytarabine,NC1=NC(=O)N(C=C1)[C@@H]1O[C@H](CO)[C@@H](O)[C@@H]1O,UHDGCWIWMRVCDJ-CCXZUQQUSA-N,147-94-4,DrugCentral,FDA_Approved.csv (current) + structures.smiles.tsv (2021_09_01),2026-07-29
773,dacarbazine,CN(C)\N=N\C1=C(NC=N1)C(N)=O,FDKXTQMXEQVLRF-ZHACJKMWSA-N,4342-03-4,DrugCentral,FDA_Approved.csv (current) + structures.smiles.tsv (2021_09_01),2026-07-29
776,dabigatran etexilate,CCCCCCOC(=O)NC(=N)C1=CC=C(NCC2=NC3=CC(=CC=C3N2C)C(=O)N(CCC(=O)OCC)C2=NC=CC=C2)C=C1,KSGXQBZTULBEEQ-UHFFFAOYSA-N,211915-06-9,DrugCentral,FDA_Approved.csv (current) + structures.smiles.tsv (2021_09_01),2026-07-29
779,danazol,C[C@]12CC[C@H]3[C@@H](CCC4=CC5=C(C[C@]34C)C=NO5)[C@@H]1CC[C@@]2(O)C#C,POZRVZJJTULAOH-LHZXLZLDSA-N,17230-88-5,DrugCentral,FDA_Approved.csv (current) + structures.smiles.tsv (2021_09_01),2026-07-29
780,dantrolene,[O-][N+](=O)C1=CC=C(C=C1)C1=CC=C(O1)\C=N\N1CC(=O)NC1=O,OZOMQRBLCMDCEG-VIZOYTHASA-N,7261-97-4,DrugCentral,FDA_Approved.csv (current) + structures.smiles.tsv (2021_09_01),2026-07-29
782,dapsone,NC1=CC=C(C=C1)S(=O)(=O)C1=CC=C(N)C=C1,MQJKPEGWNLWLTK-UHFFFAOYSA-N,80-08-0,DrugCentral,FDA_Approved.csv (current) + structures.smiles.tsv (2021_09_01),2026-07-29
784,darifenacin,NC(=O)C([C@@H]1CCN(CCC2=CC=C3OCCC3=C2)C1)(C1=CC=CC=C1)C1=CC=CC=C1,HXGBXQDTNZMWGS-RUZDIDTESA-N,133099-04-4,DrugCentral,FDA_Approved.csv (current) + structures.smiles.tsv (2021_09_01),2026-07-29
785,dasatinib,CC1=NC(NC2=NC=C(S2)C(=O)NC2=C(C)C=CC=C2Cl)=CC(=N1)N1CCN(CCO)CC1,ZBNZXTGUTAYRHI-UHFFFAOYSA-N,302962-49-8,DrugCentral,FDA_Approved.csv (current) + structures.smiles.tsv (2021_09_01),2026-07-29
799,delavirdine,CC(C)NC1=C(N=CC=C1)N1CCN(CC1)C(=O)C1=CC2=C(N1)C=CC(NS(C)(=O)=O)=C2,WHBIGIKBNXZKFE-UHFFFAOYSA-N,136817-59-9,DrugCentral,FDA_Approved.csv (current) + structures.smiles.tsv (2021_09_01),2026-07-29
812,desipramine,CNCCCN1C2=CC=CC=C2CCC2=C1C=CC=C2,HCYAFALTSJYZDH-UHFFFAOYSA-N,50-47-5,DrugCentral,FDA_Approved.csv (current) + structures.smiles.tsv (2021_09_01),2026-07-29
814,desloratadine,ClC1=CC=C2C(CCC3=C(N=CC=C3)C2=C2CCNCC2)=C1,JAUOIFJMECXRGI-UHFFFAOYSA-N,100643-71-8,DrugCentral,FDA_Approved.csv (current) + structures.smiles.tsv (2021_09_01),2026-07-29
817,desmopressin,NC(=O)CC[C@@H]1NC(=O)[C@H](CC2=CC=CC=C2)NC(=O)[C@H](CC2=CC=C(O)C=C2)NC(=O)CCSSC[C@H](NC(=O)[C@H](CC(N)=O)NC1=O)C(=O)N1CCC[C@H]1C(=O)N[C@H](CCCNC(N)=N)C(=O)NCC(N)=O,NFLWUMRGJYTJIN-PNIOQBSNSA-N,16679-58-6,DrugCentral,FDA_Approved.csv (current) + structures.smiles.tsv (2021_09_01),2026-07-29
818,desogestrel,CC[C@]12CC(=C)[C@H]3[C@@H](CCC4=CCCC[C@H]34)[C@@H]1CC[C@@]2(O)C#C,RPLCPCMSCLEKRS-BPIQYHPVSA-N,54024-22-5,DrugCentral,FDA_Approved.csv (current) + structures.smiles.tsv (2021_09_01),2026-07-29
819,desoximetasone,C[C@@H]1C[C@H]2[C@@H]3CCC4=CC(=O)C=C[C@]4(C)[C@@]3(F)[C@@H](O)C[C@]2(C)[C@H]1C(=O)CO,VWVSBHGCDBMOOT-IIEHVVJPSA-N,382-67-2,DrugCentral,FDA_Approved.csv (current) + structures.smiles.tsv (2021_09_01),2026-07-29
838,dexpanthenol,CC(C)(CO)[C@@H](O)C(=O)NCCCO,SNPLKNRPJHDVJA-ZETCQYMHSA-N,81-13-0,DrugCentral,FDA_Approved.csv (current) + structures.smiles.tsv (2021_09_01),2026-07-29
841,dexamfetamine,C[C@H](N)CC1=CC=CC=C1,KWTSXDURSIMDCE-QMMMGPOBSA-N,51-64-9,DrugCentral,FDA_Approved.csv (current) + structures.smiles.tsv (2021_09_01),2026-07-29
842,dextromethorphan,COC1=CC2=C(C[C@H]3[C@H]4CCCC[C@@]24CCN3C)C=C1,MKXZASYAUGDDCJ-NJAFHUGGSA-N,125-71-3,DrugCentral,FDA_Approved.csv (current) + structures.smiles.tsv (2021_09_01),2026-07-29
844,dextropropoxyphene,CCC(=O)O[C@@](CC1=CC=CC=C1)([C@H](C)CN(C)C)C1=CC=CC=C1,XLMALTXPSGQGBX-GCJKJVERSA-N,469-62-5,DrugCentral,FDA_Approved.csv (current) + structures.smiles.tsv (2021_09_01),2026-07-29
852,diazepam,CN1C2=CC=C(Cl)C=C2C(=NCC1=O)C1=CC=CC=C1,AAOVKJBEBIDNHE-UHFFFAOYSA-N,439-14-5,DrugCentral,FDA_Approved.csv (current) + structures.smiles.tsv (2021_09_01),2026-07-29
854,diazoxide,CC1=NC2=CC=C(Cl)C=C2S(=O)(=O)N1,GDLBFKVLRPITMI-UHFFFAOYSA-N,364-98-7,DrugCentral,FDA_Approved.csv (current) + structures.smiles.tsv (2021_09_01),2026-07-29
864,dichlorphenamide,NS(=O)(=O)C1=CC(Cl)=C(Cl)C(=C1)S(N)(=O)=O,GJQPMPFPNINLKP-UHFFFAOYSA-N,120-97-8,DrugCentral,FDA_Approved.csv (current) + structures.smiles.tsv (2021_09_01),2026-07-29
868,dicycloverine,CCN(CC)CCOC(=O)C1(CCCCC1)C1CCCCC1,CURUTKGFNZGFSE-UHFFFAOYSA-N,77-19-0,DrugCentral,FDA_Approved.csv (current) + structures.smiles.tsv (2021_09_01),2026-07-29
983,econazole,ClC1=CC=C(COC(CN2C=CN=C2)C2=C(Cl)C=C(Cl)C=C2)C=C1,LEZWWPYKPKIXLL-UHFFFAOYSA-N,27220-47-9,DrugCentral,FDA_Approved.csv (current) + structures.smiles.tsv (2021_09_01),2026-07-29
882,digoxin,C[C@H]1O[C@H](C[C@H](O)[C@@H]1O)O[C@H]1[C@@H](O)C[C@H](O[C@H]2[C@@H](O)C[C@H](O[C@H]3CC[C@@]4(C)[C@H](CC[C@@H]5[C@@H]4C[C@@H](O)[C@]4(C)[C@H](CC[C@]54O)C4=CC(=O)OC4)C3)O[C@@H]2C)O[C@@H]1C,LTMHDMANZUZIPE-PUGKRICDSA-N,20830-75-5,DrugCentral,FDA_Approved.csv (current) + structures.smiles.tsv (2021_09_01),2026-07-29
897,diltiazem,COC1=CC=C(C=C1)[C@@H]1SC2=CC=CC=C2N(CCN(C)C)C(=O)[C@@H]1OC(C)=O,HSUGRBWQSSZJOP-RTWAWAEBSA-N,42399-41-7,DrugCentral,FDA_Approved.csv (current) + structures.smiles.tsv (2021_09_01),2026-07-29
2478,stavudine,CC1=CN([C@@H]2O[C@H](CO)C=C2)C(=O)NC1=O,XNKLLVCARDGLGL-JGVFFNPUSA-N,3056-17-5,DrugCentral,FDA_Approved.csv (current) + structures.smiles.tsv (2021_09_01),2026-07-29
913,dinoprostone,CCCCC[C@H](O)\C=C\[C@H]1[C@H](O)CC(=O)[C@@H]1C\C=C/CCCC(O)=O,XEYBRNLFEZDVAW-ARSRFYASSA-N,363-24-6,DrugCentral,FDA_Approved.csv (current) + structures.smiles.tsv (2021_09_01),2026-07-29
918,diphenoxylate,CCOC(=O)C1(CCN(CCC(C#N)(C2=CC=CC=C2)C2=CC=CC=C2)CC1)C1=CC=CC=C1,HYPPXZBJBPSRLK-UHFFFAOYSA-N,915-30-0,DrugCentral,FDA_Approved.csv (current) + structures.smiles.tsv (2021_09_01),2026-07-29
920,diphenylpyraline,CN1CCC(CC1)OC(C1=CC=CC=C1)C1=CC=CC=C1,OWQUZNMMYNAXSL-UHFFFAOYSA-N,147-20-6,DrugCentral,FDA_Approved.csv (current) + structures.smiles.tsv (2021_09_01),2026-07-29
924,dipyridamole,OCCN(CCO)C1=NC(N2CCCCC2)=C2N=C(N=C(N3CCCCC3)C2=N1)N(CCO)CCO,IZEKFCXSFNUWAM-UHFFFAOYSA-N,58-32-2,DrugCentral,FDA_Approved.csv (current) + structures.smiles.tsv (2021_09_01),2026-07-29
1028,epinephrine,CNC[C@H](O)C1=CC=C(O)C(O)=C1,UCTWMZQNUQWSLP-VIFPVBQESA-N,51-43-4,DrugCentral,FDA_Approved.csv (current) + structures.smiles.tsv (2021_09_01),2026-07-29
926,disopyramide,CC(C)N(CCC(C(N)=O)(C1=CC=CC=C1)C1=CC=CC=N1)C(C)C,UVTNFZQICZKOEM-UHFFFAOYSA-N,3737-09-5,DrugCentral,FDA_Approved.csv (current) + structures.smiles.tsv (2021_09_01),2026-07-29
928,disulfiram,CCN(CC)C(=S)SSC(=S)N(CC)CC,AUZONCFQVSMFAP-UHFFFAOYSA-N,97-77-8,DrugCentral,FDA_Approved.csv (current) + structures.smiles.tsv (2021_09_01),2026-07-29
937,dobutamine,CC(CCC1=CC=C(O)C=C1)NCCC1=CC=C(O)C(O)=C1,JRWZLRBJNMZMFE-UHFFFAOYSA-N,34368-04-2,DrugCentral,FDA_Approved.csv (current) + structures.smiles.tsv (2021_09_01),2026-07-29
939,docetaxel,CC(=O)O[C@@]12CO[C@@H]1C[C@H](O)[C@]1(C)[C@@H]2[C@H](OC(=O)C2=CC=CC=C2)[C@]2(O)C[C@H](OC(=O)[C@H](O)[C@@H](NC(=O)OC(C)(C)C)C3=CC=CC=C3)C(C)=C([C@@H](O)C1=O)C2(C)C,ZDZOTLJHXYCWBA-VCVYQWHSSA-N,114977-28-5,DrugCentral,FDA_Approved.csv (current) + structures.smiles.tsv (2021_09_01),2026-07-29
941,docusate sodium,CCCCC(CC)COC(=O)CC(C(=O)OCC(CC)CCCC)S(O)(=O)=O,HNSDLXPSAYFUHK-UHFFFAOYSA-N,10041-19-7,DrugCentral,FDA_Approved.csv (current) + structures.smiles.tsv (2021_09_01),2026-07-29
942,dofetilide,CN(CCOC1=CC=C(NS(C)(=O)=O)C=C1)CCC1=CC=C(NS(C)(=O)=O)C=C1,IXTMWRCNAAVVAI-UHFFFAOYSA-N,115256-11-6,DrugCentral,FDA_Approved.csv (current) + structures.smiles.tsv (2021_09_01),2026-07-29
946,donepezil,COC1=CC2=C(C=C1OC)C(=O)C(CC1CCN(CC3=CC=CC=C3)CC1)C2,ADEBPBSSDYVVLD-UHFFFAOYSA-N,120014-06-4,DrugCentral,FDA_Approved.csv (current) + structures.smiles.tsv (2021_09_01),2026-07-29
947,dopamine,NCCC1=CC(O)=C(O)C=C1,VYFYYTLLBUKUHU-UHFFFAOYSA-N,51-61-6,DrugCentral,FDA_Approved.csv (current) + structures.smiles.tsv (2021_09_01),2026-07-29
954,doxazosin,COC1=C(OC)C=C2C(N)=NC(=NC2=C1)N1CCN(CC1)C(=O)C1COC2=C(O1)C=CC=C2,RUZYUOTYCVRMRZ-UHFFFAOYSA-N,74191-85-8,DrugCentral,FDA_Approved.csv (current) + structures.smiles.tsv (2021_09_01),2026-07-29
956,doxepin,CN(C)CCC=C1C2=CC=CC=C2COC2=C1C=CC=C2,ODQWQRRAPPTVAG-UHFFFAOYSA-N,1668-19-5,DrugCentral,FDA_Approved.csv (current) + structures.smiles.tsv (2021_09_01),2026-07-29
960,doxorubicin,COC1=C2C(=O)C3=C(C(O)=C4C[C@](O)(C[C@H](O[C@H]5C[C@H](N)[C@H](O)[C@H](C)O5)C4=C3O)C(=O)CO)C(=O)C2=CC=C1,AOJJSUZBOXZQNB-TZSSRYMLSA-N,23214-92-8,DrugCentral,FDA_Approved.csv (current) + structures.smiles.tsv (2021_09_01),2026-07-29
968,drospirenone,C[C@]12CC[C@H]3[C@@H]([C@H]4C[C@H]4C4=CC(=O)CC[C@]34C)[C@@H]1[C@@H]1C[C@@H]1[C@@]21CCC(=O)O1,METQSPRSQINEEU-HXCATZOESA-N,67392-87-4,DrugCentral,FDA_Approved.csv (current) + structures.smiles.tsv (2021_09_01),2026-07-29
972,duloxetine,CNCC[C@H](OC1=CC=CC2=C1C=CC=C2)C1=CC=CS1,ZEUITGRIYCTCEM-KRWDZBQOSA-N,116539-59-4,DrugCentral,FDA_Approved.csv (current) + structures.smiles.tsv (2021_09_01),2026-07-29
974,dyclonine,CCCCOC1=CC=C(C=C1)C(=O)CCN1CCCCC1,BZEWSEKUUPWQDQ-UHFFFAOYSA-N,586-60-7,DrugCentral,FDA_Approved.csv (current) + structures.smiles.tsv (2021_09_01),2026-07-29
989,efavirenz,FC(F)(F)[C@]1(OC(=O)NC2=C1C=C(Cl)C=C2)C#CC1CC1,XPOQHMRABVBWPR-ZDUSSCGKSA-N,154598-52-4,DrugCentral,FDA_Approved.csv (current) + structures.smiles.tsv (2021_09_01),2026-07-29
995,eletriptan,CN1CCC[C@@H]1CC1=CNC2=C1C=C(CCS(=O)(=O)C1=CC=CC=C1)C=C2,PWVXXGRKLHYWKM-LJQANCHMSA-N,143322-58-1,DrugCentral,FDA_Approved.csv (current) + structures.smiles.tsv (2021_09_01),2026-07-29
1006,enalaprilat,C[C@H](N[C@@H](CCC1=CC=CC=C1)C(O)=O)C(=O)N1CCC[C@H]1C(O)=O,LZFZMUMEGBBDTC-QEJZJMRPSA-N,76420-72-9,DrugCentral,FDA_Approved.csv (current) + structures.smiles.tsv (2021_09_01),2026-07-29
1010,enfuvirtide,CC[C@H](C)[C@H](NC(=O)[C@H](CC(C)C)NC(=O)[C@H](CO)NC(=O)[C@H](CC1=CNC=N1)NC(=O)[C@@H](NC(=O)[C@H](CC(C)C)NC(=O)[C@H](CO)NC(=O)[C@@H](NC(=O)[C@H](CC1=CC=C(O)C=C1)NC(C)=O)[C@@H](C)O)[C@@H](C)CC)C(=O)N[C@@H](CCC(O)=O)C(=O)N[C@@H](CCC(O)=O)C(=O)N[C@@H](CO)C(=O)N[C@@H](CCC(N)=O)C(=O)N[C@@H](CC(N)=O)C(=O)N[C@@H](CCC(N)=O)C(=O)N[C@@H](CCC(N)=O)C(=O)N[C@@H](CCC(O)=O)C(=O)N[C@@H](CCCCN)C(=O)N[C@@H](CC(N)=O)C(=O)N[C@@H](CCC(O)=O)C(=O)N[C@@H](CCC(N)=O)C(=O)N[C@@H](CCC(O)=O)C(=O)N[C@@H](CC(C)C)C(=O)N[C@@H](CC(C)C)C(=O)N[C@@H](CCC(O)=O)C(=O)N[C@@H](CC(C)C)C(=O)N[C@@H](CC(O)=O)C(=O)N[C@@H](CCCCN)C(=O)N[C@@H](CC1=CNC2=C1C=CC=C2)C(=O)N[C@@H](C)C(=O)N[C@@H](CO)C(=O)N[C@@H](CC(C)C)C(=O)N[C@@H](CC1=CNC2=C1C=CC=C2)C(=O)N[C@@H](CC(N)=O)C(=O)N[C@@H](CC1=CNC2=C1C=CC=C2)C(=O)N[C@@H](CC1=CC=CC=C1)C(N)=O,PEASPLKKXBYDKL-FXEVSJAOSA-N,159519-65-0,DrugCentral,FDA_Approved.csv (current) + structures.smiles.tsv (2021_09_01),2026-07-29
1018,entacapone,CCN(CC)C(=O)C(=C\C1=CC(=C(O)C(O)=C1)[N+]([O-])=O)\C#N,JRURYQJSLYLRLN-BJMVGYQFSA-N,130929-57-6,DrugCentral,FDA_Approved.csv (current) + structures.smiles.tsv (2021_09_01),2026-07-29
1019,entecavir,NC1=NC2=C(N=CN2[C@H]2C[C@H](O)[C@@H](CO)C2=C)C(=O)N1,QDGZDCVAUDNJFG-FXQIFTODSA-N,142217-69-4,DrugCentral,FDA_Approved.csv (current) + structures.smiles.tsv (2021_09_01),2026-07-29
1032,eplerenone,COC(=O)[C@@H]1CC2=CC(=O)CC[C@]2(C)[C@@]23O[C@@H]2C[C@@]2(C)[C@@H](CC[C@@]22CCC(=O)O2)[C@H]13,JUKPWJGBANNWMW-VWBFHTRKSA-N,107724-20-9,DrugCentral,FDA_Approved.csv (current) + structures.smiles.tsv (2021_09_01),2026-07-29
1034,epoprostenol,CCCCC[C@H](O)\C=C\[C@H]1[C@H](O)C[C@@H]2O\C(C[C@H]12)=C/CCCC(O)=O,KAQKFAOMNZTLHT-OZUDYXHBSA-N,35121-78-9,DrugCentral,FDA_Approved.csv (current) + structures.smiles.tsv (2021_09_01),2026-07-29
1037,eprosartan,CCCCC1=NC=C(\C=C(/CC2=CC=CS2)C(O)=O)N1CC1=CC=C(C=C1)C(O)=O,OROAFUQRIXKEMV-LDADJPATSA-N,133040-01-4,DrugCentral,FDA_Approved.csv (current) + structures.smiles.tsv (2021_09_01),2026-07-29
1045,erlotinib,COCCOC1=CC2=C(C=C1OCCOC)C(NC1=CC=CC(=C1)C#C)=NC=N2,AAKJLRGGTJKAMG-UHFFFAOYSA-N,183321-74-6,DrugCentral,FDA_Approved.csv (current) + structures.smiles.tsv (2021_09_01),2026-07-29
1046,ertapenem,C[C@@H](O)[C@@H]1[C@H]2[C@@H](C)C(S[C@@H]3CN[C@@H](C3)C(=O)NC3=CC(=CC=C3)C(O)=O)=C(N2C1=O)C(O)=O,JUZNIMUFDBIJCM-ANEDZVCMSA-N,153832-46-3,DrugCentral,FDA_Approved.csv (current) + structures.smiles.tsv (2021_09_01),2026-07-29
1054,esmolol,COC(=O)CCC1=CC=C(OCC(O)CNC(C)C)C=C1,AQNDDEOPVVGCPG-UHFFFAOYSA-N,81147-92-4,DrugCentral,FDA_Approved.csv (current) + structures.smiles.tsv (2021_09_01),2026-07-29
1055,esomeprazole,COC1=CC=C2N=C(NC2=C1)[S@@](=O)CC1=C(C)C(OC)=C(C)C=N1,SUBDBMMJDZJVOS-DEOSSOPVSA-N,119141-88-7,DrugCentral,FDA_Approved.csv (current) + structures.smiles.tsv (2021_09_01),2026-07-29
1056,estazolam,ClC1=CC=C2N3C=NN=C3CN=C(C3=CC=CC=C3)C2=C1,CDCHDCWJMGXXRH-UHFFFAOYSA-N,29975-16-4,DrugCentral,FDA_Approved.csv (current) + structures.smiles.tsv (2021_09_01),2026-07-29
1809,milrinone,CC1=C(C=C(C#N)C(=O)N1)C1=CC=NC=C1,PZRHRDRVRGEVNW-UHFFFAOYSA-N,78415-72-2,DrugCentral,FDA_Approved.csv (current) + structures.smiles.tsv (2021_09_01),2026-07-29
1068,eszopiclone,CN1CCN(CC1)C(=O)O[C@@H]1N(C(=O)C2=NC=CN=C12)C1=CC=C(Cl)C=N1,GBBSUAFBMRNDJC-INIZCTEOSA-N,138729-47-2,DrugCentral,FDA_Approved.csv (current) + structures.smiles.tsv (2021_09_01),2026-07-29
1071,ethacrynic acid,CCC(=C)C(=O)C1=C(Cl)C(Cl)=C(OCC(O)=O)C=C1,AVOLMBLBETYQHX-UHFFFAOYSA-N,58-54-8,DrugCentral,FDA_Approved.csv (current) + structures.smiles.tsv (2021_09_01),2026-07-29
1073,ethambutol,CC[C@@H](CO)NCCN[C@@H](CC)CO,AEUTYOVWOVBAKS-UWVGGRQHSA-N,74-55-5,DrugCentral,FDA_Approved.csv (current) + structures.smiles.tsv (2021_09_01),2026-07-29
1082,ethinylestradiol,C[C@]12CC[C@H]3[C@@H](CCC4=C3C=CC(O)=C4)[C@@H]1CC[C@@]2(O)C#C,BFPYWIDHMRZLRN-SLHNCBLASA-N,57-63-6,DrugCentral,FDA_Approved.csv (current) + structures.smiles.tsv (2021_09_01),2026-07-29
1083,ethionamide,CCC1=CC(=CC=N1)C(N)=S,AEOCXXJPGCBFJA-UHFFFAOYSA-N,536-33-4,DrugCentral,FDA_Approved.csv (current) + structures.smiles.tsv (2021_09_01),2026-07-29
1110,etonogestrel,CC[C@]12CC(=C)[C@H]3[C@@H](CCC4=CC(=O)CC[C@H]34)[C@@H]1CC[C@@]2(O)C#C,GCKFUYQCUCGESZ-BPIQYHPVSA-N,54048-10-1,DrugCentral,FDA_Approved.csv (current) + structures.smiles.tsv (2021_09_01),2026-07-29
1112,etoposide,COC1=CC(=CC(OC)=C1O)[C@H]1[C@@H]2[C@H](COC2=O)[C@H](O[C@@H]2O[C@@H]3CO[C@@H](C)O[C@H]3[C@H](O)[C@H]2O)C2=C1C=C1OCOC1=C2,VJJPUSNTGOMMGY-MRVIYFEKSA-N,33419-42-0,DrugCentral,FDA_Approved.csv (current) + structures.smiles.tsv (2021_09_01),2026-07-29
1115,etravirine,CC1=CC(=CC(C)=C1OC1=NC(NC2=CC=C(C=C2)C#N)=NC(N)=C1Br)C#N,PYGWGZALEOIKDF-UHFFFAOYSA-N,269055-15-4,DrugCentral,FDA_Approved.csv (current) + structures.smiles.tsv (2021_09_01),2026-07-29
1118,everolimus,CO[C@@H]1C[C@H](C[C@@H](C)[C@@H]2CC(=O)[C@H](C)\C=C(C)\[C@@H](O)[C@@H](OC)C(=O)[C@H](C)C[C@H](C)\C=C\C=C\C=C(C)\[C@H](C[C@@H]3CC[C@@H](C)[C@@](O)(O3)C(=O)C(=O)N3CCCC[C@H]3C(=O)O2)OC)CC[C@H]1OCCO,HKVAMNSJSFKALM-GKUWKFKPSA-N,159351-69-6,DrugCentral,FDA_Approved.csv (current) + structures.smiles.tsv (2021_09_01),2026-07-29
1122,exemestane,C[C@]12CC[C@H]3[C@@H](CC(=C)C4=CC(=O)C=C[C@]34C)[C@@H]1CCC2=O,BFYIZQONLCFLEV-DAELLWKTSA-N,107868-30-4,DrugCentral,FDA_Approved.csv (current) + structures.smiles.tsv (2021_09_01),2026-07-29
1123,exenatide,CC[C@H](C)[C@H](NC(=O)[C@H](CC1=CC=CC=C1)NC(=O)[C@H](CC(C)C)NC(=O)[C@H](CCCNC(N)=N)NC(=O)[C@@H](NC(=O)[C@H](C)NC(=O)[C@H](CCC(O)=O)NC(=O)[C@H](CCC(O)=O)NC(=O)[C@H](CCC(O)=O)NC(=O)[C@H](CCSC)NC(=O)[C@H](CCC(N)=O)NC(=O)[C@H](CCCCN)NC(=O)[C@H](CO)NC(=O)[C@H](CC(C)C)NC(=O)[C@H](CC(O)=O)NC(=O)[C@H](CO)NC(=O)[C@@H](NC(=O)[C@H](CC1=CC=CC=C1)NC(=O)[C@@H](NC(=O)CNC(=O)[C@H](CCC(O)=O)NC(=O)CNC(=O)[C@@H](N)CC1=CNC=N1)[C@@H](C)O)[C@@H](C)O)C(C)C)C(=O)N[C@@H](CCC(O)=O)C(=O)N[C@@H](CC1=CNC2=C1C=CC=C2)C(=O)N[C@@H](CC(C)C)C(=O)N[C@@H](CCCCN)C(=O)N[C@@H](CC(N)=O)C(=O)NCC(=O)NCC(=O)N1CCC[C@H]1C(=O)N[C@@H](CO)C(=O)N[C@@H](CO)C(=O)NCC(=O)N[C@@H](C)C(=O)N1CCC[C@H]1C(=O)N1CCC[C@H]1C(=O)N1CCC[C@H]1C(=O)N[C@@H](CO)C(N)=O,HTQBXNHDCUEHJF-XWLPCZSASA-N,141758-74-9,DrugCentral,FDA_Approved.csv (current) + structures.smiles.tsv (2021_09_01),2026-07-29
1125,ezetimibe,O[C@@H](CC[C@@H]1[C@H](N(C1=O)C1=CC=C(F)C=C1)C1=CC=C(O)C=C1)C1=CC=C(F)C=C1,OLNTVTPDXPETLC-XPWALMASSA-N,163222-33-1,DrugCentral,FDA_Approved.csv (current) + structures.smiles.tsv (2021_09_01),2026-07-29
1128,famciclovir,CC(=O)OCC(CCN1C=NC2=C1N=C(N)N=C2)COC(C)=O,GGXKWVWZWMLJEH-UHFFFAOYSA-N,104227-87-4,DrugCentral,FDA_Approved.csv (current) + structures.smiles.tsv (2021_09_01),2026-07-29
1129,famotidine,NC(=N)NC1=NC(CSCCC(=N)NS(N)(=O)=O)=CS1,XUFQPHANEAPEMJ-UHFFFAOYSA-N,76824-35-6,DrugCentral,FDA_Approved.csv (current) + structures.smiles.tsv (2021_09_01),2026-07-29
1137,febuxostat,CC(C)COC1=C(C=C(C=C1)C1=NC(C)=C(S1)C(O)=O)C#N,BQSJTQLCZDPROO-UHFFFAOYSA-N,144060-53-7,DrugCentral,FDA_Approved.csv (current) + structures.smiles.tsv (2021_09_01),2026-07-29
1140,felbamate,NC(=O)OCC(COC(N)=O)C1=CC=CC=C1,WKGXYQFOCVYPAC-UHFFFAOYSA-N,25451-15-4,DrugCentral,FDA_Approved.csv (current) + structures.smiles.tsv (2021_09_01),2026-07-29
1142,felodipine,CCOC(=O)C1=C(C)NC(C)=C(C1C1=C(Cl)C(Cl)=CC=C1)C(=O)OC,RZTAMFZIAATZDJ-UHFFFAOYSA-N,72509-76-3,DrugCentral,FDA_Approved.csv (current) + structures.smiles.tsv (2021_09_01),2026-07-29
1152,fenofibrate,CC(C)OC(=O)C(C)(C)OC1=CC=C(C=C1)C(=O)C1=CC=C(Cl)C=C1,YMTINGFKWWXKFG-UHFFFAOYSA-N,49562-28-9,DrugCentral,FDA_Approved.csv (current) + structures.smiles.tsv (2021_09_01),2026-07-29
1154,fenoprofen,CC(C(O)=O)C1=CC=CC(OC2=CC=CC=C2)=C1,RDJGLLICXDHJDY-UHFFFAOYSA-N,29679-58-1,DrugCentral,FDA_Approved.csv (current) + structures.smiles.tsv (2021_09_01),2026-07-29
1170,fexofenadine,CC(C)(C(O)=O)C1=CC=C(C=C1)C(O)CCCN1CCC(CC1)C(O)(C1=CC=CC=C1)C1=CC=CC=C1,RWTNPBWLLIMQHL-UHFFFAOYSA-N,83799-24-0,DrugCentral,FDA_Approved.csv (current) + structures.smiles.tsv (2021_09_01),2026-07-29
1171,finasteride,CC(C)(C)NC(=O)[C@H]1CC[C@H]2[C@@H]3CC[C@H]4NC(=O)C=C[C@]4(C)[C@H]3CC[C@]12C,DBEPLOCGEIEOCV-WSBQPABSSA-N,98319-26-7,DrugCentral,FDA_Approved.csv (current) + structures.smiles.tsv (2021_09_01),2026-07-29
1175,flavoxate,CC1=C(OC2=C(C=CC=C2C1=O)C(=O)OCCN1CCCCC1)C1=CC=CC=C1,SPIUTQOUKAMGCX-UHFFFAOYSA-N,15301-69-6,DrugCentral,FDA_Approved.csv (current) + structures.smiles.tsv (2021_09_01),2026-07-29
1184,floxuridine,OC[C@H]1O[C@H](C[C@@H]1O)N1C=C(F)C(=O)NC1=O,ODKNJVUHOIMIIZ-RRKCRQDMSA-N,50-91-9,DrugCentral,FDA_Approved.csv (current) + structures.smiles.tsv (2021_09_01),2026-07-29
1187,fluconazole,OC(CN1C=NC=N1)(CN1C=NC=N1)C1=C(F)C=C(F)C=C1,RFHAOTPXVQNOHP-UHFFFAOYSA-N,86386-73-4,DrugCentral,FDA_Approved.csv (current) + structures.smiles.tsv (2021_09_01),2026-07-29
1189,fludarabine phosphate,NC1=C2N=CN([C@@H]3O[C@H](COP(O)(O)=O)[C@@H](O)[C@@H]3O)C2=NC(F)=N1,GIUYCYHIANZCFB-FJFJXFQQSA-N,75607-67-9,DrugCentral,FDA_Approved.csv (current) + structures.smiles.tsv (2021_09_01),2026-07-29
1191,fludrocortisone acetate,CC(=O)OCC(=O)[C@@]1(O)CC[C@H]2[C@@H]3CCC4=CC(=O)CC[C@]4(C)[C@@]3(F)[C@@H](O)C[C@]12C,SYWHXTATXSMDSB-GSLJADNHSA-N,514-36-3,DrugCentral,FDA_Approved.csv (current) + structures.smiles.tsv (2021_09_01),2026-07-29
1195,flumazenil,CCOC(=O)C1=C2CN(C)C(=O)C3=CC(F)=CC=C3N2C=N1,OFBIFZUFASYYRE-UHFFFAOYSA-N,78755-81-4,DrugCentral,FDA_Approved.csv (current) + structures.smiles.tsv (2021_09_01),2026-07-29
1205,fluocinonide,CC(=O)OCC(=O)[C@@]12OC(C)(C)O[C@@H]1C[C@H]1[C@@H]3C[C@H](F)C4=CC(=O)C=C[C@]4(C)[C@@]3(F)[C@@H](O)C[C@]21C,WJOHZNCJWYWUJD-IUGZLZTKSA-N,356-12-7,DrugCentral,FDA_Approved.csv (current) + structures.smiles.tsv (2021_09_01),2026-07-29
1208,fluorometholone,C[C@H]1C[C@H]2[C@@H]3CC[C@](O)(C(C)=O)[C@@]3(C)C[C@H](O)[C@]2(F)[C@@]2(C)C=CC(=O)C=C12,FAOZLTXFLGPHNG-KNAQIMQKSA-N,426-13-1,DrugCentral,FDA_Approved.csv (current) + structures.smiles.tsv (2021_09_01),2026-07-29
1210,fluoxymesterone,C[C@]1(O)CC[C@H]2[C@@H]3CCC4=CC(=O)CC[C@]4(C)[C@@]3(F)[C@@H](O)C[C@]12C,YLRFCQOZQXIBAB-RBZZARIASA-N,76-43-7,DrugCentral,FDA_Approved.csv (current) + structures.smiles.tsv (2021_09_01),2026-07-29
1427,imipramine,CN(C)CCCN1C2=CC=CC=C2CCC2=C1C=CC=C2,BCGWQEUPMDMJNV-UHFFFAOYSA-N,50-49-7,DrugCentral,FDA_Approved.csv (current) + structures.smiles.tsv (2021_09_01),2026-07-29
1212,fluphenazine,OCCN1CCN(CCCN2C3=CC=CC=C3SC3=CC=C(C=C23)C(F)(F)F)CC1,PLDUPXSUYLZYBN-UHFFFAOYSA-N,69-23-8,DrugCentral,FDA_Approved.csv (current) + structures.smiles.tsv (2021_09_01),2026-07-29
1217,fludroxycortide,CC1(C)O[C@@H]2C[C@H]3[C@@H]4C[C@H](F)C5=CC(=O)CC[C@]5(C)[C@H]4[C@@H](O)C[C@]3(C)[C@@]2(O1)C(=O)CO,POPFMWWJOGLOIF-XWCQMRHXSA-N,1524-88-5,DrugCentral,FDA_Approved.csv (current) + structures.smiles.tsv (2021_09_01),2026-07-29
1218,flurazepam,CCN(CC)CCN1C2=CC=C(Cl)C=C2C(=NCC1=O)C1=C(F)C=CC=C1,SAADBVWGJQAEFS-UHFFFAOYSA-N,17617-23-1,DrugCentral,FDA_Approved.csv (current) + structures.smiles.tsv (2021_09_01),2026-07-29
1219,flurbiprofen,CC(C(O)=O)C1=CC(F)=C(C=C1)C1=CC=CC=C1,SYTBZMRGLBWNTM-UHFFFAOYSA-N,5104-49-4,DrugCentral,FDA_Approved.csv (current) + structures.smiles.tsv (2021_09_01),2026-07-29
1223,flutamide,CC(C)C(=O)NC1=CC(=C(C=C1)[N+]([O-])=O)C(F)(F)F,MKXKFYHWDHIYRV-UHFFFAOYSA-N,13311-84-7,DrugCentral,FDA_Approved.csv (current) + structures.smiles.tsv (2021_09_01),2026-07-29
1884,naratriptan,CNS(=O)(=O)CCC1=CC=C2NC=C(C3CCN(C)CC3)C2=C1,AMKVXSZCKVJAGH-UHFFFAOYSA-N,121679-13-8,DrugCentral,FDA_Approved.csv (current) + structures.smiles.tsv (2021_09_01),2026-07-29
1225,fluticasone propionate,CCC(=O)O[C@@]1([C@H](C)C[C@H]2[C@@H]3C[C@H](F)C4=CC(=O)C=C[C@]4(C)[C@@]3(F)[C@@H](O)C[C@]12C)C(=O)SCF,WMWTYOKRWGGJOA-CENSZEJFSA-N,80474-14-2,DrugCentral,FDA_Approved.csv (current) + structures.smiles.tsv (2021_09_01),2026-07-29
1229,fluvastatin,CC(C)N1C(\C=C\[C@H](O)C[C@H](O)CC(O)=O)=C(C2=C1C=CC=C2)C1=CC=C(F)C=C1,FJLGEFLZQAZZCD-JUFISIKESA-N,93957-54-1,DrugCentral,FDA_Approved.csv (current) + structures.smiles.tsv (2021_09_01),2026-07-29
1231,folic acid,NC1=NC(=O)C2=NC(CNC3=CC=C(C=C3)C(=O)N[C@@H](CCC(O)=O)C(O)=O)=CNC2=N1,OVBPIULPVIDEAO-LBPRGKRZSA-N,59-30-3,DrugCentral,FDA_Approved.csv (current) + structures.smiles.tsv (2021_09_01),2026-07-29
1239,formoterol,COC1=CC=C(CC(C)NCC(O)C2=CC(NC=O)=C(O)C=C2)C=C1,BPZSYCZIITTYBL-UHFFFAOYSA-N,73573-87-2,DrugCentral,FDA_Approved.csv (current) + structures.smiles.tsv (2021_09_01),2026-07-29
1240,fosamprenavir,CC(C)CN(C[C@@H](OP(O)(O)=O)[C@H](CC1=CC=CC=C1)NC(=O)O[C@H]1CCOC1)S(=O)(=O)C1=CC=C(N)C=C1,MLBVMOWEQCZNCC-OEMFJLHTSA-N,226700-79-4,DrugCentral,FDA_Approved.csv (current) + structures.smiles.tsv (2021_09_01),2026-07-29
1243,fosfomycin,C[C@@H]1O[C@@H]1P(O)(O)=O,YMDXZJFXQJVXBF-STHAYSLISA-N,23155-02-4,DrugCentral,FDA_Approved.csv (current) + structures.smiles.tsv (2021_09_01),2026-07-29
1245,fosinopril,CCC(=O)O[C@@H](O[P@](=O)(CCCCC1=CC=CC=C1)CC(=O)N1C[C@@H](C[C@H]1C(O)=O)C1CCCCC1)C(C)C,BIDNLKIUORFRQP-XYGFDPSESA-N,98048-97-6,DrugCentral,FDA_Approved.csv (current) + structures.smiles.tsv (2021_09_01),2026-07-29
1251,frovatriptan,CN[C@@H]1CCC2=C(C1)C1=CC(=CC=C1N2)C(N)=O,XPSQPHWEGNHMSK-SECBINFHSA-N,158747-02-5,DrugCentral,FDA_Approved.csv (current) + structures.smiles.tsv (2021_09_01),2026-07-29
1505,isosorbide dinitrate,[O-][N+](=O)O[C@@H]1CO[C@@H]2[C@H](CO[C@H]12)O[N+]([O-])=O,MOYKHGMNXAOIAT-JGWLITMVSA-N,87-33-2,DrugCentral,FDA_Approved.csv (current) + structures.smiles.tsv (2021_09_01),2026-07-29
1255,fulvestrant,C[C@]12CC[C@H]3[C@H]([C@@H]1CC[C@@H]2O)[C@H](CCCCCCCCCS(=O)CCCC(F)(F)C(F)(F)F)CC1=CC(O)=CC=C31,VWUXBMIQPBEWFH-WCCTWKNTSA-N,129453-61-8,DrugCentral,FDA_Approved.csv (current) + structures.smiles.tsv (2021_09_01),2026-07-29
1272,galantamine,COC1=CC=C2CN(C)CC[C@@]34C=C[C@H](O)C[C@@H]3OC1=C24,ASUTZQLVASHGKV-JDFRZJQESA-N,357-70-0,DrugCentral,FDA_Approved.csv (current) + structures.smiles.tsv (2021_09_01),2026-07-29
1277,ganciclovir,NC1=NC2=C(N=CN2COC(CO)CO)C(=O)N1,IRSCQMHQWWYFCW-UHFFFAOYSA-N,82410-32-0,DrugCentral,FDA_Approved.csv (current) + structures.smiles.tsv (2021_09_01),2026-07-29
1280,gatifloxacin,COC1=C2N(C=C(C(O)=O)C(=O)C2=CC(F)=C1N1CCNC(C)C1)C1CC1,XUBOMFCQGDBHNK-UHFFFAOYSA-N,112811-59-3,DrugCentral,FDA_Approved.csv (current) + structures.smiles.tsv (2021_09_01),2026-07-29
1282,gefitinib,COC1=C(OCCCN2CCOCC2)C=C2C(NC3=CC(Cl)=C(F)C=C3)=NC=NC2=C1,XGALLCVXEZPNRQ-UHFFFAOYSA-N,184475-35-2,DrugCentral,FDA_Approved.csv (current) + structures.smiles.tsv (2021_09_01),2026-07-29
1283,gemcitabine,NC1=NC(=O)N(C=C1)[C@@H]1O[C@H](CO)[C@@H](O)C1(F)F,SDUQYLNIPVEERB-QPPQHZFASA-N,95058-81-4,DrugCentral,FDA_Approved.csv (current) + structures.smiles.tsv (2021_09_01),2026-07-29
1300,glimepiride,CCC1=C(C)CN(C(=O)NCCC2=CC=C(C=C2)S(=O)(=O)NC(=O)N[C@H]2CC[C@H](C)CC2)C1=O,WIGIZIANZCJQQY-RUCARUNLSA-N,93479-97-1,DrugCentral,FDA_Approved.csv (current) + structures.smiles.tsv (2021_09_01),2026-07-29
1307,glucosamine,N[C@H]1C(O)O[C@H](CO)[C@@H](O)[C@@H]1O,MSWZFWKMSRAUBD-IVMDWMLBSA-N,3416-24-8,DrugCentral,FDA_Approved.csv (current) + structures.smiles.tsv (2021_09_01),2026-07-29
1314,glibenclamide,COC1=C(C=C(Cl)C=C1)C(=O)NCCC1=CC=C(C=C1)S(=O)(=O)NC(=O)NC1CCCCC1,ZNNLBTZKUZBEKO-UHFFFAOYSA-N,10238-21-8,DrugCentral,FDA_Approved.csv (current) + structures.smiles.tsv (2021_09_01),2026-07-29
1327,goserelin,CC(C)C[C@H](NC(=O)[C@@H](COC(C)(C)C)NC(=O)[C@H](CC1=CC=C(O)C=C1)NC(=O)[C@H](CO)NC(=O)[C@H](CC1=CNC2=C1C=CC=C2)NC(=O)[C@H](CC1=CNC=N1)NC(=O)[C@@H]1CCC(=O)N1)C(=O)N[C@@H](CCCNC(N)=N)C(=O)N1CCC[C@H]1C(=O)NNC(N)=O,BLCLNMBMMGCOAS-URPVMXJPSA-N,65807-02-5,DrugCentral,FDA_Approved.csv (current) + structures.smiles.tsv (2021_09_01),2026-07-29
1329,granisetron,CN1N=C(C(=O)N[C@@H]2C[C@@H]3CCC[C@H](C2)N3C)C2=C1C=CC=C2,MFWNKCLOYSRHCJ-BTTYYORXSA-N,109889-09-0,DrugCentral,FDA_Approved.csv (current) + structures.smiles.tsv (2021_09_01),2026-07-29
1343,guanfacine,NC(=N)NC(=O)CC1=C(Cl)C=CC=C1Cl,INJOMKTZOLKMBF-UHFFFAOYSA-N,29110-47-2,DrugCentral,FDA_Approved.csv (current) + structures.smiles.tsv (2021_09_01),2026-07-29
1353,haloperidol,OC1(CCN(CCCC(=O)C2=CC=C(F)C=C2)CC1)C1=CC=C(Cl)C=C1,LNEPOXFFQSENCJ-UHFFFAOYSA-N,52-86-8,DrugCentral,FDA_Approved.csv (current) + structures.smiles.tsv (2021_09_01),2026-07-29
1375,histamine,NCCC1=CN=CN1,NTYJJOPFIAHURM-UHFFFAOYSA-N,51-45-6,DrugCentral,FDA_Approved.csv (current) + structures.smiles.tsv (2021_09_01),2026-07-29
1377,histidine,N[C@@H](CC1=CN=CN1)C(O)=O,HNDVDQJCIGZPNO-YFKPBYRVSA-N,71-00-1,DrugCentral,FDA_Approved.csv (current) + structures.smiles.tsv (2021_09_01),2026-07-29
1379,homatropine,CN1[C@H]2CC[C@@H]1C[C@@H](C2)OC(=O)C(O)C1=CC=CC=C1,ZTVIKZXZYLEVOL-MCOXGKPRSA-N,87-00-3,DrugCentral,FDA_Approved.csv (current) + structures.smiles.tsv (2021_09_01),2026-07-29
1384,hydralazine,NNC1=NN=CC2=CC=CC=C12,RPTUSVTUFVMDQK-UHFFFAOYSA-N,86-54-4,DrugCentral,FDA_Approved.csv (current) + structures.smiles.tsv (2021_09_01),2026-07-29
1386,hydrocodone,COC1=CC=C2C[C@@H]3[C@@H]4CCC(=O)[C@@H]5OC1=C2[C@]45CCN3C,LLPOLZWFYMWNKH-CMKMFDCUSA-N,125-29-1,DrugCentral,FDA_Approved.csv (current) + structures.smiles.tsv (2021_09_01),2026-07-29
1393,hydromorphone,CN1CC[C@@]23[C@H]4OC5=C2C(C[C@@H]1[C@@H]3CCC4=O)=CC=C5O,WVLOADHCBXTIJK-YNHQPCIGSA-N,466-99-9,DrugCentral,FDA_Approved.csv (current) + structures.smiles.tsv (2021_09_01),2026-07-29
1395,hydroxychloroquine,CCN(CCO)CCCC(C)NC1=CC=NC2=CC(Cl)=CC=C12,XXSMGPRMXLTPCZ-UHFFFAOYSA-N,118-42-3,DrugCentral,FDA_Approved.csv (current) + structures.smiles.tsv (2021_09_01),2026-07-29
1400,hydroxyzine,OCCOCCN1CCN(CC1)C(C1=CC=CC=C1)C1=CC=C(Cl)C=C1,ZQDWXGKKHFNSQK-UHFFFAOYSA-N,68-88-2,DrugCentral,FDA_Approved.csv (current) + structures.smiles.tsv (2021_09_01),2026-07-29
1529,ketorolac,OC(=O)C1CCN2C1=CC=C2C(=O)C1=CC=CC=C1,OZWKMVRBQXNZKK-UHFFFAOYSA-N,74103-06-3,DrugCentral,FDA_Approved.csv (current) + structures.smiles.tsv (2021_09_01),2026-07-29
1404,ibandronic acid,CCCCCN(C)CCC(O)(P(O)(O)=O)P(O)(O)=O,MPBVHIBUJCELCL-UHFFFAOYSA-N,114084-78-5,DrugCentral,FDA_Approved.csv (current) + structures.smiles.tsv (2021_09_01),2026-07-29
1407,ibuprofen,CC(C)CC1=CC=C(C=C1)C(C)C(O)=O,HEFNNWSXXWATRW-UHFFFAOYSA-N,15687-27-1,DrugCentral,FDA_Approved.csv (current) + structures.smiles.tsv (2021_09_01),2026-07-29
1414,idarubicin,C[C@@H]1O[C@H](C[C@H](N)[C@@H]1O)O[C@H]1C[C@@](O)(CC2=C(O)C3=C(C(O)=C12)C(=O)C1=CC=CC=C1C3=O)C(C)=O,XDXDZDZNSLXDNA-TZNDIEGXSA-N,58957-92-9,DrugCentral,FDA_Approved.csv (current) + structures.smiles.tsv (2021_09_01),2026-07-29
1421,ifosfamide,ClCCNP1(=O)OCCCN1CCCl,HOMGKSMUEGBAAB-UHFFFAOYSA-N,3778-73-2,DrugCentral,FDA_Approved.csv (current) + structures.smiles.tsv (2021_09_01),2026-07-29
1423,imatinib,CN1CCN(CC2=CC=C(C=C2)C(=O)NC2=CC=C(C)C(NC3=NC=CC(=N3)C3=CN=CC=C3)=C2)CC1,KTUFNOKKBVMGRW-UHFFFAOYSA-N,152459-95-5,DrugCentral,FDA_Approved.csv (current) + structures.smiles.tsv (2021_09_01),2026-07-29
1426,imipenem,C[C@@H](O)[C@@H]1[C@H]2CC(SCCNC=N)=C(N2C1=O)C(O)=O,ZSKVGTPCRGIANV-ZXFLCMHBSA-N,64221-86-9,DrugCentral,FDA_Approved.csv (current) + structures.smiles.tsv (2021_09_01),2026-07-29
1433,indapamide,CC1CC2=C(C=CC=C2)N1NC(=O)C1=CC(=C(Cl)C=C1)S(N)(=O)=O,NDDAHWYSQHTHNT-UHFFFAOYSA-N,26807-65-8,DrugCentral,FDA_Approved.csv (current) + structures.smiles.tsv (2021_09_01),2026-07-29
1437,indinavir,CC(C)(C)NC(=O)[C@@H]1CN(CC2=CN=CC=C2)CCN1C[C@@H](O)C[C@@H](CC1=CC=CC=C1)C(=O)N[C@@H]1[C@H](O)CC2=C1C=CC=C2,CBVCZFGXHXORBI-PXQQMZJSSA-N,150378-17-9,DrugCentral,FDA_Approved.csv (current) + structures.smiles.tsv (2021_09_01),2026-07-29
1440,indomethacin,COC1=CC2=C(C=C1)N(C(=O)C1=CC=C(Cl)C=C1)C(C)=C2CC(O)=O,CGIGDMFJXJATDK-UHFFFAOYSA-N,53-86-1,DrugCentral,FDA_Approved.csv (current) + structures.smiles.tsv (2021_09_01),2026-07-29
1468,iopromide,COCC(=O)NC1=C(I)C(C(=O)N(C)CC(O)CO)=C(I)C(C(=O)NCC(O)CO)=C1I,DGAIEPBNLOQYER-UHFFFAOYSA-N,73334-07-3,DrugCentral,FDA_Approved.csv (current) + structures.smiles.tsv (2021_09_01),2026-07-29
1469,iotalamic acid,CNC(=O)C1=C(I)C(C(O)=O)=C(I)C(NC(C)=O)=C1I,UXIGWFXRQKWHHA-UHFFFAOYSA-N,2276-90-6,DrugCentral,FDA_Approved.csv (current) + structures.smiles.tsv (2021_09_01),2026-07-29
1506,isosorbide mononitrate,O[C@H]1CO[C@@H]2[C@@H](CO[C@H]12)O[N+]([O-])=O,YWXYYJSYQOXTPL-SLPGGIOYSA-N,16051-77-7,DrugCentral,FDA_Approved.csv (current) + structures.smiles.tsv (2021_09_01),2026-07-29
1471,ioversol,OCCN(C(=O)CO)C1=C(I)C(C(=O)NCC(O)CO)=C(I)C(C(=O)NCC(O)CO)=C1I,AMDBBAQNWSUWGN-UHFFFAOYSA-N,87771-40-2,DrugCentral,FDA_Approved.csv (current) + structures.smiles.tsv (2021_09_01),2026-07-29
1475,ipratropium,CC(C)[N+]1(C)[C@H]2CC[C@@H]1C[C@@H](C2)OC(=O)C(CO)C1=CC=CC=C1,OEXHQOGQTVQTAT-BHIXFJMTSA-N,60205-81-4,DrugCentral,FDA_Approved.csv (current) + structures.smiles.tsv (2021_09_01),2026-07-29
1481,irbesartan,CCCCC1=NC2(CCCC2)C(=O)N1CC1=CC=C(C=C1)C1=CC=CC=C1C1=NN=NN1,YOSHYTLCDANDAN-UHFFFAOYSA-N,138402-11-6,DrugCentral,FDA_Approved.csv (current) + structures.smiles.tsv (2021_09_01),2026-07-29
1482,irinotecan,CCC1=C2CN3C(=CC4=C(COC(=O)[C@]4(O)CC)C3=O)C2=NC2=CC=C(OC(=O)N3CCC(CC3)N3CCCCC3)C=C12,UWKQSNNFCGGAFS-XIFFEERXSA-N,97682-44-5,DrugCentral,FDA_Approved.csv (current) + structures.smiles.tsv (2021_09_01),2026-07-29
1499,isoprenaline,CC(C)NCC(O)C1=CC=C(O)C(O)=C1,JWZZKOKVBUJMES-UHFFFAOYSA-N,7683-59-2,DrugCentral,FDA_Approved.csv (current) + structures.smiles.tsv (2021_09_01),2026-07-29
1511,isradipine,COC(=O)C1=C(C)NC(C)=C(C1C1=CC=CC2=NON=C12)C(=O)OC(C)C,HMJIYCCIJYRONP-UHFFFAOYSA-N,75695-93-1,DrugCentral,FDA_Approved.csv (current) + structures.smiles.tsv (2021_09_01),2026-07-29
1517,ixabepilone,C[C@H]1CCC[C@@]2(C)O[C@H]2C[C@H](NC(=O)C[C@H](O)C(C)(C)C(=O)[C@H](C)[C@H]1O)C(\C)=C\C1=CSC(C)=N1,FABUFPQFXZVHFB-PVYNADRNSA-N,219989-84-1,DrugCentral,FDA_Approved.csv (current) + structures.smiles.tsv (2021_09_01),2026-07-29
1527,ketoconazole,CC(=O)N1CCN(CC1)C1=CC=C(OCC2COC(CN3C=CN=C3)(O2)C2=C(Cl)C=C(Cl)C=C2)C=C1,XMAYWYJOQHXEEK-UHFFFAOYSA-N,65277-42-1,DrugCentral,FDA_Approved.csv (current) + structures.smiles.tsv (2021_09_01),2026-07-29
1531,labetalol,CC(CCC1=CC=CC=C1)NCC(O)C1=CC(C(N)=O)=C(O)C=C1,SGUAFYQXFOLMHL-UHFFFAOYSA-N,36894-69-6,DrugCentral,FDA_Approved.csv (current) + structures.smiles.tsv (2021_09_01),2026-07-29
1540,lamotrigine,NC1=NN=C(C(N)=N1)C1=C(Cl)C(Cl)=CC=C1,PYZRQGJRPPTADH-UHFFFAOYSA-N,84057-84-1,DrugCentral,FDA_Approved.csv (current) + structures.smiles.tsv (2021_09_01),2026-07-29
1546,lanreotide,CC(C)[C@@H]1NC(=O)[C@H](CCCCN)NC(=O)[C@@H](CC2=CNC3=C2C=CC=C3)NC(=O)[C@H](CC2=CC=C(O)C=C2)NC(=O)[C@H](CSSC[C@H](NC1=O)C(=O)N[C@@H]([C@@H](C)O)C(N)=O)NC(=O)[C@@H](N)CC1=CC=C2C=CC=CC2=C1,PUDHBTGHUJUUFI-PURAGXGVSA-N,108736-35-2,DrugCentral,FDA_Approved.csv (current) + structures.smiles.tsv (2021_09_01),2026-07-29
1547,lansoprazole,CC1=C(CS(=O)C2=NC3=C(N2)C=CC=C3)N=CC=C1OCC(F)(F)F,MJIHNNLFOKEZEW-UHFFFAOYSA-N,103577-45-3,DrugCentral,FDA_Approved.csv (current) + structures.smiles.tsv (2021_09_01),2026-07-29
1548,lapatinib,CS(=O)(=O)CCNCC1=CC=C(O1)C1=CC=C2N=CN=C(NC3=CC(Cl)=C(OCC4=CC(F)=CC=C4)C=C3)C2=C1,BCFGMOOMADDAQU-UHFFFAOYSA-N,231277-92-2,DrugCentral,FDA_Approved.csv (current) + structures.smiles.tsv (2021_09_01),2026-07-29
1549,arginine,N[C@@H](CCCNC(N)=N)C(O)=O,ODKSFYDXXFIFQN-BYPYZUCNSA-N,74-79-3,DrugCentral,FDA_Approved.csv (current) + structures.smiles.tsv (2021_09_01),2026-07-29
1551,latanoprost,CC(C)OC(=O)CCC\C=C/C[C@H]1[C@@H](O)C[C@@H](O)[C@@H]1CC[C@@H](O)CCC1=CC=CC=C1,GGXICVAJURFBLW-CEYXHVGTSA-N,130209-82-4,DrugCentral,FDA_Approved.csv (current) + structures.smiles.tsv (2021_09_01),2026-07-29
1556,letrozole,N#CC1=CC=C(C=C1)C(N1C=NC=N1)C1=CC=C(C=C1)C#N,HPJKCIUCZWXJDR-UHFFFAOYSA-N,112809-51-5,DrugCentral,FDA_Approved.csv (current) + structures.smiles.tsv (2021_09_01),2026-07-29
1557,leucine,CC(C)C[C@H](N)C(O)=O,ROHFNLRQFUQHCH-YFKPBYRVSA-N,61-90-5,DrugCentral,FDA_Approved.csv (current) + structures.smiles.tsv (2021_09_01),2026-07-29
1559,leuprorelin,CCNC(=O)[C@@H]1CCCN1C(=O)[C@H](CCCNC(N)=N)NC(=O)[C@H](CC(C)C)NC(=O)[C@@H](CC(C)C)NC(=O)[C@H](CC1=CC=C(O)C=C1)NC(=O)[C@H](CO)NC(=O)[C@H](CC1=CNC2=C1C=CC=C2)NC(=O)[C@H](CC1=CNC=N1)NC(=O)[C@@H]1CCC(=O)N1,GFIJNRVAKGFPGQ-LIJARHBVSA-N,53714-56-0,DrugCentral,FDA_Approved.csv (current) + structures.smiles.tsv (2021_09_01),2026-07-29
1567,levodopa,N[C@@H](CC1=CC(O)=C(O)C=C1)C(O)=O,WTDRDQBEARUVNC-LURJTMIESA-N,59-92-7,DrugCentral,FDA_Approved.csv (current) + structures.smiles.tsv (2021_09_01),2026-07-29
1569,levofloxacin,C[C@H]1COC2=C(N3CCN(C)CC3)C(F)=CC3=C2N1C=C(C(O)=O)C3=O,GSDSWSVVBLHKDQ-JTQLQIEISA-N,100986-85-4,DrugCentral,FDA_Approved.csv (current) + structures.smiles.tsv (2021_09_01),2026-07-29
1572,levonorgestrel,CC[C@]12CC[C@H]3[C@@H](CCC4=CC(=O)CC[C@H]34)[C@@H]1CC[C@@]2(O)C#C,WWYNJERNGUHSAO-XUDSTZEESA-N,797-63-7,DrugCentral,FDA_Approved.csv (current) + structures.smiles.tsv (2021_09_01),2026-07-29
1574,levorphanol,CN1CC[C@]23CCCC[C@H]2[C@H]1CC1=C3C=C(O)C=C1,JAQUASYNZVUNQP-USXIJHARSA-N,77-07-6,DrugCentral,FDA_Approved.csv (current) + structures.smiles.tsv (2021_09_01),2026-07-29
1584,linezolid,CC(=O)NC[C@H]1CN(C(=O)O1)C1=CC(F)=C(C=C1)N1CCOCC1,TYZROVQLWOKYKF-ZDUSSCGKSA-N,165800-03-3,DrugCentral,FDA_Approved.csv (current) + structures.smiles.tsv (2021_09_01),2026-07-29
1587,lisinopril,NCCCC[C@H](N[C@@H](CCC1=CC=CC=C1)C(O)=O)C(=O)N1CCC[C@H]1C(O)=O,RLAWWYSOJDYHDC-BZSNNMDCSA-N,76547-98-3,DrugCentral,FDA_Approved.csv (current) + structures.smiles.tsv (2021_09_01),2026-07-29
1603,loracarbef,N[C@@H](C(=O)N[C@H]1[C@H]2CCC(Cl)=C(N2C1=O)C(O)=O)C1=CC=CC=C1,JAPHQRWPEGVNBT-UTUOFQBUSA-N,76470-66-1,DrugCentral,FDA_Approved.csv (current) + structures.smiles.tsv (2021_09_01),2026-07-29
1605,loratadine,CCOC(=O)N1CCC(CC1)=C1C2=CC=C(Cl)C=C2CCC2=C1N=CC=C2,JCCNYMKQOSZNPW-UHFFFAOYSA-N,79794-75-5,DrugCentral,FDA_Approved.csv (current) + structures.smiles.tsv (2021_09_01),2026-07-29
1606,lorazepam,OC1N=C(C2=CC(Cl)=CC=C2NC1=O)C1=C(Cl)C=CC=C1,DIWRORZWFLOCLC-UHFFFAOYSA-N,846-49-1,DrugCentral,FDA_Approved.csv (current) + structures.smiles.tsv (2021_09_01),2026-07-29
1610,losartan,CCCCC1=NC(Cl)=C(CO)N1CC1=CC=C(C=C1)C1=C(C=CC=C1)C1=NN=NN1,PSIFNNKUMBGKDQ-UHFFFAOYSA-N,114798-26-4,DrugCentral,FDA_Approved.csv (current) + structures.smiles.tsv (2021_09_01),2026-07-29
1612,lovastatin,CC[C@H](C)C(=O)O[C@H]1C[C@@H](C)C=C2C=C[C@H](C)[C@H](CC[C@@H]3C[C@@H](O)CC(=O)O3)[C@@H]12,PCZOHLXUXFIOCF-BXMDZJJMSA-N,75330-75-5,DrugCentral,FDA_Approved.csv (current) + structures.smiles.tsv (2021_09_01),2026-07-29
1690,pethidine,CCOC(=O)C1(CCN(C)CC1)C1=CC=CC=C1,XADCESSVHJOZHK-UHFFFAOYSA-N,57-42-1,DrugCentral,FDA_Approved.csv (current) + structures.smiles.tsv (2021_09_01),2026-07-29
1622,lysine,NCCCC[C@H](N)C(O)=O,KDXKERNSBIXSRK-YFKPBYRVSA-N,56-87-1,DrugCentral,FDA_Approved.csv (current) + structures.smiles.tsv (2021_09_01),2026-07-29
1626,malathion,CCOC(=O)CC(SP(=S)(OC)OC)C(=O)OCC,JXSJBGJIGXNWCI-UHFFFAOYSA-N,121-75-5,DrugCentral,FDA_Approved.csv (current) + structures.smiles.tsv (2021_09_01),2026-07-29
1635,maraviroc,CC(C)C1=NN=C(C)N1[C@@H]1C[C@@H]2CC[C@H](C1)N2CC[C@H](NC(=O)C1CCC(F)(F)CC1)C1=CC=CC=C1,GSNHKUDZZFZSJB-QUMGSSFMSA-N,376348-65-1,DrugCentral,FDA_Approved.csv (current) + structures.smiles.tsv (2021_09_01),2026-07-29
1649,meclozine,CC1=CC=CC(CN2CCN(CC2)C(C2=CC=CC=C2)C2=CC=C(Cl)C=C2)=C1,OCJYIGYOJCODJL-UHFFFAOYSA-N,569-65-3,DrugCentral,FDA_Approved.csv (current) + structures.smiles.tsv (2021_09_01),2026-07-29
1798,micafungin,CCCCCOC1=CC=C(C=C1)C1=CC(=NO1)C1=CC=C(C=C1)C(=O)N[C@H]1C[C@@H](O)[C@@H](O)NC(=O)[C@@H]2[C@@H](O)[C@@H](C)CN2C(=O)[C@@H](NC(=O)C(NC(=O)[C@@H]2C[C@@H](O)CN2C(=O)C(NC1=O)[C@@H](C)O)[C@H](O)[C@@H](O)C1=CC(OS(O)(=O)=O)=C(O)C=C1)[C@H](O)CC(N)=O,PIEUQSKUWLMALL-LXWXBMNESA-N,235114-32-6,DrugCentral,FDA_Approved.csv (current) + structures.smiles.tsv (2021_09_01),2026-07-29
1659,medroxyprogesterone,C[C@H]1C[C@H]2[C@@H]3CC[C@](OC(C)=O)(C(C)=O)[C@@]3(C)CC[C@@H]2[C@@]2(C)CCC(=O)C=C12,PSGAAPLEWMOORI-PEINSRQWSA-N,71-58-9,DrugCentral,FDA_Approved.csv (current) + structures.smiles.tsv (2021_09_01),2026-07-29
1663,mefenamic acid,CC1=CC=CC(NC2=C(C=CC=C2)C(O)=O)=C1C,HYYBABOKPJLUIN-UHFFFAOYSA-N,61-68-7,DrugCentral,FDA_Approved.csv (current) + structures.smiles.tsv (2021_09_01),2026-07-29
1678,melphalan,N[C@@H](CC1=CC=C(C=C1)N(CCCl)CCCl)C(O)=O,SGDBTWWWUNNDEQ-LBPRGKRZSA-N,148-82-3,DrugCentral,FDA_Approved.csv (current) + structures.smiles.tsv (2021_09_01),2026-07-29
1704,meprobamate,CCCC(C)(COC(N)=O)COC(N)=O,NPPQSCRMBWNHMW-UHFFFAOYSA-N,57-53-4,DrugCentral,FDA_Approved.csv (current) + structures.smiles.tsv (2021_09_01),2026-07-29
1708,mercaptopurine,S=C1N=CNC2=C1NC=N2,GLVAUDGFNGKCSF-UHFFFAOYSA-N,50-44-2,DrugCentral,FDA_Approved.csv (current) + structures.smiles.tsv (2021_09_01),2026-07-29
1709,meropenem,C[C@@H](O)[C@@H]1[C@H]2[C@@H](C)C(S[C@@H]3CN[C@@H](C3)C(=O)N(C)C)=C(N2C1=O)C(O)=O,DMJNNHOOLUXYBV-PQTSNVLCSA-N,96036-03-2,DrugCentral,FDA_Approved.csv (current) + structures.smiles.tsv (2021_09_01),2026-07-29
1741,methazolamide,CN1N=C(SC1=NC(C)=O)S(N)(=O)=O,FLOSMHQXBMRNHR-UHFFFAOYSA-N,554-57-4,DrugCentral,FDA_Approved.csv (current) + structures.smiles.tsv (2021_09_01),2026-07-29
1751,methotrexate,CN(CC1=CN=C2N=C(N)N=C(N)C2=N1)C1=CC=C(C=C1)C(=O)N[C@@H](CCC(O)=O)C(O)=O,FBOZXECLQNJBKD-ZDUSSCGKSA-N,59-05-2,DrugCentral,FDA_Approved.csv (current) + structures.smiles.tsv (2021_09_01),2026-07-29
1752,levomepromazine,COC1=CC2=C(SC3=CC=CC=C3N2C[C@H](C)CN(C)C)C=C1,VRQVVMDWGGWHTJ-CQSZACIVSA-N,60-99-1,DrugCentral,FDA_Approved.csv (current) + structures.smiles.tsv (2021_09_01),2026-07-29
1764,methylergometrine,CC[C@@H](CO)NC(=O)[C@H]1CN(C)[C@@H]2CC3=CNC4=CC=CC(=C34)C2=C1,UNBRKDKAWYKMIV-QWQRMKEZSA-N,113-42-8,DrugCentral,FDA_Approved.csv (current) + structures.smiles.tsv (2021_09_01),2026-07-29
1782,metoclopramide,CCN(CC)CCNC(=O)C1=C(OC)C=C(N)C(Cl)=C1,TTWJBBZEZQICBI-UHFFFAOYSA-N,364-62-5,DrugCentral,FDA_Approved.csv (current) + structures.smiles.tsv (2021_09_01),2026-07-29
1783,metolazone,CC1NC2=CC(Cl)=C(C=C2C(=O)N1C1=C(C)C=CC=C1)S(N)(=O)=O,AQCHWTWZEMGIFD-UHFFFAOYSA-N,17560-51-9,DrugCentral,FDA_Approved.csv (current) + structures.smiles.tsv (2021_09_01),2026-07-29
1791,metyrapone,CC(C)(C(=O)C1=CN=CC=C1)C1=CN=CC=C1,FJLBFSROUSIWMA-UHFFFAOYSA-N,54-36-4,DrugCentral,FDA_Approved.csv (current) + structures.smiles.tsv (2021_09_01),2026-07-29
1810,miltefosine,CCCCCCCCCCCCCCCCOP([O-])(=O)OCC[N+](C)(C)C,PQLXHQMOHUQAKB-UHFFFAOYSA-N,58066-85-6,DrugCentral,FDA_Approved.csv (current) + structures.smiles.tsv (2021_09_01),2026-07-29
1802,midazolam,CC1=NC=C2CN=C(C3=CC(Cl)=CC=C3N12)C1=C(F)C=CC=C1,DDLIGBOFAVUZHB-UHFFFAOYSA-N,59467-70-8,DrugCentral,FDA_Approved.csv (current) + structures.smiles.tsv (2021_09_01),2026-07-29
1803,midodrine,COC1=CC(C(O)CNC(=O)CN)=C(OC)C=C1,PTKSEFOSCHHMPD-UHFFFAOYSA-N,42794-76-3,DrugCentral,FDA_Approved.csv (current) + structures.smiles.tsv (2021_09_01),2026-07-29
1805,mifepristone,CC#C[C@]1(O)CC[C@H]2[C@@H]3CCC4=CC(=O)CCC4=C3[C@H](C[C@]12C)C1=CC=C(C=C1)N(C)C,VKHAHZOOUSRJNA-GCNJZUOMSA-N,84371-65-3,DrugCentral,FDA_Approved.csv (current) + structures.smiles.tsv (2021_09_01),2026-07-29
1806,miglitol,OCCN1C[C@H](O)[C@@H](O)[C@H](O)[C@H]1CO,IBAQFPQHRJAVAV-ULAWRXDQSA-N,72432-03-2,DrugCentral,FDA_Approved.csv (current) + structures.smiles.tsv (2021_09_01),2026-07-29
1807,miglustat,CCCCN1C[C@H](O)[C@@H](O)[C@H](O)[C@H]1CO,UQRORFVVSGFNRO-UTINFBMNSA-N,72599-27-0,DrugCentral,FDA_Approved.csv (current) + structures.smiles.tsv (2021_09_01),2026-07-29
1808,milnacipran,CCN(CC)C(=O)C1(CC1CN)C1=CC=CC=C1,GJJFMKBJSRMPLA-UHFFFAOYSA-N,92623-85-3,DrugCentral,FDA_Approved.csv (current) + structures.smiles.tsv (2021_09_01),2026-07-29
1817,misoprostol,CCCCC(C)(O)C\C=C\[C@H]1[C@H](O)CC(=O)[C@@H]1CCCCCCC(=O)OC,OJLOPKGSLYJEMD-URPKTTJQSA-N,59122-46-2,DrugCentral,FDA_Approved.csv (current) + structures.smiles.tsv (2021_09_01),2026-07-29
1820,mitotane,ClC(Cl)C(C1=CC=C(Cl)C=C1)C1=C(Cl)C=CC=C1,JWBOIMRXGHLCPP-UHFFFAOYSA-N,53-19-0,DrugCentral,FDA_Approved.csv (current) + structures.smiles.tsv (2021_09_01),2026-07-29
1821,mitoxantrone,OCCNCCNC1=CC=C(NCCNCCO)C2=C1C(=O)C1=C(O)C=CC(O)=C1C2=O,KKZJGLLVHKMTCM-UHFFFAOYSA-N,65271-80-9,DrugCentral,FDA_Approved.csv (current) + structures.smiles.tsv (2021_09_01),2026-07-29
1845,morphine,CN1CC[C@]23[C@H]4OC5=C(O)C=CC(C[C@@H]1[C@@H]2C=C[C@@H]4O)=C35,BQJCRHHNABKAKU-KBQPJGBKSA-N,57-27-2,DrugCentral,FDA_Approved.csv (current) + structures.smiles.tsv (2021_09_01),2026-07-29
1854,moxifloxacin,COC1=C2N(C=C(C(O)=O)C(=O)C2=CC(F)=C1N1C[C@@H]2CCCN[C@@H]2C1)C1CC1,FABPRXSRWADJSP-MEDUHNTESA-N,151096-09-2,DrugCentral,FDA_Approved.csv (current) + structures.smiles.tsv (2021_09_01),2026-07-29
1860,mycophenolic acid,COC1=C(C\C=C(/C)CCC(O)=O)C(O)=C2C(=O)OCC2=C1C,HPNSFSBZBAHARI-RUDMXATFSA-N,37415-62-6,DrugCentral,FDA_Approved.csv (current) + structures.smiles.tsv (2021_09_01),2026-07-29
1862,nabilone,CCCCCCC(C)(C)C1=CC(O)=C2C3CC(=O)CCC3C(C)(C)OC2=C1,GECBBEABIDMGGL-UHFFFAOYSA-N,51022-71-0,DrugCentral,FDA_Approved.csv (current) + structures.smiles.tsv (2021_09_01),2026-07-29
1868,nafarelin,CC(C)C[C@H](NC(=O)[C@@H](CC1=CC2=C(C=CC=C2)C=C1)NC(=O)[C@H](CC1=CC=C(O)C=C1)NC(=O)[C@H](CO)NC(=O)[C@H](CC1=CNC2=C1C=CC=C2)NC(=O)[C@H](CC1=CNC=N1)NC(=O)[C@@H]1CCC(=O)N1)C(=O)N[C@@H](CCCNC(N)=N)C(=O)N1CCC[C@H]1C(=O)NCC(N)=O,RWHUEXWOYVBUCI-ITQXDASVSA-N,76932-56-4,DrugCentral,FDA_Approved.csv (current) + structures.smiles.tsv (2021_09_01),2026-07-29
1869,nafcillin,CCOC1=CC=C2C=CC=CC2=C1C(=O)N[C@H]1[C@H]2SC(C)(C)[C@@H](N2C1=O)C(O)=O,GPXLMGHLHQJAGZ-JTDSTZFVSA-N,147-52-4,DrugCentral,FDA_Approved.csv (current) + structures.smiles.tsv (2021_09_01),2026-07-29
1872,naftifine,CN(C\C=C\C1=CC=CC=C1)CC1=CC=CC2=CC=CC=C12,OZGNYLLQHRPOBR-DHZHZOJOSA-N,65472-88-0,DrugCentral,FDA_Approved.csv (current) + structures.smiles.tsv (2021_09_01),2026-07-29
1874,nalbuphine,O[C@H]1CC[C@@]2(O)[C@H]3CC4=CC=C(O)C5=C4[C@@]2(CCN3CC2CCC2)[C@H]1O5,NETZHAKZCGBWSS-CEDHKZHLSA-N,20594-83-6,DrugCentral,FDA_Approved.csv (current) + structures.smiles.tsv (2021_09_01),2026-07-29
1878,naloxone,OC1=CC=C2C[C@H]3N(CC=C)CC[C@@]45[C@@H](OC1=C24)C(=O)CC[C@@]35O,UZHSEJADLWPNLE-GRGSLBFTSA-N,465-65-6,DrugCentral,FDA_Approved.csv (current) + structures.smiles.tsv (2021_09_01),2026-07-29
1886,nateglinide,CC(C)[C@H]1CC[C@@H](CC1)C(=O)N[C@H](CC1=CC=CC=C1)C(O)=O,OELFLUMRDSZNSF-BRWVUGGUSA-N,105816-04-4,DrugCentral,FDA_Approved.csv (current) + structures.smiles.tsv (2021_09_01),2026-07-29
1887,nebivolol,OC(CNCC(O)C1CCC2=CC(F)=CC=C2O1)C1CCC2=CC(F)=CC=C2O1,KOHIRBRYDXPAMZ-UHFFFAOYSA-N,118457-14-0,DrugCentral,FDA_Approved.csv (current) + structures.smiles.tsv (2021_09_01),2026-07-29
1890,nefazodone,CCC1=NN(CCCN2CCN(CC2)C2=CC(Cl)=CC=C2)C(=O)N1CCOC1=CC=CC=C1,VRBKIVRKKCLPHA-UHFFFAOYSA-N,83366-66-9,DrugCentral,FDA_Approved.csv (current) + structures.smiles.tsv (2021_09_01),2026-07-29
1892,nelarabine,COC1=C2N=CN([C@@H]3O[C@H](CO)[C@@H](O)[C@@H]3O)C2=NC(N)=N1,IXOXBSCIXZEQEQ-UHTZMRCNSA-N,121032-29-9,DrugCentral,FDA_Approved.csv (current) + structures.smiles.tsv (2021_09_01),2026-07-29
1893,nelfinavir,CC1=C(C=CC=C1O)C(=O)N[C@@H](CSC1=CC=CC=C1)[C@H](O)CN1C[C@H]2CCCC[C@H]2C[C@H]1C(=O)NC(C)(C)C,QAGYKUNXZHXKMR-HKWSIXNMSA-N,159989-64-7,DrugCentral,FDA_Approved.csv (current) + structures.smiles.tsv (2021_09_01),2026-07-29
1899,nepafenac,NC(=O)CC1=C(N)C(=CC=C1)C(=O)C1=CC=CC=C1,QEFAQIPZVLVERP-UHFFFAOYSA-N,78281-72-8,DrugCentral,FDA_Approved.csv (current) + structures.smiles.tsv (2021_09_01),2026-07-29
1904,nevirapine,CC1=CC=NC2=C1NC(=O)C1=CC=CN=C1N2C1CC1,NQDJXKOVJZTUJA-UHFFFAOYSA-N,129618-40-2,DrugCentral,FDA_Approved.csv (current) + structures.smiles.tsv (2021_09_01),2026-07-29
1909,nicardipine,COC(=O)C1=C(C)NC(C)=C(C1C1=CC(=CC=C1)[N+]([O-])=O)C(=O)OCCN(C)CC1=CC=CC=C1,ZBBHBTPTTSWHBA-UHFFFAOYSA-N,55985-32-5,DrugCentral,FDA_Approved.csv (current) + structures.smiles.tsv (2021_09_01),2026-07-29
1920,nicotine,CN1CCC[C@H]1C1=CC=CN=C1,SNICXCGAKADSCV-JTQLQIEISA-N,54-11-5,DrugCentral,FDA_Approved.csv (current) + structures.smiles.tsv (2021_09_01),2026-07-29
1922,nifedipine,COC(=O)C1=C(C)NC(C)=C(C1C1=C(C=CC=C1)[N+]([O-])=O)C(=O)OC,HYIMSNHJOBLJNT-UHFFFAOYSA-N,21829-25-4,DrugCentral,FDA_Approved.csv (current) + structures.smiles.tsv (2021_09_01),2026-07-29
1932,nilotinib,CC1=CN(C=N1)C1=CC(=CC(NC(=O)C2=CC(NC3=NC=CC(=N3)C3=CN=CC=C3)=C(C)C=C2)=C1)C(F)(F)F,HHZIURLSWUIHRB-UHFFFAOYSA-N,641571-10-0,DrugCentral,FDA_Approved.csv (current) + structures.smiles.tsv (2021_09_01),2026-07-29
1937,nimodipine,COCCOC(=O)C1=C(C)NC(C)=C(C1C1=CC(=CC=C1)[N+]([O-])=O)C(=O)OC(C)C,UIAGMCDKSXEBJQ-UHFFFAOYSA-N,66085-59-4,DrugCentral,FDA_Approved.csv (current) + structures.smiles.tsv (2021_09_01),2026-07-29
1942,nisoldipine,COC(=O)C1=C(C)NC(C)=C(C1C1=C(C=CC=C1)[N+]([O-])=O)C(=O)OCC(C)C,VKQFCGNPDRICFG-UHFFFAOYSA-N,63675-72-9,DrugCentral,FDA_Approved.csv (current) + structures.smiles.tsv (2021_09_01),2026-07-29
1943,nitazoxanide,CC(=O)OC1=C(C=CC=C1)C(=O)NC1=NC=C(S1)[N+]([O-])=O,YQNQNVDNTFHQSW-UHFFFAOYSA-N,55981-09-4,DrugCentral,FDA_Approved.csv (current) + structures.smiles.tsv (2021_09_01),2026-07-29
1967,norfloxacin,CCN1C=C(C(O)=O)C(=O)C2=CC(F)=C(C=C12)N1CCNCC1,OGJPXUAPXNRGGI-UHFFFAOYSA-N,70458-96-7,DrugCentral,FDA_Approved.csv (current) + structures.smiles.tsv (2021_09_01),2026-07-29
1944,nitisinone,[O-][N+](=O)C1=C(C=CC(=C1)C(F)(F)F)C(=O)C1C(=O)CCCC1=O,OUBCNLGXQFSTLU-UHFFFAOYSA-N,104206-65-7,DrugCentral,FDA_Approved.csv (current) + structures.smiles.tsv (2021_09_01),2026-07-29
1955,nizatidine,CNC(NCCSCC1=CSC(CN(C)C)=N1)=C[N+]([O-])=O,SGXXNSQHWDMGGP-UHFFFAOYSA-N,76963-41-2,DrugCentral,FDA_Approved.csv (current) + structures.smiles.tsv (2021_09_01),2026-07-29
1960,norepinephrine,NC[C@H](O)C1=CC(O)=C(O)C=C1,SFLSHLFXELFNJZ-QMMMGPOBSA-N,51-41-2,DrugCentral,FDA_Approved.csv (current) + structures.smiles.tsv (2021_09_01),2026-07-29
1962,norethisterone,C[C@]12CC[C@H]3[C@@H](CCC4=CC(=O)CC[C@H]34)[C@@H]1CC[C@@]2(O)C#C,VIKNJXKGJWUCNN-XGXHKTLJSA-N,68-22-4,DrugCentral,FDA_Approved.csv (current) + structures.smiles.tsv (2021_09_01),2026-07-29
1963,norethindrone acetate,CC(=O)O[C@]1(CC[C@H]2[C@@H]3CCC4=CC(=O)CC[C@@H]4[C@H]3CC[C@]12C)C#C,IMONTRJLAWHYGT-ZCPXKWAGSA-N,51-98-9,DrugCentral,FDA_Approved.csv (current) + structures.smiles.tsv (2021_09_01),2026-07-29
1971,nortriptyline,CNCCC=C1C2=CC=CC=C2CCC2=C1C=CC=C2,PHVGLTMQBUFIQQ-UHFFFAOYSA-N,72-69-5,DrugCentral,FDA_Approved.csv (current) + structures.smiles.tsv (2021_09_01),2026-07-29
1980,octreotide,C[C@@H](O)[C@H](CO)NC(=O)[C@@H]1CSSC[C@H](NC(=O)[C@@H](N)CC2=CC=CC=C2)C(=O)N[C@@H](CC2=CC=CC=C2)C(=O)N[C@@H](CC2=CNC3=C2C=CC=C3)C(=O)N[C@@H](CCCCN)C(=O)N[C@@H]([C@@H](C)O)C(=O)N1,DEQANNDTNATYII-WKXAURAUSA-N,83150-76-9,DrugCentral,FDA_Approved.csv (current) + structures.smiles.tsv (2021_09_01),2026-07-29
1981,ofloxacin,CC1COC2=C(N3CCN(C)CC3)C(F)=CC3=C2N1C=C(C(O)=O)C3=O,GSDSWSVVBLHKDQ-UHFFFAOYSA-N,82419-36-1,DrugCentral,FDA_Approved.csv (current) + structures.smiles.tsv (2021_09_01),2026-07-29
1982,olanzapine,CN1CCN(CC1)C1=NC2=CC=CC=C2NC2=C1C=C(C)S2,KVWDHTXUZHCGIO-UHFFFAOYSA-N,132539-06-1,DrugCentral,FDA_Approved.csv (current) + structures.smiles.tsv (2021_09_01),2026-07-29
2017,oxcarbazepine,NC(=O)N1C2=CC=CC=C2C(=O)CC2=C1C=CC=C2,CTRLABGOLIVAIY-UHFFFAOYSA-N,28721-07-5,DrugCentral,FDA_Approved.csv (current) + structures.smiles.tsv (2021_09_01),2026-07-29
1985,olmesartan medoxomil,CCCC1=NC(=C(N1CC1=CC=C(C=C1)C1=C(C=CC=C1)C1=NN=NN1)C(=O)OCC1=C(C)OC(=O)O1)C(C)(C)O,UQGKUQLKSCSZGY-UHFFFAOYSA-N,144689-63-4,DrugCentral,FDA_Approved.csv (current) + structures.smiles.tsv (2021_09_01),2026-07-29
1986,olopatadine,CN(C)CC\C=C1\C2=CC=CC=C2COC2=C1C=C(CC(O)=O)C=C2,JBIMVDZLSHOPLA-LSCVHKIXSA-N,113806-05-6,DrugCentral,FDA_Approved.csv (current) + structures.smiles.tsv (2021_09_01),2026-07-29
1988,olsalazine,OC(=O)C1=CC(=CC=C1O)N=NC1=CC(C(O)=O)=C(O)C=C1,QQBDLJCYGRGAKP-UHFFFAOYSA-N,6054-98-4,DrugCentral,FDA_Approved.csv (current) + structures.smiles.tsv (2021_09_01),2026-07-29
1992,ondansetron,CN1C2=C(C3=CC=CC=C13)C(=O)C(CN1C=CN=C1C)CC2,FELGMEQIXOGIFQ-UHFFFAOYSA-N,99614-02-5,DrugCentral,FDA_Approved.csv (current) + structures.smiles.tsv (2021_09_01),2026-07-29
1996,orlistat,CCCCCCCCCCC[C@@H](C[C@@H]1OC(=O)[C@H]1CCCCCC)OC(=O)[C@H](CC(C)C)NC=O,AHLBNYSZXLDEJQ-FWEHEUNISA-N,96829-58-2,DrugCentral,FDA_Approved.csv (current) + structures.smiles.tsv (2021_09_01),2026-07-29
1999,orphenadrine,CN(C)CCOC(C1=CC=CC=C1)C1=C(C)C=CC=C1,QVYRGXJJSLMXQH-UHFFFAOYSA-N,83-98-7,DrugCentral,FDA_Approved.csv (current) + structures.smiles.tsv (2021_09_01),2026-07-29
2001,oseltamivir,CCOC(=O)C1=C[C@@H](OC(CC)CC)[C@H](NC(C)=O)[C@@H](N)C1,VSZGPKBBMSAYNT-RRFJBIMHSA-N,196618-13-0,DrugCentral,FDA_Approved.csv (current) + structures.smiles.tsv (2021_09_01),2026-07-29
2006,oxacillin,CC1=C(C(=O)N[C@H]2[C@H]3SC(C)(C)[C@@H](N3C2=O)C(O)=O)C(=NO1)C1=CC=CC=C1,UWYHMGVUTGAWSP-JKIFEVAISA-N,66-79-5,DrugCentral,FDA_Approved.csv (current) + structures.smiles.tsv (2021_09_01),2026-07-29
2013,oxaprozin,OC(=O)CCC1=NC(=C(O1)C1=CC=CC=C1)C1=CC=CC=C1,OFPXSFXSNFPTHF-UHFFFAOYSA-N,21256-18-8,DrugCentral,FDA_Approved.csv (current) + structures.smiles.tsv (2021_09_01),2026-07-29
2028,oxybutynin,CCN(CC)CC#CCOC(=O)C(O)(C1CCCCC1)C1=CC=CC=C1,XIQVNETUBQGFHX-UHFFFAOYSA-N,5633-20-5,DrugCentral,FDA_Approved.csv (current) + structures.smiles.tsv (2021_09_01),2026-07-29
2029,oxycodone,COC1=CC=C2C[C@H]3N(C)CC[C@@]45[C@@H](OC1=C24)C(=O)CC[C@@]35O,BRUQQQPBMZOVGD-XFKAJCMBSA-N,76-42-6,DrugCentral,FDA_Approved.csv (current) + structures.smiles.tsv (2021_09_01),2026-07-29
2032,oxymetazoline,CC1=CC(=C(O)C(C)=C1CC1=NCCN1)C(C)(C)C,WYWIFABBXFUGLM-UHFFFAOYSA-N,1491-59-4,DrugCentral,FDA_Approved.csv (current) + structures.smiles.tsv (2021_09_01),2026-07-29
2034,oxymorphone,CN1CC[C@]23[C@H]4OC5=C(O)C=CC(C[C@@H]1[C@]2(O)CCC4=O)=C35,UQCNKQCJZOAFTQ-ISWURRPUSA-N,76-41-5,DrugCentral,FDA_Approved.csv (current) + structures.smiles.tsv (2021_09_01),2026-07-29
2044,paclitaxel,CC(=O)O[C@@H]1C2=C(C)[C@H](C[C@@](O)([C@@H](OC(=O)C3=CC=CC=C3)[C@@H]3[C@@]4(CO[C@@H]4C[C@H](O)[C@@]3(C)C1=O)OC(C)=O)C2(C)C)OC(=O)[C@H](O)[C@@H](NC(=O)C1=CC=CC=C1)C1=CC=CC=C1,RCINICONZNJXQF-MZXODVADSA-N,33069-62-4,DrugCentral,FDA_Approved.csv (current) + structures.smiles.tsv (2021_09_01),2026-07-29
2046,palonosetron,O=C1N(C[C@H]2CCCC3=CC=CC1=C23)[C@@H]1CN2CCC1CC2,CPZBLNMUGSZIPR-NVXWUHKLSA-N,135729-61-2,DrugCentral,FDA_Approved.csv (current) + structures.smiles.tsv (2021_09_01),2026-07-29
2052,pancuronium,CC(=O)O[C@H]1[C@H](C[C@H]2[C@@H]3CC[C@H]4C[C@H](OC(C)=O)[C@H](C[C@]4(C)[C@H]3CC[C@]12C)[N+]1(C)CCCCC1)[N+]1(C)CCCCC1,GVEAYVLWDAFXET-XGHATYIMSA-N,15500-66-0,DrugCentral,FDA_Approved.csv (current) + structures.smiles.tsv (2021_09_01),2026-07-29
2054,pantoprazole,COC1=CC=NC(CS(=O)C2=NC3=C(N2)C=C(OC(F)F)C=C3)=C1OC,IQPSEEYGBUAQFF-UHFFFAOYSA-N,102625-70-7,DrugCentral,FDA_Approved.csv (current) + structures.smiles.tsv (2021_09_01),2026-07-29
2068,paroxetine,FC1=CC=C(C=C1)[C@@H]1CCNC[C@H]1COC1=CC2=C(OCO2)C=C1,AHOUBRCZNHFOSL-YOEHRIQHSA-N,61869-08-7,DrugCentral,FDA_Approved.csv (current) + structures.smiles.tsv (2021_09_01),2026-07-29
2073,pemetrexed,NC1=NC(=O)C2=C(NC=C2CCC2=CC=C(C=C2)C(=O)N[C@@H](CCC(O)=O)C(O)=O)N1,WBXPDJSOTKVWSJ-ZDUSSCGKSA-N,137281-23-3,DrugCentral,FDA_Approved.csv (current) + structures.smiles.tsv (2021_09_01),2026-07-29
2081,penicillamine,CC(C)(S)[C@@H](N)C(O)=O,VVNCNSJFMMFHPL-VKHMYHEASA-N,52-67-5,DrugCentral,FDA_Approved.csv (current) + structures.smiles.tsv (2021_09_01),2026-07-29
2098,pentostatin,OC[C@H]1O[C@H](C[C@@H]1O)N1C=NC2=C1NC=NC[C@H]2O,FPVKHBSQESCIEP-JQCXWYLXSA-N,53910-25-1,DrugCentral,FDA_Approved.csv (current) + structures.smiles.tsv (2021_09_01),2026-07-29
2099,pentoxifylline,CN1C=NC2=C1C(=O)N(CCCCC(C)=O)C(=O)N2C,BYPFEZZEUUWMEJ-UHFFFAOYSA-N,6493-05-6,DrugCentral,FDA_Approved.csv (current) + structures.smiles.tsv (2021_09_01),2026-07-29
2176,pindolol,CC(C)NCC(O)COC1=CC=CC2=C1C=CN2,JZQKKSLKJUAGIC-UHFFFAOYSA-N,13523-86-9,DrugCentral,FDA_Approved.csv (current) + structures.smiles.tsv (2021_09_01),2026-07-29
2138,phenprocoumon,CCC(C1=CC=CC=C1)C1=C(O)C2=CC=CC=C2OC1=O,DQDAYGNAKTZFIW-UHFFFAOYSA-N,435-97-2,DrugCentral,FDA_Approved.csv (current) + structures.smiles.tsv (2021_09_01),2026-07-29
2146,phenylephrine,CNC[C@H](O)C1=CC(O)=CC=C1,SONNWYBIRXJNDC-VIFPVBQESA-N,59-42-7,DrugCentral,FDA_Approved.csv (current) + structures.smiles.tsv (2021_09_01),2026-07-29
2233,pramipexole,CCCN[C@H]1CCC2=C(C1)SC(N)=N2,FASDKYOPVNHBLU-ZETCQYMHSA-N,104632-26-0,DrugCentral,FDA_Approved.csv (current) + structures.smiles.tsv (2021_09_01),2026-07-29
2168,pimecrolimus,CC[C@@H]1\C=C(C)\C[C@H](C)C[C@H](OC)[C@H]2O[C@](O)([C@H](C)C[C@@H]2OC)C(=O)C(=O)N2CCCC[C@H]2C(=O)O[C@@H]([C@H](C)[C@@H](O)CC1=O)C(\C)=C\[C@@H]1CC[C@H](Cl)[C@@H](C1)OC,KASDHRXLYQOAKZ-XDSKOBMDSA-N,137071-32-0,DrugCentral,FDA_Approved.csv (current) + structures.smiles.tsv (2021_09_01),2026-07-29
2179,pioglitazone,CCC1=CC=C(CCOC2=CC=C(CC3SC(=O)NC3=O)C=C2)N=C1,HYAFETHFCAUJAY-UHFFFAOYSA-N,111025-46-8,DrugCentral,FDA_Approved.csv (current) + structures.smiles.tsv (2021_09_01),2026-07-29
2187,piperacillin,CCN1CCN(C(=O)N[C@@H](C(=O)N[C@H]2[C@H]3SC(C)(C)[C@@H](N3C2=O)C(O)=O)C2=CC=CC=C2)C(=O)C1=O,IVBHGBMCVLDMKU-GXNBUGAJSA-N,61477-96-1,DrugCentral,FDA_Approved.csv (current) + structures.smiles.tsv (2021_09_01),2026-07-29
2210,piroxicam,CN1C(C(=O)NC2=CC=CC=N2)=C(O)C2=CC=CC=C2S1(=O)=O,QYSPLQLAKJAUJT-UHFFFAOYSA-N,36322-90-4,DrugCentral,FDA_Approved.csv (current) + structures.smiles.tsv (2021_09_01),2026-07-29
2214,pitavastatin,O[C@H](C[C@H](O)\C=C\C1=C(C2=CC=C(F)C=C2)C2=C(C=CC=C2)N=C1C1CC1)CC(O)=O,VGYFMXBACGZSIL-MCBHFWOFSA-N,147511-69-1,DrugCentral,FDA_Approved.csv (current) + structures.smiles.tsv (2021_09_01),2026-07-29
2330,pyridostigmine,CN(C)C(=O)OC1=C[N+](C)=CC=C1,RVOLLAQWKVFTGE-UHFFFAOYSA-N,155-97-5,DrugCentral,FDA_Approved.csv (current) + structures.smiles.tsv (2021_09_01),2026-07-29
2239,pravastatin,CC[C@H](C)C(=O)O[C@H]1C[C@H](O)C=C2C=C[C@H](C)[C@H](CC[C@@H](O)C[C@@H](O)CC(O)=O)[C@@H]12,TUZYXOIXSAXUGO-PZAWKZKUSA-N,81093-37-0,DrugCentral,FDA_Approved.csv (current) + structures.smiles.tsv (2021_09_01),2026-07-29
2240,prazepam,ClC1=CC=C2N(CC3CC3)C(=O)CN=C(C3=CC=CC=C3)C2=C1,MWQCHHACWWAQLJ-UHFFFAOYSA-N,2955-38-6,DrugCentral,FDA_Approved.csv (current) + structures.smiles.tsv (2021_09_01),2026-07-29
2352,raltegravir,CN1C(=O)C(O)=C(N=C1C(C)(C)NC(=O)C1=NN=C(C)O1)C(=O)NCC1=CC=C(F)C=C1,CZFFBEXEKNGXKS-UHFFFAOYSA-N,518048-05-0,DrugCentral,FDA_Approved.csv (current) + structures.smiles.tsv (2021_09_01),2026-07-29
2266,primaquine,COC1=CC(NC(C)CCCN)=C2N=CC=CC2=C1,INDBQLZJXZLFIT-UHFFFAOYSA-N,90-34-6,DrugCentral,FDA_Approved.csv (current) + structures.smiles.tsv (2021_09_01),2026-07-29
2268,probenecid,CCCN(CCC)S(=O)(=O)C1=CC=C(C=C1)C(O)=O,DBABZHXKTCFAPX-UHFFFAOYSA-N,57-66-9,DrugCentral,FDA_Approved.csv (current) + structures.smiles.tsv (2021_09_01),2026-07-29
2373,ribavirin,NC(=O)C1=NN(C=N1)[C@@H]1O[C@H](CO)[C@@H](O)[C@H]1O,IWUCXVSUMQZMFG-AFCXAGJDSA-N,36791-04-5,DrugCentral,FDA_Approved.csv (current) + structures.smiles.tsv (2021_09_01),2026-07-29
2276,procyclidine,OC(CCN1CCCC1)(C1CCCCC1)C1=CC=CC=C1,WYDUSKDSKCASEF-UHFFFAOYSA-N,77-37-2,DrugCentral,FDA_Approved.csv (current) + structures.smiles.tsv (2021_09_01),2026-07-29
2282,proguanil,CC(C)NC(=N)NC(=N)NC1=CC=C(Cl)C=C1,SSOLNOMRVKKSON-UHFFFAOYSA-N,500-92-5,DrugCentral,FDA_Approved.csv (current) + structures.smiles.tsv (2021_09_01),2026-07-29
2291,propafenone,CCCNCC(O)COC1=C(C=CC=C1)C(=O)CCC1=CC=CC=C1,JWHAUXFOSRPERK-UHFFFAOYSA-N,54063-53-5,DrugCentral,FDA_Approved.csv (current) + structures.smiles.tsv (2021_09_01),2026-07-29
2298,propiomazine,CCC(=O)C1=CC=C2SC3=CC=CC=C3N(CC(C)N(C)C)C2=C1,UVOIBTBFPOZKGP-UHFFFAOYSA-N,362-29-8,DrugCentral,FDA_Approved.csv (current) + structures.smiles.tsv (2021_09_01),2026-07-29
2303,propranolol,CC(C)NCC(O)COC1=C2C=CC=CC2=CC=C1,AQHHHDLHHXJYJD-UHFFFAOYSA-N,525-66-6,DrugCentral,FDA_Approved.csv (current) + structures.smiles.tsv (2021_09_01),2026-07-29
2308,propylthiouracil,CCCC1=CC(=O)NC(=S)N1,KNAHARQHSZJURB-UHFFFAOYSA-N,51-52-5,DrugCentral,FDA_Approved.csv (current) + structures.smiles.tsv (2021_09_01),2026-07-29
2326,pseudoephedrine,CN[C@@H](C)[C@@H](O)C1=CC=CC=C1,KWGRBVOPPLSCSI-WCBMZHEXSA-N,90-82-4,DrugCentral,FDA_Approved.csv (current) + structures.smiles.tsv (2021_09_01),2026-07-29
2328,pyrazinamide,NC(=O)C1=NC=CN=C1,IPEHBUMCGVEMRF-UHFFFAOYSA-N,98-96-4,DrugCentral,FDA_Approved.csv (current) + structures.smiles.tsv (2021_09_01),2026-07-29
2337,quetiapine,OCCOCCN1CCN(CC1)C1=NC2=CC=CC=C2SC2=CC=CC=C12,URKOMYMAXPYINW-UHFFFAOYSA-N,111974-69-7,DrugCentral,FDA_Approved.csv (current) + structures.smiles.tsv (2021_09_01),2026-07-29
2420,salsalate,OC(=O)C1=C(OC(=O)C2=C(O)C=CC=C2)C=CC=C1,WVYADZUPLLSGPU-UHFFFAOYSA-N,552-94-3,DrugCentral,FDA_Approved.csv (current) + structures.smiles.tsv (2021_09_01),2026-07-29
2340,quinapril,CCOC(=O)[C@H](CCC1=CC=CC=C1)N[C@@H](C)C(=O)N1CC2=CC=CC=C2C[C@H]1C(O)=O,JSDRRTOADPPCHY-HSQYWUDLSA-N,85441-61-8,DrugCentral,FDA_Approved.csv (current) + structures.smiles.tsv (2021_09_01),2026-07-29
2346,quinidine,COC1=CC=C2N=CC=C([C@H](O)[C@H]3C[C@@H]4CC[N@]3C[C@@H]4C=C)C2=C1,LOUPRKONTZGTKE-LHHVKLHASA-N,56-54-2,DrugCentral,FDA_Approved.csv (current) + structures.smiles.tsv (2021_09_01),2026-07-29
2350,rabeprazole,COCCCOC1=CC=NC(CS(=O)C2=NC3=C(N2)C=CC=C3)=C1C,YREYEVIYCVEVJK-UHFFFAOYSA-N,117976-89-3,DrugCentral,FDA_Approved.csv (current) + structures.smiles.tsv (2021_09_01),2026-07-29
2445,simvastatin,CCC(C)(C)C(=O)O[C@H]1C[C@@H](C)C=C2C=C[C@H](C)[C@H](CC[C@@H]3C[C@@H](O)CC(=O)O3)[C@@H]12,RYMZZMVNJRMUDD-HGQWONQESA-N,79902-63-9,DrugCentral,FDA_Approved.csv (current) + structures.smiles.tsv (2021_09_01),2026-07-29
2351,raloxifene,OC1=CC=C(C=C1)C1=C(C(=O)C2=CC=C(OCCN3CCCCC3)C=C2)C2=C(S1)C=C(O)C=C2,GZUITABIAKMVPG-UHFFFAOYSA-N,84449-90-1,DrugCentral,FDA_Approved.csv (current) + structures.smiles.tsv (2021_09_01),2026-07-29
2356,ramipril,CCOC(=O)[C@H](CCC1=CC=CC=C1)N[C@@H](C)C(=O)N1[C@H]2CCC[C@H]2C[C@H]1C(O)=O,HDACQVRGBOVJII-JBDAPHQKSA-N,87333-19-5,DrugCentral,FDA_Approved.csv (current) + structures.smiles.tsv (2021_09_01),2026-07-29
2358,ranitidine,CNC(NCCSCC1=CC=C(CN(C)C)O1)=C[N+]([O-])=O,VMXUWOKSQNHOCA-UHFFFAOYSA-N,66357-35-5,DrugCentral,FDA_Approved.csv (current) + structures.smiles.tsv (2021_09_01),2026-07-29
2359,ranolazine,COC1=C(OCC(O)CN2CCN(CC(=O)NC3=C(C)C=CC=C3C)CC2)C=CC=C1,XKLMZUWKNUAPSZ-UHFFFAOYSA-N,95635-55-5,DrugCentral,FDA_Approved.csv (current) + structures.smiles.tsv (2021_09_01),2026-07-29
2362,regadenoson,CNC(=O)C1=CN(N=C1)C1=NC(N)=C2N=CN([C@@H]3O[C@H](CO)[C@@H](O)[C@H]3O)C2=N1,LZPZPHGJDAGEJZ-AKAIJSEGSA-N,313348-27-5,DrugCentral,FDA_Approved.csv (current) + structures.smiles.tsv (2021_09_01),2026-07-29
2363,remifentanil,CCC(=O)N(C1=CC=CC=C1)C1(CCN(CCC(=O)OC)CC1)C(=O)OC,ZTVQQQVZCWLTDF-UHFFFAOYSA-N,132875-61-7,DrugCentral,FDA_Approved.csv (current) + structures.smiles.tsv (2021_09_01),2026-07-29
2366,repaglinide,CCOC1=C(C=CC(CC(=O)N[C@@H](CC(C)C)C2=C(C=CC=C2)N2CCCCC2)=C1)C(O)=O,FAEKWTJYAYMJKF-QHCPKHFHSA-N,135062-02-1,DrugCentral,FDA_Approved.csv (current) + structures.smiles.tsv (2021_09_01),2026-07-29
2387,risedronic acid,OC(CC1=CN=CC=C1)(P(O)(O)=O)P(O)(O)=O,IIDJRNMFWXDHID-UHFFFAOYSA-N,105462-24-6,DrugCentral,FDA_Approved.csv (current) + structures.smiles.tsv (2021_09_01),2026-07-29
2371,retapamulin,C[C@@H]1CC[C@@]23CCC(=O)[C@H]2[C@]1(C)[C@@H](C[C@@](C)(C=C)[C@@H](O)[C@@H]3C)OC(=O)CS[C@H]1C[C@@H]2CC[C@H](C1)N2C,STZYTFJPGGDRJD-NHUWBDDWSA-N,224452-66-8,DrugCentral,FDA_Approved.csv (current) + structures.smiles.tsv (2021_09_01),2026-07-29
2376,rifabutin,CO[C@H]1\C=C\O[C@@]2(C)OC3=C(C2=O)C2=C(C(O)=C3C)C(=O)C(NC(=O)\C(C)=C/C=C/[C@H](C)[C@H](O)[C@@H](C)[C@@H](O)[C@@H](C)[C@H](OC(C)=O)[C@@H]1C)=C1NC3(CCN(CC(C)C)CC3)N=C21,ATEBXHFBFRCZMA-VXTBVIBXSA-N,72559-06-9,DrugCentral,FDA_Approved.csv (current) + structures.smiles.tsv (2021_09_01),2026-07-29
2377,rifampicin,CO[C@H]1\C=C\O[C@@]2(C)OC3=C(C)C(O)=C4C(O)=C(NC(=O)\C(C)=C/C=C/[C@H](C)[C@H](O)[C@@H](C)[C@@H](O)[C@@H](C)[C@H](OC(C)=O)[C@@H]1C)C(C=NN1CCN(C)CC1)=C(O)C4=C3C2=O,JQXXHWHPUNPDRT-ZNQWNCHJSA-N,13292-46-1,DrugCentral,FDA_Approved.csv (current) + structures.smiles.tsv (2021_09_01),2026-07-29
2378,rifapentine,CO[C@H]1\C=C\O[C@@]2(C)OC3=C(C)C(O)=C4C(O)=C(NC(=O)\C(C)=C/C=C/[C@H](C)[C@H](O)[C@@H](C)[C@@H](O)[C@@H](C)[C@H](OC(C)=O)[C@@H]1C)C(C=NN1CCN(CC1)C1CCCC1)=C(O)C4=C3C2=O,WDZCUPBHRAEYDL-LYDPARFQSA-N,61379-65-5,DrugCentral,FDA_Approved.csv (current) + structures.smiles.tsv (2021_09_01),2026-07-29
2379,rifaximin,CO[C@H]1\C=C\O[C@@]2(C)OC3=C(C2=O)C2=C(C(O)=C3C)C(O)=C(NC(=O)\C(C)=C/C=C/[C@H](C)[C@H](O)[C@@H](C)[C@@H](O)[C@@H](C)[C@H](OC(C)=O)[C@@H]1C)C1=C2N=C2C=C(C)C=CN12,NZCRJKRKKOLAOJ-XRCRFVBUSA-N,80621-81-4,DrugCentral,FDA_Approved.csv (current) + structures.smiles.tsv (2021_09_01),2026-07-29
2389,risperidone,CC1=C(CCN2CCC(CC2)C2=NOC3=C2C=CC(F)=C3)C(=O)N2CCCCC2=N1,RAPZEAPATHNIPO-UHFFFAOYSA-N,106266-06-2,DrugCentral,FDA_Approved.csv (current) + structures.smiles.tsv (2021_09_01),2026-07-29
2391,ritonavir,CC(C)[C@H](NC(=O)N(C)CC1=CSC(=N1)C(C)C)C(=O)N[C@H](C[C@H](O)[C@H](CC1=CC=CC=C1)NC(=O)OCC1=CN=CS1)CC1=CC=CC=C1,NCDNCNXCDXHOMX-XGKFQTDJSA-N,155213-67-5,DrugCentral,FDA_Approved.csv (current) + structures.smiles.tsv (2021_09_01),2026-07-29
2392,rivastigmine,CCN(C)C(=O)OC1=CC=CC(=C1)[C@H](C)N(C)C,XSVMFMHYUFZWBK-NSHDSACASA-N,123441-03-2,DrugCentral,FDA_Approved.csv (current) + structures.smiles.tsv (2021_09_01),2026-07-29
2393,rizatriptan,CN(C)CCC1=CNC2=C1C=C(CN1C=NC=N1)C=C2,ULFRLSNUDGIQQP-UHFFFAOYSA-N,144034-80-0,DrugCentral,FDA_Approved.csv (current) + structures.smiles.tsv (2021_09_01),2026-07-29
2396,rocuronium,CC(=O)O[C@H]1[C@H](C[C@H]2[C@@H]3CC[C@H]4C[C@H](O)[C@H](C[C@]4(C)[C@H]3CC[C@]12C)N1CCOCC1)[N+]1(CC=C)CCCC1,YXRDKMPIGHSVRX-OOJCLDBCSA-N,119302-91-9,DrugCentral,FDA_Approved.csv (current) + structures.smiles.tsv (2021_09_01),2026-07-29
2405,rosiglitazone,CN(CCOC1=CC=C(CC2SC(=O)NC2=O)C=C1)C1=CC=CC=N1,YASAKCUCGLMORW-UHFFFAOYSA-N,122320-73-4,DrugCentral,FDA_Approved.csv (current) + structures.smiles.tsv (2021_09_01),2026-07-29
2406,rosuvastatin,CC(C)C1=C(\C=C\[C@@H](O)C[C@@H](O)CC(O)=O)C(=NC(=N1)N(C)S(C)(=O)=O)C1=CC=C(F)C=C1,BPRHUIZQVSMCRT-VEUZHWNKSA-N,287714-41-4,DrugCentral,FDA_Approved.csv (current) + structures.smiles.tsv (2021_09_01),2026-07-29
2407,rotigotine,CCCN(CCC1=CC=CS1)[C@H]1CCC2=C(O)C=CC=C2C1,KFQYTPMOWPVWEJ-INIZCTEOSA-N,99755-59-6,DrugCentral,FDA_Approved.csv (current) + structures.smiles.tsv (2021_09_01),2026-07-29
2419,salmeterol,OCC1=C(O)C=CC(=C1)C(O)CNCCCCCCOCCCCC1=CC=CC=C1,GIIZNNXWQWCKIB-UHFFFAOYSA-N,89365-50-4,DrugCentral,FDA_Approved.csv (current) + structures.smiles.tsv (2021_09_01),2026-07-29
2422,saquinavir,CC(C)(C)NC(=O)[C@@H]1C[C@@H]2CCCC[C@@H]2CN1C[C@@H](O)[C@H](CC1=CC=CC=C1)NC(=O)[C@H](CC(N)=O)NC(=O)C1=NC2=CC=CC=C2C=C1,QWAXKHKRTORLEM-UGJKXSETSA-N,127779-20-8,DrugCentral,FDA_Approved.csv (current) + structures.smiles.tsv (2021_09_01),2026-07-29
2427,secnidazole,CC(O)CN1C(C)=NC=C1[N+]([O-])=O,KPQZUUQMTUIKBP-UHFFFAOYSA-N,3366-95-8,DrugCentral,FDA_Approved.csv (current) + structures.smiles.tsv (2021_09_01),2026-07-29
2436,sertraline,CN[C@H]1CC[C@@H](C2=CC(Cl)=C(Cl)C=C2)C2=CC=CC=C12,VGKDLMBJGBXTGI-SJCJKPOMSA-N,79617-96-2,DrugCentral,FDA_Approved.csv (current) + structures.smiles.tsv (2021_09_01),2026-07-29
2441,sildenafil,CCCC1=NN(C)C2=C1N=C(NC2=O)C1=CC(=CC=C1OCC)S(=O)(=O)N1CCN(C)CC1,BNRNXUUZRGQAQC-UHFFFAOYSA-N,139755-83-2,DrugCentral,FDA_Approved.csv (current) + structures.smiles.tsv (2021_09_01),2026-07-29
2448,sitagliptin,N[C@@H](CC(=O)N1CCN2C(C1)=NN=C2C(F)(F)F)CC1=C(F)C=C(F)C(F)=C1,MFFMDFFZMYYVKS-SECBINFHSA-N,486460-32-6,DrugCentral,FDA_Approved.csv (current) + structures.smiles.tsv (2021_09_01),2026-07-29
2457,solifenacin,O=C(O[C@H]1CN2CCC1CC2)N1CCC2=CC=CC=C2[C@@H]1C1=CC=CC=C1,FBOUYBDGKBSUES-VXKWHMMOSA-N,242478-37-1,DrugCentral,FDA_Approved.csv (current) + structures.smiles.tsv (2021_09_01),2026-07-29
2489,suxamethonium,C[N+](C)(C)CCOC(=O)CCC(=O)OCC[N+](C)(C)C,AXOIZCJOOAYSMI-UHFFFAOYSA-N,306-40-1,DrugCentral,FDA_Approved.csv (current) + structures.smiles.tsv (2021_09_01),2026-07-29
2459,sorafenib,CNC(=O)C1=CC(OC2=CC=C(NC(=O)NC3=CC=C(Cl)C(=C3)C(F)(F)F)C=C2)=CC=N1,MLDQJTXFUGDVEO-UHFFFAOYSA-N,284461-73-0,DrugCentral,FDA_Approved.csv (current) + structures.smiles.tsv (2021_09_01),2026-07-29
2462,sorbitol,OC[C@H](O)[C@@H](O)[C@H](O)[C@H](O)CO,FBPFZTCFMRRESA-JGWLITMVSA-N,50-70-4,DrugCentral,FDA_Approved.csv (current) + structures.smiles.tsv (2021_09_01),2026-07-29
2483,streptozocin,CN(N=O)C(=O)N[C@H]1C(O)O[C@H](CO)[C@@H](O)[C@@H]1O,ZSJLQEPLLKMAKR-YDEIVXIUSA-N,18883-66-4,DrugCentral,FDA_Approved.csv (current) + structures.smiles.tsv (2021_09_01),2026-07-29
2491,sufentanil,CCC(=O)N(C1=CC=CC=C1)C1(COC)CCN(CCC2=CC=CS2)CC1,GGCSSNBKKAUURC-UHFFFAOYSA-N,56030-54-7,DrugCentral,FDA_Approved.csv (current) + structures.smiles.tsv (2021_09_01),2026-07-29
2492,sulbactam,CC1(C)[C@@H](N2[C@@H](CC2=O)S1(=O)=O)C(O)=O,FKENQMMABCRJMK-RITPCOANSA-N,68373-14-8,DrugCentral,FDA_Approved.csv (current) + structures.smiles.tsv (2021_09_01),2026-07-29
2497,sulfacetamide,CC(=O)NS(=O)(=O)C1=CC=C(N)C=C1,SKIVFJLNDNKQPD-UHFFFAOYSA-N,144-80-9,DrugCentral,FDA_Approved.csv (current) + structures.smiles.tsv (2021_09_01),2026-07-29
2514,sulfamethoxazole,CC1=CC(NS(=O)(=O)C2=CC=C(N)C=C2)=NO1,JLKIGFTWXXRPMT-UHFFFAOYSA-N,723-46-6,DrugCentral,FDA_Approved.csv (current) + structures.smiles.tsv (2021_09_01),2026-07-29
2525,sulfasalazine,OC(=O)C1=CC(=CC=C1O)\N=N\C1=CC=C(C=C1)S(=O)(=O)NC1=CC=CC=N1,NCEXYHBECQHGNR-QZQOTICOSA-N,599-79-1,DrugCentral,FDA_Approved.csv (current) + structures.smiles.tsv (2021_09_01),2026-07-29
2527,sulfathiazole,NC1=CC=C(C=C1)S(=O)(=O)NC1=NC=CS1,JNMRHUJNCSQMMB-UHFFFAOYSA-N,72-14-0,DrugCentral,FDA_Approved.csv (current) + structures.smiles.tsv (2021_09_01),2026-07-29
2534,sulindac,CC1=C(CC(O)=O)C2=C(C=CC(F)=C2)\C1=C/C1=CC=C(C=C1)S(C)=O,MLKXDPUZXIRXEP-MFOYZWKCSA-N,38194-50-2,DrugCentral,FDA_Approved.csv (current) + structures.smiles.tsv (2021_09_01),2026-07-29
2543,sumatriptan,CNS(=O)(=O)CC1=CC2=C(NC=C2CCN(C)C)C=C1,KQKPFRSPSRPDEB-UHFFFAOYSA-N,103628-46-2,DrugCentral,FDA_Approved.csv (current) + structures.smiles.tsv (2021_09_01),2026-07-29
2544,sunitinib,CCN(CC)CCNC(=O)C1=C(C)NC(\C=C2/C(=O)NC3=C2C=C(F)C=C3)=C1C,WINHZLLDWRZWRT-ATVHPVEESA-N,557795-19-4,DrugCentral,FDA_Approved.csv (current) + structures.smiles.tsv (2021_09_01),2026-07-29
2552,tacrolimus,CO[C@@H]1C[C@@H](CC[C@H]1O)\C=C(/C)[C@H]1OC(=O)[C@@H]2CCCCN2C(=O)C(=O)[C@]2(O)O[C@@H]([C@H](C[C@H]2C)OC)[C@H](C[C@@H](C)C\C(C)=C\[C@@H](CC=C)C(=O)C[C@H](O)[C@@H]1C)OC,QJJXYPPXXYFBGM-ZIUDIOLZSA-N,104987-11-3,DrugCentral,FDA_Approved.csv (current) + structures.smiles.tsv (2021_09_01),2026-07-29
2553,tadalafil,CN1CC(=O)N2[C@H](CC3=C(NC4=C3C=CC=C4)[C@H]2C2=CC=C3OCOC3=C2)C1=O,WOXKDUGGOYFFRN-IIBYNOLFSA-N,171596-29-5,DrugCentral,FDA_Approved.csv (current) + structures.smiles.tsv (2021_09_01),2026-07-29
2572,tazobactam,C[C@]1(CN2C=CN=N2)[C@@H](N2[C@@H](CC2=O)S1(=O)=O)C(O)=O,LPQZKKCYTLCDGQ-WEDXCCLWSA-N,89786-04-9,DrugCentral,FDA_Approved.csv (current) + structures.smiles.tsv (2021_09_01),2026-07-29
2585,temazepam,CN1C2=CC=C(Cl)C=C2C(=NC(O)C1=O)C1=CC=CC=C1,SEQDDYPDSLOBDC-UHFFFAOYSA-N,846-50-4,DrugCentral,FDA_Approved.csv (current) + structures.smiles.tsv (2021_09_01),2026-07-29
2590,teniposide,COC1=CC(=CC(OC)=C1O)[C@H]1[C@@H]2[C@H](COC2=O)[C@H](O[C@@H]2O[C@@H]3CO[C@H](O[C@H]3[C@H](O)[C@H]2O)C2=CC=CS2)C2=CC3=C(OCO3)C=C12,NRUKOCRGYNPUPR-QBPJDGROSA-N,29767-20-2,DrugCentral,FDA_Approved.csv (current) + structures.smiles.tsv (2021_09_01),2026-07-29
2593,tenofovir disoproxil,CC(C)OC(=O)OCOP(=O)(CO[C@H](C)CN1C=NC2=C1N=CN=C2N)OCOC(=O)OC(C)C,JFVZFKDSXNQEJW-CQSZACIVSA-N,201341-05-1,DrugCentral,FDA_Approved.csv (current) + structures.smiles.tsv (2021_09_01),2026-07-29
2598,terbutaline,CC(C)(C)NCC(O)C1=CC(O)=CC(O)=C1,XWTYSIMOBUGWOL-UHFFFAOYSA-N,23031-25-6,DrugCentral,FDA_Approved.csv (current) + structures.smiles.tsv (2021_09_01),2026-07-29
2600,terfenadine,CC(C)(C)C1=CC=C(C=C1)C(O)CCCN1CCC(CC1)C(O)(C1=CC=CC=C1)C1=CC=CC=C1,GUGOEEXESWIERI-UHFFFAOYSA-N,50679-08-8,DrugCentral,FDA_Approved.csv (current) + structures.smiles.tsv (2021_09_01),2026-07-29
2608,testosterone undecanoate,CCCCCCCCCCC(=O)O[C@H]1CC[C@H]2[C@@H]3CCC4=CC(=O)CC[C@]4(C)[C@H]3CC[C@]12C,UDSFVOAUHKGBEK-CNQKSJKFSA-N,5949-44-0,DrugCentral,FDA_Approved.csv (current) + structures.smiles.tsv (2021_09_01),2026-07-29
2609,tetrabenazine,COC1=CC2=C(C=C1OC)[C@@H]1CC(=O)[C@@H](CC(C)C)CN1CC2,MKJIEFSOBYUXJB-HOCLYGCPSA-N,58-46-8,DrugCentral,FDA_Approved.csv (current) + structures.smiles.tsv (2021_09_01),2026-07-29
2612,sapropterin,C[C@H](O)[C@H](O)[C@H]1CNC2=C(N1)C(=O)NC(N)=N2,FNKQXYHWGSIFBK-RPDRRWSUSA-N,62989-33-7,DrugCentral,FDA_Approved.csv (current) + structures.smiles.tsv (2021_09_01),2026-07-29
2620,theophylline,CN1C2=C(N=CN2)C(=O)N(C)C1=O,ZFXYFBGIUFBOJW-UHFFFAOYSA-N,58-55-9,DrugCentral,FDA_Approved.csv (current) + structures.smiles.tsv (2021_09_01),2026-07-29
2648,tiagabine,CC1=C(SC=C1)C(=CCCN1CCC[C@H](C1)C(O)=O)C1=C(C)C=CS1,PBJUNZJWGZTSKL-MRXNPFEDSA-N,115103-54-3,DrugCentral,FDA_Approved.csv (current) + structures.smiles.tsv (2021_09_01),2026-07-29
2671,tinidazole,CCS(=O)(=O)CCN1C(C)=NC=C1[N+]([O-])=O,HJLSLZFTEKNLFI-UHFFFAOYSA-N,19387-91-8,DrugCentral,FDA_Approved.csv (current) + structures.smiles.tsv (2021_09_01),2026-07-29
2676,tiopronin,CC(S)C(=O)NCC(O)=O,YTGJWQPHMWSCST-UHFFFAOYSA-N,1953-02-2,DrugCentral,FDA_Approved.csv (current) + structures.smiles.tsv (2021_09_01),2026-07-29
2677,tiotropium bromide,C[N+]1(C)[C@H]2C[C@H](C[C@@H]1[C@H]1O[C@@H]21)OC(=O)C(O)(C1=CC=CS1)C1=CC=CS1,LERNTVKEWCAPOY-VOGVJGKGSA-N,186691-13-4,DrugCentral,FDA_Approved.csv (current) + structures.smiles.tsv (2021_09_01),2026-07-29
2683,tizanidine,ClC1=C(NC2=NCCN2)C2=NSN=C2C=C1,XFYDIVBRZNQMJC-UHFFFAOYSA-N,51322-75-9,DrugCentral,FDA_Approved.csv (current) + structures.smiles.tsv (2021_09_01),2026-07-29
2696,tolbutamide,CCCCNC(=O)NS(=O)(=O)C1=CC=C(C)C=C1,JLRGJRBPOGGCBT-UHFFFAOYSA-N,64-77-7,DrugCentral,FDA_Approved.csv (current) + structures.smiles.tsv (2021_09_01),2026-07-29
2697,tolcapone,CC1=CC=C(C=C1)C(=O)C1=CC(=C(O)C(O)=C1)[N+]([O-])=O,MIQPIUSUKVNLNT-UHFFFAOYSA-N,134308-13-7,DrugCentral,FDA_Approved.csv (current) + structures.smiles.tsv (2021_09_01),2026-07-29
2699,tolmetin,CN1C(CC(O)=O)=CC=C1C(=O)C1=CC=C(C)C=C1,UPSPUYADGBWSHF-UHFFFAOYSA-N,26171-23-3,DrugCentral,FDA_Approved.csv (current) + structures.smiles.tsv (2021_09_01),2026-07-29
2705,tolterodine,CC(C)N(CC[C@H](C1=CC=CC=C1)C1=C(O)C=CC(C)=C1)C(C)C,OOGJQPCLVADCPB-HXUWFJFHSA-N,124937-51-5,DrugCentral,FDA_Approved.csv (current) + structures.smiles.tsv (2021_09_01),2026-07-29
2706,topiramate,CC1(C)O[C@@H]2CO[C@@]3(COS(N)(=O)=O)OC(C)(C)O[C@H]3[C@@H]2O1,KJADKKWYZYXHBB-XBWDGYHZSA-N,97240-79-4,DrugCentral,FDA_Approved.csv (current) + structures.smiles.tsv (2021_09_01),2026-07-29
2827,vinorelbine,CCC1=C[C@@H]2C[N@](C1)CC1=C(NC3=C1C=CC=C3)[C@@](C2)(C(=O)OC)C1=CC2=C(C=C1OC)N(C)[C@@H]1[C@]22CCN3CC=C[C@](CC)([C@@H]23)[C@@H](OC(C)=O)[C@]1(O)C(=O)OC,GBABOYUKABKIAF-IELIFDKJSA-N,71486-22-1,DrugCentral,FDA_Approved.csv (current) + structures.smiles.tsv (2021_09_01),2026-07-29
2707,topotecan,CC[C@@]1(O)C(=O)OCC2=C1C=C1N(CC3=CC4=C(CN(C)C)C(O)=CC=C4N=C13)C2=O,UCFGDBYHRUNTLO-QHCPKHFHSA-N,123948-87-8,DrugCentral,FDA_Approved.csv (current) + structures.smiles.tsv (2021_09_01),2026-07-29
2709,toremifene,CN(C)CCOC1=CC=C(C=C1)C(=C(\CCCl)C1=CC=CC=C1)\C1=CC=CC=C1,XFCLJVABOIYOMF-QPLCGJKRSA-N,89778-26-7,DrugCentral,FDA_Approved.csv (current) + structures.smiles.tsv (2021_09_01),2026-07-29
2711,tramadol,COC1=CC=CC(=C1)[C@@]1(O)CCCC[C@@H]1CN(C)C,TVYLLZQTGLZFBW-ZBFHGGJFSA-N,27203-92-5,DrugCentral,FDA_Approved.csv (current) + structures.smiles.tsv (2021_09_01),2026-07-29
2715,tranylcypromine,N[C@@H]1C[C@H]1C1=CC=CC=C1,AELCINSCMGFISI-DTWKUNHWSA-N,155-09-9,DrugCentral,FDA_Approved.csv (current) + structures.smiles.tsv (2021_09_01),2026-07-29
2716,travoprost,CC(C)OC(=O)CCC\C=C/C[C@H]1[C@@H](O)C[C@@H](O)[C@@H]1\C=C\[C@@H](O)COC1=CC(=CC=C1)C(F)(F)F,MKPLKVHSHYCHOC-AHTXBMBWSA-N,157283-68-6,DrugCentral,FDA_Approved.csv (current) + structures.smiles.tsv (2021_09_01),2026-07-29
2717,trazodone,ClC1=CC=CC(=C1)N1CCN(CCCN2N=C3C=CC=CN3C2=O)CC1,PHLBKPHSAVXXEF-UHFFFAOYSA-N,19794-93-5,DrugCentral,FDA_Approved.csv (current) + structures.smiles.tsv (2021_09_01),2026-07-29
2720,treprostinil,CCCCC[C@H](O)CC[C@H]1[C@H](O)C[C@@H]2CC3=C(OCC(O)=O)C=CC=C3C[C@H]12,PAJMKGZZBBTTOY-ZFORQUDYSA-N,81846-19-7,DrugCentral,FDA_Approved.csv (current) + structures.smiles.tsv (2021_09_01),2026-07-29
2722,tretinoin,C\C(\C=C\C1=C(C)CCCC1(C)C)=C/C=C/C(/C)=C/C(O)=O,SHGAZHPCJJPHSC-YCNIQYBTSA-N,302-79-4,DrugCentral,FDA_Approved.csv (current) + structures.smiles.tsv (2021_09_01),2026-07-29
2725,triamcinolone,C[C@]12C[C@H](O)[C@@]3(F)[C@@H](CCC4=CC(=O)C=C[C@]34C)[C@@H]1C[C@@H](O)[C@]2(O)C(=O)CO,GFNANZIMVAIWHM-OBYCQNJPSA-N,124-94-7,DrugCentral,FDA_Approved.csv (current) + structures.smiles.tsv (2021_09_01),2026-07-29
2729,triazolam,CC1=NN=C2CN=C(C3=CC(Cl)=CC=C3N12)C1=C(Cl)C=CC=C1,JOFWLTCLBGQGBO-UHFFFAOYSA-N,28911-01-5,DrugCentral,FDA_Approved.csv (current) + structures.smiles.tsv (2021_09_01),2026-07-29
2740,trifluoperazine,CN1CCN(CCCN2C3=CC=CC=C3SC3=C2C=C(C=C3)C(F)(F)F)CC1,ZEWQUBUPAILYHI-UHFFFAOYSA-N,117-89-5,DrugCentral,FDA_Approved.csv (current) + structures.smiles.tsv (2021_09_01),2026-07-29
2754,trimethobenzamide,COC1=CC(=CC(OC)=C1OC)C(=O)NCC1=CC=C(OCCN(C)C)C=C1,FEZBIKUBAYAZIU-UHFFFAOYSA-N,138-56-7,DrugCentral,FDA_Approved.csv (current) + structures.smiles.tsv (2021_09_01),2026-07-29
2758,trimipramine,CC(CN(C)C)CN1C2=CC=CC=C2CCC2=C1C=CC=C2,ZSCDBOWYZJWBIY-UHFFFAOYSA-N,739-71-9,DrugCentral,FDA_Approved.csv (current) + structures.smiles.tsv (2021_09_01),2026-07-29
2774,tropicamide,CCN(CC1=CC=NC=C1)C(=O)C(CO)C1=CC=CC=C1,BGDKAVGWHJFAGW-UHFFFAOYSA-N,1508-75-4,DrugCentral,FDA_Approved.csv (current) + structures.smiles.tsv (2021_09_01),2026-07-29
2776,trospium,OC(C(=O)O[C@@H]1C[C@@H]2CC[C@H](C1)[N+]21CCCC1)(C1=CC=CC=C1)C1=CC=CC=C1,OYYDSUSKLWTMMQ-JKHIJQBDSA-N,10405-02-4,DrugCentral,FDA_Approved.csv (current) + structures.smiles.tsv (2021_09_01),2026-07-29
2797,ursodiol,C[C@H](CCC(O)=O)[C@H]1CC[C@H]2[C@@H]3[C@@H](O)C[C@@H]4C[C@H](O)CC[C@]4(C)[C@H]3CC[C@]12C,RUDATBOHQWOJDD-UZVSRGJWSA-N,128-13-2,DrugCentral,FDA_Approved.csv (current) + structures.smiles.tsv (2021_09_01),2026-07-29
2801,valganciclovir,CC(C)[C@H](N)C(=O)OCC(CO)OCN1C=NC2=C1N=C(N)NC2=O,WPVFJKSGQUFQAP-GKAPJAKFSA-N,175865-59-5,DrugCentral,FDA_Approved.csv (current) + structures.smiles.tsv (2021_09_01),2026-07-29
2806,valsartan,CCCCC(=O)N(CC1=CC=C(C=C1)C1=C(C=CC=C1)C1=NN=NN1)[C@@H](C(C)C)C(O)=O,ACWBQPMHZXGDFX-QFIPXVFZSA-N,137862-53-4,DrugCentral,FDA_Approved.csv (current) + structures.smiles.tsv (2021_09_01),2026-07-29
2808,varenicline,C1[C@H]2CNC[C@@H]1C1=C2C=C2N=CC=NC2=C1,JQSHBVHOMNKWFT-DTORHVGOSA-N,249296-44-4,DrugCentral,FDA_Approved.csv (current) + structures.smiles.tsv (2021_09_01),2026-07-29
2809,vardenafil,CCCC1=NC(C)=C2N1N=C(NC2=O)C1=CC(=CC=C1OCC)S(=O)(=O)N1CCN(CC)CC1,SECKRCOLJRRGGV-UHFFFAOYSA-N,224785-90-4,DrugCentral,FDA_Approved.csv (current) + structures.smiles.tsv (2021_09_01),2026-07-29
2840,colecalciferol,CC(C)CCC[C@@H](C)[C@H]1CC[C@H]2\C(CCC[C@]12C)=C\C=C1\C[C@@H](O)CCC1=C,QYSXJUFSXHHAJI-YRZJJWOYSA-N,67-97-0,DrugCentral,FDA_Approved.csv (current) + structures.smiles.tsv (2021_09_01),2026-07-29
2810,vasopressin,N[C@H]1CSSC[C@H](NC(=O)[C@H](CC(N)=O)NC(=O)[C@H](CCC(N)=O)NC(=O)[C@H](CC2=CC=CC=C2)NC(=O)[C@H](CC2=CC=C(O)C=C2)NC1=O)C(=O)N1CCC[C@H]1C(=O)N[C@@H](CCCNC(N)=N)C(=O)NCC(N)=O,KBZOIRJILGZLEJ-LGYYRGKSSA-N,113-79-1,DrugCentral,FDA_Approved.csv (current) + structures.smiles.tsv (2021_09_01),2026-07-29
2811,vecuronium,CC(=O)O[C@H]1[C@H](C[C@H]2[C@@H]3CC[C@H]4C[C@H](OC(C)=O)[C@H](C[C@]4(C)[C@H]3CC[C@]12C)N1CCCCC1)[N+]1(C)CCCCC1,BGSZAXLLHYERSY-XQIGCQGXSA-N,50700-72-6,DrugCentral,FDA_Approved.csv (current) + structures.smiles.tsv (2021_09_01),2026-07-29
2813,venlafaxine,COC1=CC=C(C=C1)C(CN(C)C)C1(O)CCCCC1,PNVNVHUZROJLTJ-UHFFFAOYSA-N,93413-69-5,DrugCentral,FDA_Approved.csv (current) + structures.smiles.tsv (2021_09_01),2026-07-29
2815,verapamil,COC1=C(OC)C=C(CCN(C)CCCC(C#N)(C(C)C)C2=CC(OC)=C(OC)C=C2)C=C1,SGTNSNPWRIOYBX-UHFFFAOYSA-N,52-53-9,DrugCentral,FDA_Approved.csv (current) + structures.smiles.tsv (2021_09_01),2026-07-29
2838,ergocalciferol,CC(C)[C@@H](C)\C=C\[C@@H](C)[C@H]1CC[C@H]2\C(CCC[C@]12C)=C\C=C1\C[C@@H](O)CCC1=C,MECHNRXZTMCUDQ-RKHKHRCZSA-N,50-14-6,DrugCentral,FDA_Approved.csv (current) + structures.smiles.tsv (2021_09_01),2026-07-29
2843,phytomenadione,CC(C)CCC[C@@H](C)CCC[C@@H](C)CCC\C(C)=C\CC1=C(C)C(=O)C2=CC=CC=C2C1=O,MBWXNTAXLNYFJB-NKFFZRIASA-N,84-80-0,DrugCentral,FDA_Approved.csv (current) + structures.smiles.tsv (2021_09_01),2026-07-29
2846,voriconazole,C[C@@H](C1=NC=NC=C1F)[C@](O)(CN1C=NC=N1)C1=C(F)C=C(F)C=C1,BCEHBSKCWLPMDN-MGPLVRAMSA-N,137234-62-9,DrugCentral,FDA_Approved.csv (current) + structures.smiles.tsv (2021_09_01),2026-07-29
2855,zafirlukast,COC1=C(CC2=CN(C)C3=C2C=C(NC(=O)OC2CCCC2)C=C3)C=CC(=C1)C(=O)NS(=O)(=O)C1=C(C)C=CC=C1,YEEZWCHGZNKEEK-UHFFFAOYSA-N,107753-78-6,DrugCentral,FDA_Approved.csv (current) + structures.smiles.tsv (2021_09_01),2026-07-29
2859,zanamivir,CC(=O)N[C@@H]1[C@@H](NC(N)=N)C=C(O[C@H]1[C@H](O)[C@H](O)CO)C(O)=O,ARAIBEBZBOPLMB-UFGQHTETSA-N,139110-80-8,DrugCentral,FDA_Approved.csv (current) + structures.smiles.tsv (2021_09_01),2026-07-29
2994,glucagon,CSCC[C@H](NC(=O)[C@H](CC(C)C)NC(=O)[C@H](CC1=CNC2=C1C=CC=C2)NC(=O)[C@H](CCC(N)=O)NC(=O)[C@@H](NC(=O)[C@H](CC1=CC=CC=C1)NC(=O)[C@H](CC(O)=O)NC(=O)[C@H](CCC(N)=O)NC(=O)[C@H](C)NC(=O)[C@H](CCCNC(N)=N)NC(=O)[C@H](CCCNC(N)=N)NC(=O)[C@H](CO)NC(=O)[C@H](CC(O)=O)NC(=O)[C@H](CC(C)C)NC(=O)[C@H](CC1=CC=C(O)C=C1)NC(=O)[C@H](CCCCN)NC(=O)[C@H](CO)NC(=O)[C@H](CC1=CC=C(O)C=C1)NC(=O)[C@H](CC(O)=O)NC(=O)[C@H](CO)NC(=O)[C@@H](NC(=O)[C@H](CC1=CC=CC=C1)NC(=O)[C@@H](NC(=O)CNC(=O)[C@H](CCC(N)=O)NC(=O)[C@H](CO)NC(=O)[C@@H](N)CC1=CNC=N1)[C@@H](C)O)[C@@H](C)O)C(C)C)C(=O)N[C@@H](CC(N)=O)C(=O)N[C@@H]([C@@H](C)O)C(O)=O,MASNOZXLGMXCHN-ZLPAWPGGSA-N,9007-92-5,DrugCentral,FDA_Approved.csv (current) + structures.smiles.tsv (2021_09_01),2026-07-29
2861,zidovudine,CC1=CN([C@H]2C[C@H](N=[N+]=[N-])[C@@H](CO)O2)C(=O)NC1=O,HBOMLICNUCNMMY-XLPZGREQSA-N,30516-87-1,DrugCentral,FDA_Approved.csv (current) + structures.smiles.tsv (2021_09_01),2026-07-29
2862,zileuton,CC(N(O)C(N)=O)C1=CC2=C(S1)C=CC=C2,MWLSOWXNZPKENC-UHFFFAOYSA-N,111406-87-2,DrugCentral,FDA_Approved.csv (current) + structures.smiles.tsv (2021_09_01),2026-07-29
2865,ziprasidone,ClC1=CC2=C(CC(=O)N2)C=C1CCN1CCN(CC1)C1=NSC2=C1C=CC=C2,MVWVFYHBGMAFLY-UHFFFAOYSA-N,146939-27-7,DrugCentral,FDA_Approved.csv (current) + structures.smiles.tsv (2021_09_01),2026-07-29
2869,zolmitriptan,CN(C)CCC1=CNC2=C1C=C(C[C@H]1COC(=O)N1)C=C2,ULSDMUVEXKOYBU-ZDUSSCGKSA-N,139264-17-8,DrugCentral,FDA_Approved.csv (current) + structures.smiles.tsv (2021_09_01),2026-07-29
2870,zolpidem,CN(C)C(=O)CC1=C(N=C2C=CC(C)=CN12)C1=CC=C(C)C=C1,ZAFYATHCZYHLPB-UHFFFAOYSA-N,82626-48-0,DrugCentral,FDA_Approved.csv (current) + structures.smiles.tsv (2021_09_01),2026-07-29
2872,zonisamide,NS(=O)(=O)CC1=NOC2=CC=CC=C12,UBQNRHZMVUUOMG-UHFFFAOYSA-N,68291-97-4,DrugCentral,FDA_Approved.csv (current) + structures.smiles.tsv (2021_09_01),2026-07-29
2873,zopiclone,CN1CCN(CC1)C(=O)OC1N(C(=O)C2=C1N=CC=N2)C1=CC=C(Cl)C=N1,GBBSUAFBMRNDJC-UHFFFAOYSA-N,43200-80-2,DrugCentral,FDA_Approved.csv (current) + structures.smiles.tsv (2021_09_01),2026-07-29
2977,caspofungin,CC[C@H](C)C[C@H](C)CCCCCCCCC(=O)N[C@H]1C[C@@H](O)[C@@H](NCCN)NC(=O)[C@@H]2[C@@H](O)CCN2C(=O)[C@@H](NC(=O)[C@@H](NC(=O)[C@@H]2C[C@@H](O)CN2C(=O)[C@@H](NC1=O)[C@@H](C)O)[C@H](O)[C@@H](O)C1=CC=C(O)C=C1)[C@H](O)CCN,JYIKNQVWKBUSNH-WVDDFWQHSA-N,162808-62-0,DrugCentral,FDA_Approved.csv (current) + structures.smiles.tsv (2021_09_01),2026-07-29
2989,calcitonin (salmon synthetic),CC(C)C[C@H](NC(=O)[C@@H](NC(=O)[C@@H]1CSSC[C@H](N)C(=O)N[C@@H](CO)C(=O)N[C@@H](CC(N)=O)C(=O)N[C@@H](CC(C)C)C(=O)N[C@@H](CO)C(=O)N[C@@H]([C@@H](C)O)C(=O)N1)C(C)C)C(=O)NCC(=O)N[C@@H](CCCCN)C(=O)N[C@@H](CC(C)C)C(=O)N[C@@H](CO)C(=O)N[C@@H](CCC(N)=O)C(=O)N[C@@H](CCC(O)=O)C(=O)N[C@@H](CC(C)C)C(=O)N[C@@H](CC1=CNC=N1)C(=O)N[C@@H](CCCCN)C(=O)N[C@@H](CC(C)C)C(=O)N[C@@H](CCC(N)=O)C(=O)N[C@@H]([C@@H](C)O)C(=O)N[C@@H](CC1=CC=C(O)C=C1)C(=O)N1CCC[C@H]1C(=O)N[C@@H](CCCNC(N)=N)C(=O)N[C@@H]([C@@H](C)O)C(=O)N[C@@H](CC(N)=O)C(=O)N[C@@H]([C@@H](C)O)C(=O)NCC(=O)N[C@@H](CO)C(=O)NCC(=O)N[C@@H]([C@@H](C)O)C(=O)N1CCC[C@H]1C(N)=O,BBBFJLBPOGFECG-VJVYQDLKSA-N,47931-85-1,DrugCentral,FDA_Approved.csv (current) + structures.smiles.tsv (2021_09_01),2026-07-29
3018,benzethonium,CC(C)(C)CC(C)(C)C1=CC=C(OCCOCC[N+](C)(C)CC2=CC=CC=C2)C=C1,SIYLLGKDQZGJHK-UHFFFAOYSA-N,121-54-0,DrugCentral,FDA_Approved.csv (current) + structures.smiles.tsv (2021_09_01),2026-07-29
3064,capsaicin,COC1=C(O)C=CC(CNC(=O)CCCC\C=C\C(C)C)=C1,YKPUWZUDDOIDPM-SOFGYWHQSA-N,404-86-4,DrugCentral,FDA_Approved.csv (current) + structures.smiles.tsv (2021_09_01),2026-07-29
3142,difluprednate,CCCC(=O)O[C@@]1(CC[C@H]2[C@@H]3C[C@H](F)C4=CC(=O)C=C[C@]4(C)[C@@]3(F)[C@@H](O)C[C@]12C)C(=O)COC(C)=O,WYQPLTPSGFELIB-JTQPXKBDSA-N,23674-86-4,DrugCentral,FDA_Approved.csv (current) + structures.smiles.tsv (2021_09_01),2026-07-29
3188,estrone,C[C@]12CC[C@H]3[C@@H](CCC4=C3C=CC(O)=C4)[C@@H]1CCC2=O,DNXHEGUUPJUMQT-CBZIJGRNSA-N,53-16-7,DrugCentral,FDA_Approved.csv (current) + structures.smiles.tsv (2021_09_01),2026-07-29
3294,iloperidone,COC1=C(OCCCN2CCC(CC2)C2=NOC3=CC(F)=CC=C23)C=CC(=C1)C(C)=O,XMXHEBAFVSFQEX-UHFFFAOYSA-N,133454-47-4,DrugCentral,FDA_Approved.csv (current) + structures.smiles.tsv (2021_09_01),2026-07-29
3300,indocyanine green,CC1(C)C(=CC=CC=CC=CC2=[N+](CCCCS(O)(=O)=O)C3=C(C4=CC=CC=C4C=C3)C2(C)C)N(CCCCS(O)(=O)=O)C2=C1C1=CC=CC=C1C=C2,BDBMLMBYCXNVMC-UHFFFAOYSA-O,3599-32-4,DrugCentral,FDA_Approved.csv (current) + structures.smiles.tsv (2021_09_01),2026-07-29
3302,iodixanol,CC(=O)N(CC(O)CN(C(C)=O)C1=C(I)C(C(=O)NCC(O)CO)=C(I)C(C(=O)NCC(O)CO)=C1I)C1=C(I)C(C(=O)NCC(O)CO)=C(I)C(C(=O)NCC(O)CO)=C1I,NBQNWMBBSKPBAY-UHFFFAOYSA-N,92339-11-2,DrugCentral,FDA_Approved.csv (current) + structures.smiles.tsv (2021_09_01),2026-07-29
3317,lenalidomide,NC1=C2CN(C3CCC(=O)NC3=O)C(=O)C2=CC=C1,GOTYRUGSSMKFNF-UHFFFAOYSA-N,191732-72-6,DrugCentral,FDA_Approved.csv (current) + structures.smiles.tsv (2021_09_01),2026-07-29
3409,oxidronic acid,OC(P(O)(O)=O)P(O)(O)=O,HJZKOAYDRQLPME-UHFFFAOYSA-N,15468-10-7,DrugCentral,FDA_Approved.csv (current) + structures.smiles.tsv (2021_09_01),2026-07-29
3502,prucalopride,COCCCN1CCC(CC1)NC(=O)C1=CC(Cl)=C(N)C2=C1OCC2,ZPMNHBXQOOVQJL-UHFFFAOYSA-N,179474-81-8,DrugCentral,FDA_Approved.csv (current) + structures.smiles.tsv (2021_09_01),2026-07-29
3521,rasagiline,C#CCN[C@@H]1CCC2=C1C=CC=C2,RUOKEQAAGRXIBM-GFCCVEGCSA-N,136236-51-6,DrugCentral,FDA_Approved.csv (current) + structures.smiles.tsv (2021_09_01),2026-07-29
3531,roflumilast,FC(F)OC1=C(OCC2CC2)C=C(C=C1)C(=O)NC1=C(Cl)C=NC=C1Cl,MNDBXUUTURYVHR-UHFFFAOYSA-N,162401-32-3,DrugCentral,FDA_Approved.csv (current) + structures.smiles.tsv (2021_09_01),2026-07-29
3534,rufinamide,NC(=O)C1=CN(CC2=C(F)C=CC=C2F)N=N1,POGQSBRIGCQNEG-UHFFFAOYSA-N,106308-44-5,DrugCentral,FDA_Approved.csv (current) + structures.smiles.tsv (2021_09_01),2026-07-29
3584,terazosin,COC1=CC2=C(C=C1OC)C(N)=NC(=N2)N1CCN(CC1)C(=O)C1CCCO1,VCKUSRYTPJJLNI-UHFFFAOYSA-N,63590-64-7,DrugCentral,FDA_Approved.csv (current) + structures.smiles.tsv (2021_09_01),2026-07-29
3609,tipranavir,CCC[C@@]1(CCC2=CC=CC=C2)CC(O)=C([C@H](CC)C2=CC(NS(=O)(=O)C3=CC=C(C=N3)C(F)(F)F)=CC=C2)C(=O)O1,SUJUHGSWHZTSEU-FYBSXPHGSA-N,174484-41-4,DrugCentral,FDA_Approved.csv (current) + structures.smiles.tsv (2021_09_01),2026-07-29
3862,alitretinoin,C\C(\C=C\C1=C(C)CCCC1(C)C)=C\C=C\C(\C)=C\C(O)=O,SHGAZHPCJJPHSC-ZVCIMWCZSA-N,5300-03-8,DrugCentral,FDA_Approved.csv (current) + structures.smiles.tsv (2021_09_01),2026-07-29
3931,dolasetron,O=C(O[C@H]1C[C@H]2CC3C[C@@H](C1)N2CC3=O)C1=CNC2=C1C=CC=C2,UKTAZPQNNNJVKR-MMUVGSQPSA-N,115956-12-2,DrugCentral,FDA_Approved.csv (current) + structures.smiles.tsv (2021_09_01),2026-07-29
3944,etoposide phosphate,COC1=CC(=CC(OC)=C1OP(O)(O)=O)[C@H]1[C@@H]2[C@H](COC2=O)[C@H](O[C@@H]2O[C@@H]3CO[C@@H](C)O[C@H]3[C@H](O)[C@H]2O)C2=C1C=C1OCOC1=C2,LIQODXNTTZAGID-OCBXBXKTSA-N,117091-64-2,DrugCentral,FDA_Approved.csv (current) + structures.smiles.tsv (2021_09_01),2026-07-29
4039,sulfur hexafluoride,FS(F)(F)(F)(F)F,SFZCNBIFKDRMGX-UHFFFAOYSA-N,2551-62-4,DrugCentral,FDA_Approved.csv (current) + structures.smiles.tsv (2021_09_01),2026-07-29
4109,dronabinol,CCCCCC1=CC(O)=C2[C@@H]3C=C(C)CC[C@H]3C(C)(C)OC2=C1,CYQFCXCEBYINGO-IAGOWNOFSA-N,1972-08-3,DrugCentral,FDA_Approved.csv (current) + structures.smiles.tsv (2021_09_01),2026-07-29
4110,tolvaptan,CC1=C(C=CC=C1)C(=O)NC1=CC(C)=C(C=C1)C(=O)N1CCCC(O)C2=CC(Cl)=CC=C12,GYHCTFXIZSNGJT-UHFFFAOYSA-N,150683-30-0,DrugCentral,FDA_Approved.csv (current) + structures.smiles.tsv (2021_09_01),2026-07-29
4111,besifloxacin,N[C@@H]1CCCCN(C1)C1=C(F)C=C2C(=O)C(=CN(C3CC3)C2=C1Cl)C(O)=O,QFFGVLORLPOAEC-SNVBAGLBSA-N,141388-76-3,DrugCentral,FDA_Approved.csv (current) + structures.smiles.tsv (2021_09_01),2026-07-29
4124,vorinostat,ONC(=O)CCCCCCC(=O)NC1=CC=CC=C1,WAEXFXRVDQXREF-UHFFFAOYSA-N,149647-78-9,DrugCentral,FDA_Approved.csv (current) + structures.smiles.tsv (2021_09_01),2026-07-29
4112,dronedarone,CCCCN(CCCC)CCCOC1=CC=C(C=C1)C(=O)C1=C(CCCC)OC2=C1C=C(NS(C)(=O)=O)C=C2,ZQTNQVWKHCQYLQ-UHFFFAOYSA-N,141626-36-0,DrugCentral,FDA_Approved.csv (current) + structures.smiles.tsv (2021_09_01),2026-07-29
4114,saxagliptin,N[C@H](C(=O)N1[C@H]2C[C@H]2C[C@H]1C#N)C12CC3CC(CC(O)(C3)C1)C2,QGJUIPDUBHWZPV-SGTAVMJGSA-N,361442-04-8,DrugCentral,FDA_Approved.csv (current) + structures.smiles.tsv (2021_09_01),2026-07-29
4115,asenapine,CN1CC2C(C1)C1=C(OC3=C2C=CC=C3)C=CC(Cl)=C1,VSWBSWWIRNCQIJ-UHFFFAOYSA-N,65576-45-6,DrugCentral,FDA_Approved.csv (current) + structures.smiles.tsv (2021_09_01),2026-07-29
4117,pralatrexate,NC1=NC2=NC=C(CC(CC#C)C3=CC=C(C=C3)C(=O)N[C@@H](CCC(O)=O)C(O)=O)N=C2C(N)=N1,OGSBUKJUDHAQEA-WMCAAGNKSA-N,146464-95-1,DrugCentral,FDA_Approved.csv (current) + structures.smiles.tsv (2021_09_01),2026-07-29
4118,pazopanib,CN(C1=CC2=NN(C)C(C)=C2C=C1)C1=NC(NC2=CC(=C(C)C=C2)S(N)(=O)=O)=NC=C1,CUIHSIWYWATEQL-UHFFFAOYSA-N,444731-52-6,DrugCentral,FDA_Approved.csv (current) + structures.smiles.tsv (2021_09_01),2026-07-29
4119,romidepsin,C\C=C1/NC(=O)[C@H]2CSSCC\C=C\[C@H](CC(=O)N[C@H](C(C)C)C(=O)N2)OC(=O)[C@@H](NC1=O)C(C)C,OHRURASPPZQGQM-GCCNXGTGSA-N,128517-07-7,DrugCentral,FDA_Approved.csv (current) + structures.smiles.tsv (2021_09_01),2026-07-29
4129,isoleucine,CC[C@H](C)[C@H](N)C(O)=O,AGPKZVBTJJNPAG-WHFBIAKZSA-N,73-32-5,DrugCentral,FDA_Approved.csv (current) + structures.smiles.tsv (2021_09_01),2026-07-29
4135,lisdexamfetamine,C[C@@H](CC1=CC=CC=C1)NC(=O)[C@@H](N)CCCCN,VOBHXZCDAVEXEY-JSGCOSHPSA-N,608137-32-2,DrugCentral,FDA_Approved.csv (current) + structures.smiles.tsv (2021_09_01),2026-07-29
4137,paliperidone,CC1=C(CCN2CCC(CC2)C2=NOC3=C2C=CC(F)=C3)C(=O)N2CCCC(O)C2=N1,PMXMIIMHBWHSKN-UHFFFAOYSA-N,144598-75-4,DrugCentral,FDA_Approved.csv (current) + structures.smiles.tsv (2021_09_01),2026-07-29
4143,darunavir,CC(C)CN(C[C@@H](O)[C@H](CC1=CC=CC=C1)NC(=O)O[C@H]1CO[C@H]2OCC[C@@H]12)S(=O)(=O)C1=CC=C(N)C=C1,CJBJHOAVZSMMDJ-HEXNFIEUSA-N,206361-99-1,DrugCentral,FDA_Approved.csv (current) + structures.smiles.tsv (2021_09_01),2026-07-29
4151,silodosin,C[C@H](CC1=CC2=C(N(CCCO)CC2)C(=C1)C(N)=O)NCCOC1=CC=CC=C1OCC(F)(F)F,PNCPYILNMDWPEY-QGZVFWFLSA-N,160970-54-7,DrugCentral,FDA_Approved.csv (current) + structures.smiles.tsv (2021_09_01),2026-07-29
4152,permethrin,CC1(C)C(C=C(Cl)Cl)C1C(=O)OCC1=CC=CC(OC2=CC=CC=C2)=C1,RLLPVAHGXHCWKJ-UHFFFAOYSA-N,52645-53-1,DrugCentral,FDA_Approved.csv (current) + structures.smiles.tsv (2021_09_01),2026-07-29
4153,cabazitaxel,CO[C@H]1C[C@H]2OC[C@@]2(OC(C)=O)[C@H]2[C@H](OC(=O)C3=CC=CC=C3)[C@]3(O)C[C@H](OC(=O)[C@H](O)[C@@H](NC(=O)OC(C)(C)C)C4=CC=CC=C4)C(C)=C([C@@H](OC)C(=O)[C@]12C)C3(C)C,BMQGVNUXMIRLCK-OAGWZNDDSA-N,183133-96-2,DrugCentral,FDA_Approved.csv (current) + structures.smiles.tsv (2021_09_01),2026-07-29
4172,boceprevir,CC(C)(C)NC(=O)N[C@H](C(=O)N1C[C@H]2[C@@H]([C@H]1C(=O)NC(CC1CCC1)C(=O)C(N)=O)C2(C)C)C(C)(C)C,LHHCSNFAOIFYRV-DOVBMPENSA-N,394730-60-0,DrugCentral,FDA_Approved.csv (current) + structures.smiles.tsv (2021_09_01),2026-07-29
4161,temsirolimus,CO[C@@H]1C[C@H](C[C@@H](C)[C@@H]2CC(=O)[C@H](C)\C=C(C)\[C@@H](O)[C@@H](OC)C(=O)[C@H](C)C[C@H](C)\C=C\C=C\C=C(C)\[C@H](C[C@@H]3CC[C@@H](C)[C@@](O)(O3)C(=O)C(=O)N3CCCC[C@H]3C(=O)O2)OC)CC[C@H]1OC(=O)C(C)(CO)CO,CBPNZQVSJQDFBE-FUXHJELOSA-N,162635-04-3,DrugCentral,FDA_Approved.csv (current) + structures.smiles.tsv (2021_09_01),2026-07-29
4162,dexlansoprazole,CC1=C(OCC(F)(F)F)C=CN=C1C[S@@](=O)C1=NC2=C(N1)C=CC=C2,MJIHNNLFOKEZEW-RUZDIDTESA-N,138530-94-6,DrugCentral,FDA_Approved.csv (current) + structures.smiles.tsv (2021_09_01),2026-07-29
4163,fampridine,NC1=CC=NC=C1,NUKYPUAOHBNCPY-UHFFFAOYSA-N,504-24-5,DrugCentral,FDA_Approved.csv (current) + structures.smiles.tsv (2021_09_01),2026-07-29
4167,fingolimod,CCCCCCCCC1=CC=C(CCC(N)(CO)CO)C=C1,KKGQTZUTZRNORY-UHFFFAOYSA-N,162359-55-9,DrugCentral,FDA_Approved.csv (current) + structures.smiles.tsv (2021_09_01),2026-07-29
4173,telaprevir,CCC[C@H](NC(=O)[C@@H]1[C@H]2CCC[C@H]2CN1C(=O)[C@@H](NC(=O)[C@@H](NC(=O)C1=CN=CC=N1)C1CCCCC1)C(C)(C)C)C(=O)C(=O)NC1CC1,BBAWEDCPNXPBQM-GDEBMMAJSA-N,402957-28-2,DrugCentral,FDA_Approved.csv (current) + structures.smiles.tsv (2021_09_01),2026-07-29
4174,rilpivirine,CC1=CC(\C=C\C#N)=CC(C)=C1NC1=NC(NC2=CC=C(C=C2)C#N)=NC=C1,YIBOMRUWOWDFLG-ONEGZZNKSA-N,500287-72-9,DrugCentral,FDA_Approved.csv (current) + structures.smiles.tsv (2021_09_01),2026-07-29
4175,linagliptin,CC#CCN1C(=NC2=C1C(=O)N(CC1=NC3=CC=CC=C3C(C)=N1)C(=O)N2C)N1CCC[C@@H](N)C1,LTXREWYXXSTFRX-QGZVFWFLSA-N,668270-12-0,DrugCentral,FDA_Approved.csv (current) + structures.smiles.tsv (2021_09_01),2026-07-29
4176,abiraterone acetate,CC(=O)O[C@H]1CC[C@]2(C)[C@H]3CC[C@@]4(C)[C@@H](CC=C4C4=CC=CN=C4)[C@@H]3CC=C2C1,UVIQSJCZCSLXRZ-UBUQANBQSA-N,154229-18-2,DrugCentral,FDA_Approved.csv (current) + structures.smiles.tsv (2021_09_01),2026-07-29
4191,fesoterodine,CC(C)N(CC[C@H](C1=CC=CC=C1)C1=C(OC(=O)C(C)C)C=CC(CO)=C1)C(C)C,DCCSDBARQIPTGU-HSZRJFAPSA-N,286930-02-7,DrugCentral,FDA_Approved.csv (current) + structures.smiles.tsv (2021_09_01),2026-07-29
4178,vandetanib,COC1=C(OCC2CCN(C)CC2)C=C2N=CN=C(NC3=C(F)C=C(Br)C=C3)C2=C1,UHTHHESEBZOYNR-UHFFFAOYSA-N,443913-73-3,DrugCentral,FDA_Approved.csv (current) + structures.smiles.tsv (2021_09_01),2026-07-29
4182,rivaroxaban,ClC1=CC=C(S1)C(=O)NC[C@H]1CN(C(=O)O1)C1=CC=C(C=C1)N1CCOCC1=O,KGFYHTZWPPHNLQ-AWEZNQCLSA-N,366789-02-8,DrugCentral,FDA_Approved.csv (current) + structures.smiles.tsv (2021_09_01),2026-07-29
4184,ticagrelor,CCCSC1=NC(N[C@@H]2C[C@H]2C2=CC(F)=C(F)C=C2)=C2N=NN([C@@H]3C[C@H](OCCO)[C@@H](O)[C@H]3O)C2=N1,OEKWJQXRCDYSHL-FNOIDJSQSA-N,274693-27-5,DrugCentral,FDA_Approved.csv (current) + structures.smiles.tsv (2021_09_01),2026-07-29
4185,vemurafenib,CCCS(=O)(=O)NC1=CC=C(F)C(C(=O)C2=CNC3=NC=C(C=C23)C2=CC=C(Cl)C=C2)=C1F,GPXBXXGIAQBQNI-UHFFFAOYSA-N,918504-65-1,DrugCentral,FDA_Approved.csv (current) + structures.smiles.tsv (2021_09_01),2026-07-29
4189,hydroxyprogesterone caproate,CCCCCC(=O)O[C@@]1(CC[C@H]2[C@@H]3CCC4=CC(=O)CC[C@]4(C)[C@H]3CC[C@]12C)C(C)=O,DOMWKUIIPQCAJU-LJHIYBGHSA-N,630-56-8,DrugCentral,FDA_Approved.csv (current) + structures.smiles.tsv (2021_09_01),2026-07-29
4190,ruxolitinib,N#CC[C@H](C1CCCC1)N1C=C(C=N1)C1=C2C=CNC2=NC=N1,HFNKQEVNSGCOJV-OAHLLOKOSA-N,941678-49-5,DrugCentral,FDA_Approved.csv (current) + structures.smiles.tsv (2021_09_01),2026-07-29
4209,prazosin,COC1=C(OC)C=C2C(N)=NC(=NC2=C1)N1CCN(CC1)C(=O)C1=CC=CO1,IENZQIKPVFGBNW-UHFFFAOYSA-N,19216-56-9,DrugCentral,FDA_Approved.csv (current) + structures.smiles.tsv (2021_09_01),2026-07-29
4220,telbivudine,CC1=CN([C@@H]2C[C@@H](O)[C@H](CO)O2)C(=O)NC1=O,IQFYYKKMVGJFEH-CSMHCCOUSA-N,3424-98-4,DrugCentral,FDA_Approved.csv (current) + structures.smiles.tsv (2021_09_01),2026-07-29
4283,tapentadol,CC[C@H]([C@@H](C)CN(C)C)C1=CC(O)=CC=C1,KWTWDQCKEHXFFR-SMDDNHRTSA-N,175591-09-0,DrugCentral,FDA_Approved.csv (current) + structures.smiles.tsv (2021_09_01),2026-07-29
4223,vilazodone,NC(=O)C1=CC2=C(O1)C=CC(=C2)N1CCN(CCCCC2=CNC3=C2C=C(C=C3)C#N)CC1,SGEGOXDYSFKCPT-UHFFFAOYSA-N,163521-12-8,DrugCentral,FDA_Approved.csv (current) + structures.smiles.tsv (2021_09_01),2026-07-29
4233,sugammadex,O[C@@H]1[C@@H](O)[C@@H]2O[C@H]3O[C@H](CSCCC(O)=O)[C@@H](O[C@H]4O[C@H](CSCCC(O)=O)[C@@H](O[C@H]5O[C@H](CSCCC(O)=O)[C@@H](O[C@H]6O[C@H](CSCCC(O)=O)[C@@H](O[C@H]7O[C@H](CSCCC(O)=O)[C@@H](O[C@H]8O[C@H](CSCCC(O)=O)[C@@H](O[C@H]9O[C@H](CSCCC(O)=O)[C@@H](O[C@H]1O[C@@H]2CSCCC(O)=O)[C@H](O)[C@H]9O)[C@H](O)[C@H]8O)[C@H](O)[C@H]7O)[C@H](O)[C@H]6O)[C@H](O)[C@H]5O)[C@H](O)[C@H]4O)[C@H](O)[C@H]3O,WHRODDIHRRDWEW-VTHZAVIASA-N,343306-71-8,DrugCentral,FDA_Approved.csv (current) + structures.smiles.tsv (2021_09_01),2026-07-29
4254,threonine,C[C@@H](O)[C@H](N)C(O)=O,AYFVYJQAPQTCCC-GBXIJSLDSA-N,72-19-5,DrugCentral,FDA_Approved.csv (current) + structures.smiles.tsv (2021_09_01),2026-07-29
4266,phenol,OC1=CC=CC=C1,ISWSIDIOOBJBQZ-UHFFFAOYSA-N,108-95-2,DrugCentral,FDA_Approved.csv (current) + structures.smiles.tsv (2021_09_01),2026-07-29
4268,allantoin,NC(=O)NC1NC(=O)NC1=O,POJWUDADGALRAB-UHFFFAOYSA-N,97-59-6,DrugCentral,FDA_Approved.csv (current) + structures.smiles.tsv (2021_09_01),2026-07-29
4289,doconexent,CC\C=C/C\C=C/C\C=C/C\C=C/C\C=C/C\C=C/CCC(O)=O,MBMBGCFOFBJSGT-KUBAVDMBSA-N,6217-54-5,DrugCentral,FDA_Approved.csv (current) + structures.smiles.tsv (2021_09_01),2026-07-29
4300,elvitegravir,COC1=C(CC2=C(F)C(Cl)=CC=C2)C=C2C(=O)C(=CN([C@H](CO)C(C)C)C2=C1)C(O)=O,JUZYLCPPVHEVSV-LJQANCHMSA-N,697761-98-1,DrugCentral,FDA_Approved.csv (current) + structures.smiles.tsv (2021_09_01),2026-07-29
4303,eslicarbazepine acetate,CC(=O)O[C@H]1CC2=C(C=CC=C2)N(C(N)=O)C2=CC=CC=C12,QIALRBLEEWJACW-INIZCTEOSA-N,236395-14-5,DrugCentral,FDA_Approved.csv (current) + structures.smiles.tsv (2021_09_01),2026-07-29
4304,dapagliflozin,CCOC1=CC=C(CC2=C(Cl)C=CC(=C2)[C@@H]2O[C@H](CO)[C@@H](O)[C@H](O)[C@H]2O)C=C1,JVHXJTBJCFBINQ-ADAARDCZSA-N,461432-26-8,DrugCentral,FDA_Approved.csv (current) + structures.smiles.tsv (2021_09_01),2026-07-29
4310,lacosamide,COC[C@@H](NC(C)=O)C(=O)NCC1=CC=CC=C1,VPPJLAIAVCUEMN-GFCCVEGCSA-N,175481-36-4,DrugCentral,FDA_Approved.csv (current) + structures.smiles.tsv (2021_09_01),2026-07-29
4322,azilsartan medoxomil,CCOC1=NC2=CC=CC(C(=O)OCC3=C(C)OC(=O)O3)=C2N1CC1=CC=C(C=C1)C1=C(C=CC=C1)C1=NOC(=O)N1,QJFSABGVXDWMIW-UHFFFAOYSA-N,863031-21-4,DrugCentral,FDA_Approved.csv (current) + structures.smiles.tsv (2021_09_01),2026-07-29
4337,ambrisentan,COC([C@H](OC1=NC(C)=CC(C)=N1)C(O)=O)(C1=CC=CC=C1)C1=CC=CC=C1,OUJTZYPIHDYQMC-LJQANCHMSA-N,177036-94-1,DrugCentral,FDA_Approved.csv (current) + structures.smiles.tsv (2021_09_01),2026-07-29
4357,anidulafungin,CCCCCOC1=CC=C(C=C1)C1=CC=C(C=C1)C1=CC=C(C=C1)C(=O)N[C@H]1C[C@@H](O)[C@@H](O)NC(=O)[C@@H]2[C@@H](O)[C@@H](C)CN2C(=O)[C@@H](NC(=O)C(NC(=O)[C@@H]2C[C@@H](O)CN2C(=O)C(NC1=O)[C@@H](C)O)[C@H](O)[C@@H](O)C1=CC=C(O)C=C1)[C@@H](C)O,JHVAMHSQVVQIOT-FUVWCVBOSA-N,166663-25-8,DrugCentral,FDA_Approved.csv (current) + structures.smiles.tsv (2021_09_01),2026-07-29
4627,sincalide,CSCC[C@H](NC(=O)[C@H](CC1=CC=C(OS(O)(=O)=O)C=C1)NC(=O)[C@@H](N)CC(O)=O)C(=O)NCC(=O)N[C@@H](CC1=CNC2=C1C=CC=C2)C(=O)N[C@@H](CCSC)C(=O)N[C@@H](CC(O)=O)C(=O)N[C@@H](CC1=CC=CC=C1)C(N)=O,IZTQOLKUZKXIRV-YRVFCXMDSA-N,25126-32-3,DrugCentral,FDA_Approved.csv (current) + structures.smiles.tsv (2021_09_01),2026-07-29
4876,belinostat,ONC(=O)C=CC1=CC(=CC=C1)S(=O)(=O)NC1=CC=CC=C1,NCNRHFGMJRPRSK-UHFFFAOYSA-N,414864-00-9,DrugCentral,FDA_Approved.csv (current) + structures.smiles.tsv (2021_09_01),2026-07-29
4374,lorcaserin,C[C@H]1CNCCC2=CC=C(Cl)C=C12,XTTZERNUQAFMOF-QMMMGPOBSA-N,616202-92-7,DrugCentral,FDA_Approved.csv (current) + structures.smiles.tsv (2021_09_01),2026-07-29
4379,degarelix,CC(C)C[C@H](NC(=O)[C@@H](CC1=CC=C(NC(N)=O)C=C1)NC(=O)[C@H](CC1=CC=C(NC(=O)[C@@H]2CC(=O)NC(=O)N2)C=C1)NC(=O)[C@H](CO)NC(=O)[C@@H](CC1=CN=CC=C1)NC(=O)[C@@H](CC1=CC=C(Cl)C=C1)NC(=O)[C@@H](CC1=CC2=C(C=CC=C2)C=C1)NC(C)=O)C(=O)N[C@@H](CCCCNC(C)C)C(=O)N1CCC[C@H]1C(=O)N[C@H](C)C(N)=O,MEUCPCLKGZSHTA-XYAYPHGZSA-N,214766-78-6,DrugCentral,FDA_Approved.csv (current) + structures.smiles.tsv (2021_09_01),2026-07-29
4380,desvenlafaxine,CN(C)CC(C1=CC=C(O)C=C1)C1(O)CCCCC1,KYYIDSXMWOZKMP-UHFFFAOYSA-N,93413-62-8,DrugCentral,FDA_Approved.csv (current) + structures.smiles.tsv (2021_09_01),2026-07-29
4382,mirabegron,NC1=NC(CC(=O)NC2=CC=C(CCNC[C@H](O)C3=CC=CC=C3)C=C2)=CS1,PBAPPPCECJKMCM-IBGZPJMESA-N,223673-61-8,DrugCentral,FDA_Approved.csv (current) + structures.smiles.tsv (2021_09_01),2026-07-29
4399,eltrombopag,CC1=NN(C(=O)\C1=N/NC1=CC=CC(C2=CC(=CC=C2)C(O)=O)=C1O)C1=CC(C)=C(C)C=C1,XDXWLKQMMKQXPV-QYQHSDTDSA-N,496775-61-2,DrugCentral,FDA_Approved.csv (current) + structures.smiles.tsv (2021_09_01),2026-07-29
4410,plerixafor,C(N1CCCNCCNCCCNCC1)C1=CC=C(CN2CCCNCCNCCCNCC2)C=C1,YIQPUIGJQJDJOS-UHFFFAOYSA-N,110078-46-1,DrugCentral,FDA_Approved.csv (current) + structures.smiles.tsv (2021_09_01),2026-07-29
4446,iodine,II,PNDPGZBMCMUPRI-UHFFFAOYSA-N,7553-56-2,DrugCentral,FDA_Approved.csv (current) + structures.smiles.tsv (2021_09_01),2026-07-29
4452,clobetasol propionate,CCC(=O)O[C@@]1([C@@H](C)C[C@H]2[C@@H]3CCC4=CC(=O)C=C[C@]4(C)[C@@]3(F)[C@@H](O)C[C@]12C)C(=O)CCl,CBGUOGMQLZIXBE-XGQKBEPLSA-N,25122-46-7,DrugCentral,FDA_Approved.csv (current) + structures.smiles.tsv (2021_09_01),2026-07-29
4454,testosterone cypionate,C[C@]12CC[C@H]3[C@@H](CCC4=CC(=O)CC[C@]34C)[C@@H]1CC[C@@H]2OC(=O)CCC1CCCC1,HPFVBGJFAYZEBE-ZLQWOROUSA-N,58-20-8,DrugCentral,FDA_Approved.csv (current) + structures.smiles.tsv (2021_09_01),2026-07-29
4456,hydrocortisone succinate,C[C@]12C[C@H](O)[C@H]3[C@@H](CCC4=CC(=O)CC[C@]34C)[C@@H]1CC[C@]2(O)C(=O)COC(=O)CCC(O)=O,VWQWXZAWFPZJDA-CGVGKPPMSA-N,125-04-2,DrugCentral,FDA_Approved.csv (current) + structures.smiles.tsv (2021_09_01),2026-07-29
4496,haloperidol decanoate,CCCCCCCCCC(=O)OC1(CCN(CCCC(=O)C2=CC=C(F)C=C2)CC1)C1=CC=C(Cl)C=C1,GUTXTARXLVFHDK-UHFFFAOYSA-N,74050-97-8,DrugCentral,FDA_Approved.csv (current) + structures.smiles.tsv (2021_09_01),2026-07-29
4497,estradiol acetate,CC(=O)OC1=CC2=C(C=C1)[C@H]1CC[C@]3(C)[C@@H](O)CC[C@H]3[C@@H]1CC2,FHXBMXJMKMWVRG-SLHNCBLASA-N,4245-41-4,DrugCentral,FDA_Approved.csv (current) + structures.smiles.tsv (2021_09_01),2026-07-29
4505,choline fenofibrate,CC(C)(OC1=CC=C(C=C1)C(=O)C1=CC=C(Cl)C=C1)C(O)=O,MQOBSOSZFYZQOK-UHFFFAOYSA-N,42017-89-0,DrugCentral,FDA_Approved.csv (current) + structures.smiles.tsv (2021_09_01),2026-07-29
4516,tetracosactide,CSCC[C@H](NC(=O)[C@H](CO)NC(=O)[C@H](CC1=CC=C(O)C=C1)NC(=O)[C@@H](N)CO)C(=O)N[C@@H](CCC(O)=O)C(=O)N[C@@H](CC1=CNC=N1)C(=O)N[C@@H](CC1=CC=CC=C1)C(=O)N[C@@H](CCCNC(N)=N)C(=O)N[C@@H](CC1=CNC2=C1C=CC=C2)C(=O)NCC(=O)N[C@@H](CCCCN)C(=O)N1CCC[C@H]1C(=O)N[C@@H](C(C)C)C(=O)NCC(=O)N[C@@H](CCCCN)C(=O)N[C@@H](CCCCN)C(=O)N[C@@H](CCCNC(N)=N)C(=O)N[C@@H](CCCNC(N)=N)C(=O)N1CCC[C@H]1C(=O)N[C@@H](C(C)C)C(=O)N[C@@H](CCCCN)C(=O)N[C@@H](C(C)C)C(=O)N[C@@H](CC1=CC=C(O)C=C1)C(=O)N1CCC[C@H]1C(O)=O,ZOEFCCMDUURGSE-SQKVDDBVSA-N,16960-16-0,DrugCentral,FDA_Approved.csv (current) + structures.smiles.tsv (2021_09_01),2026-07-29
4715,cabozantinib,COC1=CC2=NC=CC(OC3=CC=C(NC(=O)C4(CC4)C(=O)NC4=CC=C(F)C=C4)C=C3)=C2C=C1OC,ONIQOQHATWINJY-UHFFFAOYSA-N,849217-68-1,DrugCentral,FDA_Approved.csv (current) + structures.smiles.tsv (2021_09_01),2026-07-29
4523,quinine,COC1=CC=C2N=CC=C([C@@H](O)[C@@H]3C[C@@H]4CC[N@]3C[C@@H]4C=C)C2=C1,LOUPRKONTZGTKE-WZBLMQSHSA-N,130-95-0,DrugCentral,FDA_Approved.csv (current) + structures.smiles.tsv (2021_09_01),2026-07-29
4609,testosterone enantate,CCCCCCC(=O)O[C@H]1CC[C@H]2[C@@H]3CCC4=CC(=O)CC[C@]4(C)[C@H]3CC[C@]12C,VOCBWIIFXDYGNZ-IXKNJLPQSA-N,315-37-7,DrugCentral,FDA_Approved.csv (current) + structures.smiles.tsv (2021_09_01),2026-07-29
4616,methylnaltrexone,C[N+]1(CC2CC2)CC[C@]23[C@H]4OC5=C(O)C=CC(C[C@@H]1[C@]2(O)CCC4=O)=C35,JVLBPIPGETUEET-GAAHOAFPSA-O,83387-25-1,DrugCentral,FDA_Approved.csv (current) + structures.smiles.tsv (2021_09_01),2026-07-29
4628,enzalutamide,CNC(=O)C1=C(F)C=C(C=C1)N1C(=S)N(C(=O)C1(C)C)C1=CC(=C(C=C1)C#N)C(F)(F)F,WXCXUHSOUPDCQV-UHFFFAOYSA-N,915087-33-1,DrugCentral,FDA_Approved.csv (current) + structures.smiles.tsv (2021_09_01),2026-07-29
4749,ospemifene,OCCOC1=CC=C(C=C1)C(=C(\CCCl)C1=CC=CC=C1)\C1=CC=CC=C1,LUMKNAVTFCDUIE-VHXPQNKSSA-N,128607-22-7,DrugCentral,FDA_Approved.csv (current) + structures.smiles.tsv (2021_09_01),2026-07-29
4633,trabectedin,COC1=CC2=C(CCN[C@]22CS[C@H]3[C@H]4[C@@H]5N(C)[C@@H](CC6=C5C(O)=C(OC)C(C)=C6)[C@H](O)N4[C@@H](COC2=O)C2=C3C(OC(C)=O)=C(C)C3=C2OCO3)C=C1O,PKVRCIRHQMSYJX-AIFWHQITSA-N,114899-77-3,DrugCentral,FDA_Approved.csv (current) + structures.smiles.tsv (2021_09_01),2026-07-29
4634,teriflunomide,C\C(O)=C(/C#N)C(=O)NC1=CC=C(C=C1)C(F)(F)F,UTNUDOFZCWSZMS-YFHOEESVSA-N,163451-81-8,DrugCentral,FDA_Approved.csv (current) + structures.smiles.tsv (2021_09_01),2026-07-29
4651,dimyristoylphosphatidylcholine,CCCCCCCCCCCCCC(=O)OCC(COP([O-])(=O)OCC[N+](C)(C)C)OC(=O)CCCCCCCCCCCCC,CITHEXJVPOWHKC-UHFFFAOYSA-N,18656-38-7,DrugCentral,FDA_Approved.csv (current) + structures.smiles.tsv (2021_09_01),2026-07-29
4654,regorafenib,CNC(=O)C1=CC(OC2=CC(F)=C(NC(=O)NC3=CC(=C(Cl)C=C3)C(F)(F)F)C=C2)=CC=N1,FNHKPVJBJVTLMP-UHFFFAOYSA-N,755037-03-7,DrugCentral,FDA_Approved.csv (current) + structures.smiles.tsv (2021_09_01),2026-07-29
4878,idelalisib,CC[C@H](NC1=NC=NC2=C1NC=N2)C1=NC2=C(C(F)=CC=C2)C(=O)N1C1=CC=CC=C1,IFSDAJWBUCMOAH-HNNXBMFYSA-N,870281-82-6,DrugCentral,FDA_Approved.csv (current) + structures.smiles.tsv (2021_09_01),2026-07-29
4678,oritavancin,CN[C@H](CC(C)C)C(=O)N[C@@H]1[C@H](O)C2=CC(Cl)=C(OC3=CC4=CC(OC5=CC=C(C=C5Cl)[C@@H](O[C@H]5C[C@](C)(N)[C@@H](O)[C@H](C)O5)[C@@H]5NC(=O)[C@H](NC(=O)[C@@H]4NC(=O)[C@H](CC(N)=O)NC1=O)C1=CC=C(O)C(=C1)C1=C(O)C=C(O)C=C1[C@H](NC5=O)C(O)=O)=C3O[C@@H]1O[C@H](CO)[C@@H](O)[C@H](O)[C@H]1O[C@H]1C[C@](C)(NCC3=CC=C(C=C3)C3=CC=C(Cl)C=C3)[C@@H](O)[C@H](C)O1)C=C2,VHFGEBVPHAGQPI-LXKZPTCJSA-N,171099-57-3,DrugCentral,FDA_Approved.csv (current) + structures.smiles.tsv (2021_09_01),2026-07-29
4682,panobinostat,CC1=C(CCNCC2=CC=C(\C=C\C(=O)NO)C=C2)C2=CC=CC=C2N1,FPOHNWQLNRZRFC-ZHACJKMWSA-N,404950-80-7,DrugCentral,FDA_Approved.csv (current) + structures.smiles.tsv (2021_09_01),2026-07-29
4713,tofacitinib,C[C@@H]1CCN(C[C@@H]1N(C)C1=C2C=CNC2=NC=N1)C(=O)CC#N,UJLAWZDWDVHWOW-YPMHNXCESA-N,477600-75-2,DrugCentral,FDA_Approved.csv (current) + structures.smiles.tsv (2021_09_01),2026-07-29
4716,ponatinib,CN1CCN(CC2=CC=C(NC(=O)C3=CC=C(C)C(=C3)C#CC3=CN=C4C=CC=NN34)C=C2C(F)(F)F)CC1,PHXJVRSECIGDHY-UHFFFAOYSA-N,943319-70-8,DrugCentral,FDA_Approved.csv (current) + structures.smiles.tsv (2021_09_01),2026-07-29
4718,teduglutide,CC[C@H](C)[C@H](NC(=O)[C@H](CC(C)C)NC(=O)[C@H](CC1=CNC2=C1C=CC=C2)NC(=O)[C@H](CC(N)=O)NC(=O)[C@@H](NC(=O)[C@H](CC1=CC=CC=C1)NC(=O)[C@H](CC(O)=O)NC(=O)[C@H](CCCNC(N)=N)NC(=O)[C@H](C)NC(=O)[C@H](C)NC(=O)[C@H](CC(C)C)NC(=O)[C@H](CC(N)=O)NC(=O)[C@H](CC(O)=O)NC(=O)[C@H](CC(C)C)NC(=O)[C@@H](NC(=O)[C@@H](NC(=O)[C@H](CC(N)=O)NC(=O)[C@H](CCSC)NC(=O)[C@H](CCC(O)=O)NC(=O)[C@H](CC(O)=O)NC(=O)[C@H](CO)NC(=O)[C@H](CC1=CC=CC=C1)NC(=O)[C@H](CO)NC(=O)CNC(=O)[C@H](CC(O)=O)NC(=O)CNC(=O)[C@@H](N)CC1=CNC=N1)[C@@H](C)O)[C@@H](C)CC)[C@@H](C)CC)C(=O)N[C@@H](CCC(N)=O)C(=O)N[C@@H]([C@@H](C)O)C(=O)N[C@@H](CCCCN)C(=O)N[C@@H]([C@@H](C)CC)C(=O)N[C@@H]([C@@H](C)O)C(=O)N[C@@H](CC(O)=O)C(O)=O,CILIXQOJUNDIDU-ASQIGDHWSA-N,197922-42-2,DrugCentral,FDA_Approved.csv (current) + structures.smiles.tsv (2021_09_01),2026-07-29
4741,bedaquiline,COC1=NC2=C(C=C(Br)C=C2)C=C1[C@@H](C1=CC=CC=C1)[C@@](O)(CCN(C)C)C1=CC=CC2=C1C=CC=C2,QUIJNHUBAXPXFS-XLJNKUFUSA-N,843663-66-1,DrugCentral,FDA_Approved.csv (current) + structures.smiles.tsv (2021_09_01),2026-07-29
4746,pomalidomide,NC1=CC=CC2=C1C(=O)N(C1CCC(=O)NC1=O)C2=O,UVSMNLNDYGZFPF-UHFFFAOYSA-N,19171-19-8,DrugCentral,FDA_Approved.csv (current) + structures.smiles.tsv (2021_09_01),2026-07-29
4758,canagliflozin,CC1=C(CC2=CC=C(S2)C2=CC=C(F)C=C2)C=C(C=C1)[C@@H]1O[C@H](CO)[C@@H](O)[C@H](O)[C@H]1O,XTNGUQKDFGDXSJ-ZXGKGEBGSA-N,842133-18-0,DrugCentral,FDA_Approved.csv (current) + structures.smiles.tsv (2021_09_01),2026-07-29
4799,vilanterol,OCC1=C(O)C=CC(=C1)[C@@H](O)CNCCCCCCOCCOCC1=C(Cl)C=CC=C1Cl,DAFYYTQWSAWIGS-DEOSSOPVSA-N,503068-34-6,DrugCentral,FDA_Approved.csv (current) + structures.smiles.tsv (2021_09_01),2026-07-29
4800,radium Ra 223 dichloride,Cl[223Ra]Cl,RWRDJVNMSZYMDV-SIUYXFDKSA-L,444811-40-9,DrugCentral,FDA_Approved.csv (current) + structures.smiles.tsv (2021_09_01),2026-07-29
4801,dabrafenib,CC(C)(C)C1=NC(=C(S1)C1=NC(N)=NC=C1)C1=C(F)C(NS(=O)(=O)C2=C(F)C=CC=C2F)=CC=C1,BFSMGDJOXZAERB-UHFFFAOYSA-N,1195765-45-7,DrugCentral,FDA_Approved.csv (current) + structures.smiles.tsv (2021_09_01),2026-07-29
4806,vortioxetine,CC1=CC=C(SC2=C(C=CC=C2)N2CCNCC2)C(C)=C1,YQNWZWMKLDQSAC-UHFFFAOYSA-N,508233-74-7,DrugCentral,FDA_Approved.csv (current) + structures.smiles.tsv (2021_09_01),2026-07-29
4807,riociguat,COC(=O)N(C)C1=C(N)N=C(N=C1N)C1=NN(CC2=C(F)C=CC=C2)C2=NC=CC=C12,WXXSNCNJFUAIDG-UHFFFAOYSA-N,625115-55-1,DrugCentral,FDA_Approved.csv (current) + structures.smiles.tsv (2021_09_01),2026-07-29
4810,ibrutinib,NC1=C2C(=NC=N1)N(N=C2C1=CC=C(OC2=CC=CC=C2)C=C1)[C@@H]1CCCN(C1)C(=O)C=C,XYFPWWZEPKGCCK-GOSISDBHSA-N,936563-96-1,DrugCentral,FDA_Approved.csv (current) + structures.smiles.tsv (2021_09_01),2026-07-29
4814,olodaterol,COC1=CC=C(CC(C)(C)NC[C@H](O)C2=C3OCC(=O)NC3=CC(O)=C2)C=C1,COUYJEVMBVSIHV-SFHVURJKSA-N,868049-49-4,DrugCentral,FDA_Approved.csv (current) + structures.smiles.tsv (2021_09_01),2026-07-29
4816,umeclidinium,OC(C1=CC=CC=C1)(C1=CC=CC=C1)C12CC[N+](CCOCC3=CC=CC=C3)(CC1)CC2,FVTWTVQXNAJTQP-UHFFFAOYSA-N,869113-09-7,DrugCentral,FDA_Approved.csv (current) + structures.smiles.tsv (2021_09_01),2026-07-29
4820,tasimelteon,CCC(=O)NC[C@@H]1C[C@H]1C1=C2CCOC2=CC=C1,PTOIAAWZLUQTIO-GXFFZTMASA-N,609799-22-6,DrugCentral,FDA_Approved.csv (current) + structures.smiles.tsv (2021_09_01),2026-07-29
4830,empagliflozin,OC[C@H]1O[C@H]([C@H](O)[C@@H](O)[C@@H]1O)C1=CC(CC2=CC=C(O[C@H]3CCOC3)C=C2)=C(Cl)C=C1,OBWASQILIWPZMG-QZMOQZSNSA-N,864070-44-0,DrugCentral,FDA_Approved.csv (current) + structures.smiles.tsv (2021_09_01),2026-07-29
4832,naloxegol,COCCOCCOCCOCCOCCOCCOCCO[C@H]1CC[C@@]2(O)[C@H]3CC4=C5C(O[C@@H]1[C@@]25CCN3CC=C)=C(O)C=C4,XNKCCCKFOQNXKV-ZRSCBOBOSA-N,854601-70-0,DrugCentral,FDA_Approved.csv (current) + structures.smiles.tsv (2021_09_01),2026-07-29
4834,eliglustat,CCCCCCCC(=O)N[C@H](CN1CCCC1)[C@H](O)C1=CC=C2OCCOC2=C1,FJZZPCZKBUKGGU-AUSIDOKSSA-N,491833-29-5,DrugCentral,FDA_Approved.csv (current) + structures.smiles.tsv (2021_09_01),2026-07-29
4881,suvorexant,C[C@@H]1CCN(CCN1C(=O)C1=CC(C)=CC=C1N1N=CC=N1)C1=NC2=C(O1)C=CC(Cl)=C2,JYTNQNCOQXFQPK-MRXNPFEDSA-N,1030377-33-3,DrugCentral,FDA_Approved.csv (current) + structures.smiles.tsv (2021_09_01),2026-07-29
4882,istradefylline,CCN1C2=C(N(C)C(\C=C\C3=CC(OC)=C(OC)C=C3)=N2)C(=O)N(CC)C1=O,IQVRBWUUXZMOPW-PKNBQFBNSA-N,155270-99-8,DrugCentral,FDA_Approved.csv (current) + structures.smiles.tsv (2021_09_01),2026-07-29
5077,selexipag,CC(C)N(CCCCOCC(=O)NS(C)(=O)=O)C1=CN=C(C2=CC=CC=C2)C(=N1)C1=CC=CC=C1,QXWZQTURMXZVHJ-UHFFFAOYSA-N,475086-01-2,DrugCentral,FDA_Approved.csv (current) + structures.smiles.tsv (2021_09_01),2026-07-29
4898,netupitant,CN(C(=O)C(C)(C)C1=CC(=CC(=C1)C(F)(F)F)C(F)(F)F)C1=CN=C(C=C1C1=C(C)C=CC=C1)N1CCN(C)CC1,WAXQNWCZJDTGBU-UHFFFAOYSA-N,290297-26-6,DrugCentral,FDA_Approved.csv (current) + structures.smiles.tsv (2021_09_01),2026-07-29
4899,ledipasvir,COC(=O)N[C@@H](C(C)C)C(=O)N1CC2(CC2)C[C@H]1C1=NC(=CN1)C1=CC=C2C3=CC=C(C=C3C(F)(F)C2=C1)C1=CC2=C(NC(=N2)[C@@H]2[C@H]3CC[C@H](C3)N2C(=O)[C@@H](NC(=O)OC)C(C)C)C=C1,VRTWBAAJJOHBQU-KMWAZVGDSA-N,1256388-51-8,DrugCentral,FDA_Approved.csv (current) + structures.smiles.tsv (2021_09_01),2026-07-29
4903,nintedanib,COC(=O)C1=CC2=C(C=C1)\C(=C(\NC1=CC=C(C=C1)N(C)C(=O)CN1CCN(C)CC1)C1=CC=CC=C1)C(=O)N2,XZXHXSATPCNXJR-ZIADKAODSA-N,656247-17-5,DrugCentral,FDA_Approved.csv (current) + structures.smiles.tsv (2021_09_01),2026-07-29
4907,olaparib,FC1=CC=C(CC2=NNC(=O)C3=CC=CC=C23)C=C1C(=O)N1CCN(CC1)C(=O)C1CC1,FDLYAMZZIXQODN-UHFFFAOYSA-N,763113-22-0,DrugCentral,FDA_Approved.csv (current) + structures.smiles.tsv (2021_09_01),2026-07-29
4912,ombitasvir,COC(=O)N[C@@H](C(C)C)C(=O)N1CCC[C@H]1C(=O)NC1=CC=C(C=C1)[C@@H]1CC[C@H](N1C1=CC=C(C=C1)C(C)(C)C)C1=CC=C(NC(=O)[C@@H]2CCCN2C(=O)[C@@H](NC(=O)OC)C(C)C)C=C1,PIDFDZJZLOTZTM-KHVQSSSXSA-N,1258226-87-7,DrugCentral,FDA_Approved.csv (current) + structures.smiles.tsv (2021_09_01),2026-07-29
4927,albiglutide,CC[C@H](C)[C@H](NC(=O)[C@H](CC1=CC=CC=C1)NC(=O)[C@H](CCC(O)=O)NC(=O)[C@H](CCCCN)NC(=O)[C@H](C)NC(=O)[C@H](C)NC(=O)[C@H](CCC(N)=O)NC(=O)CNC(=O)[C@H](CCC(O)=O)NC(=O)[C@H](CC(C)C)NC(=O)[C@H](CC1=CC=C(O)C=C1)NC(=O)[C@H](CO)NC(=O)[C@H](CO)NC(=O)[C@@H](NC(=O)[C@H](CC(O)=O)NC(=O)[C@H](CO)NC(=O)[C@@H](NC(=O)[C@H](CC1=CC=CC=C1)NC(=O)[C@@H](NC(=O)CNC(=O)[C@H](CCC(O)=O)NC(=O)CNC(=O)[C@@H](N)CC1=CNC=N1)[C@@H](C)O)[C@@H](C)O)C(C)C)C(=O)N[C@@H](C)C(=O)N[C@@H](CC1=CNC2=C1C=CC=C2)C(=O)N[C@@H](CC(C)C)C(=O)N[C@@H](C(C)C)C(=O)N[C@@H](CCCCN)C(=O)NCC(=O)N[C@@H](CCCNC(N)=N)C(O)=O,OGWAVGNOAMXIIM-VTAHJYCESA-N,782500-75-8,DrugCentral,FDA_Approved.csv (current) + structures.smiles.tsv (2021_09_01),2026-07-29
4941,palbociclib,CC(=O)C1=C(C)C2=C(N=C(NC3=NC=C(C=C3)N3CCNCC3)N=C2)N(C2CCCC2)C1=O,AHJRHEGDXFFMBM-UHFFFAOYSA-N,571190-30-2,DrugCentral,FDA_Approved.csv (current) + structures.smiles.tsv (2021_09_01),2026-07-29
4942,lenvatinib,COC1=CC2=C(C=C1C(N)=O)C(OC1=CC=C(NC(=O)NC3CC3)C(Cl)=C1)=CC=N2,WOSKHXYHFSIKNG-UHFFFAOYSA-N,417716-92-8,DrugCentral,FDA_Approved.csv (current) + structures.smiles.tsv (2021_09_01),2026-07-29
4943,arformoterol,COC1=CC=C(C[C@@H](C)NC[C@H](O)C2=CC(NC=O)=C(O)C=C2)C=C1,BPZSYCZIITTYBL-YJYMSZOUSA-N,67346-49-0,DrugCentral,FDA_Approved.csv (current) + structures.smiles.tsv (2021_09_01),2026-07-29
4976,triamcinolone hexacetonide,CC(C)(C)CC(=O)OCC(=O)[C@@]12OC(C)(C)O[C@@H]1C[C@H]1[C@@H]3CCC4=CC(=O)C=C[C@]4(C)[C@@]3(F)[C@@H](O)C[C@]21C,TZIZWYVVGLXXFV-FLRHRWPCSA-N,5611-51-8,DrugCentral,FDA_Approved.csv (current) + structures.smiles.tsv (2021_09_01),2026-07-29
5001,eluxadoline,COC1=CC=C(CN([C@@H](C)C2=NC(=CN2)C2=CC=CC=C2)C(=O)[C@@H](N)CC2=C(C)C=C(C=C2C)C(N)=O)C=C1C(O)=O,QFNHIDANIVGXPE-FNZWTVRRSA-N,864821-90-9,DrugCentral,FDA_Approved.csv (current) + structures.smiles.tsv (2021_09_01),2026-07-29
5006,cangrelor,CSCCNC1=NC(SCCC(F)(F)F)=NC2=C1N=CN2[C@@H]1O[C@H](COP(O)(=O)OP(O)(=O)C(Cl)(Cl)P(O)(O)=O)[C@@H](O)[C@H]1O,PAEBIVWUMLRPSK-IDTAVKCVSA-N,163706-06-7,DrugCentral,FDA_Approved.csv (current) + structures.smiles.tsv (2021_09_01),2026-07-29
5008,sonidegib,C[C@H]1CN(C[C@@H](C)O1)C1=NC=C(NC(=O)C2=CC=CC(=C2C)C2=CC=C(OC(F)(F)F)C=C2)C=C1,VZZJRYRQSPEMTK-CALCHBBNSA-N,956697-53-3,DrugCentral,FDA_Approved.csv (current) + structures.smiles.tsv (2021_09_01),2026-07-29
5014,brexpiprazole,O=C1NC2=C(C=C1)C=CC(OCCCCN1CCN(CC1)C1=C3C=CSC3=CC=C1)=C2,ZKIAIYBUSXZPLP-UHFFFAOYSA-N,913611-97-9,DrugCentral,FDA_Approved.csv (current) + structures.smiles.tsv (2021_09_01),2026-07-29
5022,flibanserin,FC(F)(F)C1=CC=CC(=C1)N1CCN(CCN2C(=O)NC3=CC=CC=C23)CC1,PPRRDFIXUUSXRA-UHFFFAOYSA-N,167933-07-5,DrugCentral,FDA_Approved.csv (current) + structures.smiles.tsv (2021_09_01),2026-07-29
5037,cariprazine,CN(C)C(=O)N[C@H]1CC[C@H](CCN2CCN(CC2)C2=C(Cl)C(Cl)=CC=C2)CC1,KPWSJANDNDDRMB-QAQDUYKDSA-N,839712-12-8,DrugCentral,FDA_Approved.csv (current) + structures.smiles.tsv (2021_09_01),2026-07-29
5052,aripiprazole lauroxil,CCCCCCCCCCCC(=O)OCN1C(=O)CCC2=CC=C(OCCCCN3CCN(CC3)C3=C(Cl)C(Cl)=CC=C3)C=C12,DDINXHAORAAYAD-UHFFFAOYSA-N,1259305-29-7,DrugCentral,FDA_Approved.csv (current) + structures.smiles.tsv (2021_09_01),2026-07-29
5062,osimertinib,COC1=C(NC2=NC=CC(=N2)C2=CN(C)C3=C2C=CC=C3)C=C(NC(=O)C=C)C(=C1)N(C)CCN(C)C,DUYJMQONPNNFPI-UHFFFAOYSA-N,1421373-65-0,DrugCentral,FDA_Approved.csv (current) + structures.smiles.tsv (2021_09_01),2026-07-29
5067,ixazomib,CC(C)C[C@H](NC(=O)CNC(=O)C1=C(Cl)C=CC(Cl)=C1)B(O)O,MXAYKZJJDUDWDS-LBPRGKRZSA-N,1072833-77-2,DrugCentral,FDA_Approved.csv (current) + structures.smiles.tsv (2021_09_01),2026-07-29
5068,brivaracetam,CCC[C@H]1CN([C@@H](CC)C(N)=O)C(=O)C1,MSYKRHVOOPPJKU-BDAKNGLRSA-N,357336-20-0,DrugCentral,FDA_Approved.csv (current) + structures.smiles.tsv (2021_09_01),2026-07-29
5080,elbasvir,COC(=O)N[C@@H](C(C)C)C(=O)N1CCC[C@H]1C1=NC(=CN1)C1=CC2=C(C=C1)N1[C@@H](OC3=CC(=CC=C3C1=C2)C1=CNC(=N1)[C@@H]1CCCN1C(=O)[C@@H](NC(=O)OC)C(C)C)C1=CC=CC=C1,BVAZQCUMNICBAQ-PZHYSIFUSA-N,1370468-36-2,DrugCentral,FDA_Approved.csv (current) + structures.smiles.tsv (2021_09_01),2026-07-29
5081,grazoprevir,COC1=CC2=C(C=C1)N=C1CCCCC[C@@H]3C[C@H]3OC(=O)N[C@H](C(=O)N3C[C@@H](C[C@H]3C(=O)N[C@@]3(C[C@H]3C=C)C(=O)NS(=O)(=O)C3CC3)OC1=N2)C(C)(C)C,OBMNJSNZOWALQB-NCQNOWPTSA-N,1350514-68-9,DrugCentral,FDA_Approved.csv (current) + structures.smiles.tsv (2021_09_01),2026-07-29
5133,venetoclax,CC1(C)CCC(CN2CCN(CC2)C2=CC(OC3=CC4=C(NC=C4)N=C3)=C(C=C2)C(=O)NS(=O)(=O)C2=CC(=C(NCC3CCOCC3)C=C2)[N+]([O-])=O)=C(C1)C1=CC=C(Cl)C=C1,LQBVNQSMGBZMKD-UHFFFAOYSA-N,1257044-40-8,DrugCentral,FDA_Approved.csv (current) + structures.smiles.tsv (2021_09_01),2026-07-29
5142,pimavanserin,CC(C)COC1=CC=C(CNC(=O)N(CC2=CC=C(F)C=C2)C2CCN(C)CC2)C=C1,RKEWSXXUOLRFBX-UHFFFAOYSA-N,706779-91-1,DrugCentral,FDA_Approved.csv (current) + structures.smiles.tsv (2021_09_01),2026-07-29
5143,opicapone,CC1=C(C2=NOC(=N2)C2=CC(O)=C(O)C(=C2)[N+]([O-])=O)C(Cl)=[N+]([O-])C(C)=C1Cl,ASOADIZOVZTJSR-UHFFFAOYSA-N,923287-50-7,DrugCentral,FDA_Approved.csv (current) + structures.smiles.tsv (2021_09_01),2026-07-29
5154,velpatasvir,COC[C@H]1C[C@H](N(C1)C(=O)[C@H](NC(=O)OC)C1=CC=CC=C1)C1=NC(=CN1)C1=CC2=C(C=C1)C1=C(OC2)C=C2C3=C(C=CC2=C1)N=C(N3)[C@@H]1CC[C@H](C)N1C(=O)[C@@H](NC(=O)OC)C(C)C,FHCUMDQMBHQXKK-CDIODLITSA-N,1377049-84-7,DrugCentral,FDA_Approved.csv (current) + structures.smiles.tsv (2021_09_01),2026-07-29
5174,lifitegrast,CS(=O)(=O)C1=CC=CC(C[C@H](NC(=O)C2=C(Cl)C=C3CN(CCC3=C2Cl)C(=O)C2=CC=C3C=COC3=C2)C(O)=O)=C1,JFOZKMSJYSPYLN-QHCPKHFHSA-N,1025967-78-5,DrugCentral,FDA_Approved.csv (current) + structures.smiles.tsv (2021_09_01),2026-07-29
5259,abemaciclib,CCN1CCN(CC2=CC=C(NC3=NC=C(F)C(=N3)C3=CC(F)=C4N=C(C)N(C(C)C)C4=C3)N=C2)CC1,UZWDCWONPYILKI-UHFFFAOYSA-N,1231929-97-7,DrugCentral,FDA_Approved.csv (current) + structures.smiles.tsv (2021_09_01),2026-07-29
5181,etelcalcetide,C[C@@H](NC(=O)[C@@H](CCCNC(N)=N)NC(=O)[C@@H](CCCNC(N)=N)NC(=O)[C@@H](CCCNC(N)=N)NC(=O)[C@@H](C)NC(=O)[C@@H](CSSC[C@H](N)C(O)=O)NC(C)=O)C(=O)N[C@H](CCCNC(N)=N)C(N)=O,ANIAZGVDEUQPRI-ZJQCGQFWSA-N,1262780-97-1,DrugCentral,FDA_Approved.csv (current) + structures.smiles.tsv (2021_09_01),2026-07-29
5202,baricitinib,CCS(=O)(=O)N1CC(CC#N)(C1)N1C=C(C=N1)C1=NC=NC2=C1C=CN2,XUZMWHLSFXCVMG-UHFFFAOYSA-N,1187594-09-7,DrugCentral,FDA_Approved.csv (current) + structures.smiles.tsv (2021_09_01),2026-07-29
5208,plecanatide,CC(C)C[C@H](NC(=O)[C@@H]1CSSC[C@@H]2NC(=O)[C@H](CC(C)C)NC(=O)[C@H](CCC(O)=O)NC(=O)[C@H](CSSC[C@H](NC(=O)[C@H](C)NC(=O)[C@@H](NC(=O)[C@H](CC(N)=O)NC(=O)[C@@H](NC2=O)C(C)C)C(C)C)C(=O)N[C@@H]([C@@H](C)O)C(=O)NCC(=O)N1)NC(=O)[C@H](CCC(O)=O)NC(=O)[C@H](CC(O)=O)NC(=O)[C@@H](N)CC(N)=O)C(O)=O,NSPHQWLKCGGCQR-DLJDZFDSSA-N,467426-54-6,DrugCentral,FDA_Approved.csv (current) + structures.smiles.tsv (2021_09_01),2026-07-29
5218,ribociclib,CN(C)C(=O)C1=CC2=C(N=C(NC3=NC=C(C=C3)N3CCNCC3)N=C2)N1C1CCCC1,RHXHGRAEPCAFML-UHFFFAOYSA-N,1211441-98-3,DrugCentral,FDA_Approved.csv (current) + structures.smiles.tsv (2021_09_01),2026-07-29
5327,erdafitinib,COC1=CC(=CC(OC)=C1)N(CCNC(C)C)C1=CC2=NC(=CN=C2C=C1)C1=CN(C)N=C1,OLAHOMJCDNXHFI-UHFFFAOYSA-N,1346242-81-6,DrugCentral,FDA_Approved.csv (current) + structures.smiles.tsv (2021_09_01),2026-07-29
5289,encorafenib,COC(=O)N[C@@H](C)CNC1=NC(=CC=N1)C1=CN(N=C1C1=C(F)C(NS(C)(=O)=O)=CC(Cl)=C1)C(C)C,CMJCXYNUCSMDBY-ZDUSSCGKSA-N,1269440-17-6,DrugCentral,FDA_Approved.csv (current) + structures.smiles.tsv (2021_09_01),2026-07-29
5220,naldemedine,CC(C)(NC(=O)C1=C(O)[C@@H]2OC3=C(O)C=CC4=C3[C@@]22CCN(CC3CC3)[C@H](C4)[C@]2(O)C1)C1=NC(=NO1)C1=CC=CC=C1,AXQACEQYCPKDMV-RZAWKFBISA-N,916072-89-4,DrugCentral,FDA_Approved.csv (current) + structures.smiles.tsv (2021_09_01),2026-07-29
5227,valbenazine,COC1=CC2=C(C=C1OC)[C@H]1C[C@@H](OC(=O)[C@@H](N)C(C)C)[C@H](CC(C)C)CN1CC2,GEJDGVNQKABXKG-CFKGEZKQSA-N,1025504-45-3,DrugCentral,FDA_Approved.csv (current) + structures.smiles.tsv (2021_09_01),2026-07-29
5233,brigatinib,COC1=C(NC2=NC=C(Cl)C(NC3=CC=CC=C3P(C)(C)=O)=N2)C=CC(=C1)N1CCC(CC1)N1CCN(C)CC1,AILRADAXUVEEIR-UHFFFAOYSA-N,1197953-54-0,DrugCentral,FDA_Approved.csv (current) + structures.smiles.tsv (2021_09_01),2026-07-29
5238,delafloxacin,NC1=C(F)C=C(F)C(=N1)N1C=C(C(O)=O)C(=O)C2=C1C(Cl)=C(N1CC(O)C1)C(F)=C2,DYDCPNMLZGFQTM-UHFFFAOYSA-N,189279-58-1,DrugCentral,FDA_Approved.csv (current) + structures.smiles.tsv (2021_09_01),2026-07-29
5244,pibrentasvir,CO[C@H](C)[C@H](NC(=O)OC)C(=O)N1CCC[C@H]1C1=NC2=CC([C@H]3CC[C@@H](N3C3=CC(F)=C(N4CCC(CC4)C4=CC=C(F)C=C4)C(F)=C3)C3=C(F)C=C4NC(=NC4=C3)[C@@H]3CCCN3C(=O)[C@@H](NC(=O)OC)[C@@H](C)OC)=C(F)C=C2N1,VJYSBPDEJWLKKJ-NLIMODCCSA-N,1353900-92-1,DrugCentral,FDA_Approved.csv (current) + structures.smiles.tsv (2021_09_01),2026-07-29
5251,enasidenib,CC(C)(O)CNC1=NC(=NC(NC2=CC(=NC=C2)C(F)(F)F)=N1)C1=CC=CC(=N1)C(F)(F)F,DYLUUSLLRIQKOE-UHFFFAOYSA-N,1446502-11-9,DrugCentral,FDA_Approved.csv (current) + structures.smiles.tsv (2021_09_01),2026-07-29
5256,copanlisib,COC1=C(OCCCN2CCOCC2)C=CC2=C1N=C(NC(=O)C1=CN=C(N)N=C1)N1CCN=C21,PZBCKZWLPGJMAO-UHFFFAOYSA-N,1032568-63-0,DrugCentral,FDA_Approved.csv (current) + structures.smiles.tsv (2021_09_01),2026-07-29
5258,tivozanib,COC1=C(OC)C=C2C(OC3=CC=C(NC(=O)NC4=NOC(C)=C4)C(Cl)=C3)=CC=NC2=C1,SPMVMDHWKHCIDT-UHFFFAOYSA-N,475108-18-0,DrugCentral,FDA_Approved.csv (current) + structures.smiles.tsv (2021_09_01),2026-07-29
5290,binimetinib,CN1C=NC2=C(F)C(NC3=CC=C(Br)C=C3F)=C(C=C12)C(=O)NOCCO,ACWZRVQXLIRSDF-UHFFFAOYSA-N,606143-89-9,DrugCentral,FDA_Approved.csv (current) + structures.smiles.tsv (2021_09_01),2026-07-29
5260,acalabrutinib,CC#CC(=O)N1CCC[C@H]1C1=NC(=C2N1C=CN=C2N)C1=CC=C(C=C1)C(=O)NC1=CC=CC=N1,WDENQIQQYWYTPO-IBGZPJMESA-N,1420477-60-6,DrugCentral,FDA_Approved.csv (current) + structures.smiles.tsv (2021_09_01),2026-07-29
5261,latanoprostene bunod,O[C@H](CC[C@H]1[C@H](O)C[C@H](O)[C@@H]1C\C=C/CCCC(=O)OCCCCO[N+]([O-])=O)CCC1=CC=CC=C1,LOVMMUBRQUFEAH-UIEAZXIASA-N,860005-21-6,DrugCentral,FDA_Approved.csv (current) + structures.smiles.tsv (2021_09_01),2026-07-29
5262,letermovir,COC1=CC=CC(=C1)N1CCN(CC1)C1=NC2=C(C=CC=C2F)[C@H](CC(O)=O)N1C1=C(OC)C=CC(=C1)C(F)(F)F,FWYSMLBETOMXAG-QHCPKHFHSA-N,917389-32-3,DrugCentral,FDA_Approved.csv (current) + structures.smiles.tsv (2021_09_01),2026-07-29
5269,netarsudil,CC1=CC=C(C(=O)OCC2=CC=C(C=C2)[C@@H](CN)C(=O)NC2=CC3=C(C=C2)C=NC=C3)C(C)=C1,OURRXQUGYQRVML-AREMUKBSSA-N,1254032-66-0,DrugCentral,FDA_Approved.csv (current) + structures.smiles.tsv (2021_09_01),2026-07-29
5270,ertugliflozin,CCOC1=CC=C(CC2=CC(=CC=C2Cl)[C@]23OC[C@](CO)(O2)[C@@H](O)[C@H](O)[C@H]3O)C=C1,MCIACXAZCBVDEE-CUUWFGFTSA-N,1210344-57-2,DrugCentral,FDA_Approved.csv (current) + structures.smiles.tsv (2021_09_01),2026-07-29
5278,apalutamide,CNC(=O)C1=CC=C(C=C1F)N1C(=S)N(C(=O)C11CCC1)C1=CC(=C(N=C1)C#N)C(F)(F)F,HJBWBFZLDZWPHF-UHFFFAOYSA-N,956104-40-8,DrugCentral,FDA_Approved.csv (current) + structures.smiles.tsv (2021_09_01),2026-07-29
5285,avatrombopag,OC(=O)C1CCN(CC1)C1=NC=C(C=C1Cl)C(=O)NC1=NC(C2=CC(Cl)=CS2)=C(S1)N1CCN(CC1)C1CCCCC1,OFZJKCQENFPZBH-UHFFFAOYSA-N,570406-98-3,DrugCentral,FDA_Approved.csv (current) + structures.smiles.tsv (2021_09_01),2026-07-29
5288,cannabidiol,CCCCCC1=CC(O)=C([C@@H]2C=C(C)CC[C@H]2C(C)=C)C(O)=C1,QHMBSVQNZZTUGM-ZWKOTPCHSA-N,13956-29-1,DrugCentral,FDA_Approved.csv (current) + structures.smiles.tsv (2021_09_01),2026-07-29
5345,entrectinib,CN1CCN(CC1)C1=CC(NC2CCOCC2)=C(C=C1)C(=O)NC1=NNC2=CC=C(CC3=CC(F)=CC(F)=C3)C=C12,HAYYBYPASCDWEQ-UHFFFAOYSA-N,1108743-60-7,DrugCentral,FDA_Approved.csv (current) + structures.smiles.tsv (2021_09_01),2026-07-29
5326,siponimod,CCC1=CC(=CC=C1CN1CC(C1)C(O)=O)C(\C)=N\OCC1=CC=C(C2CCCCC2)C(=C1)C(F)(F)F,KIHYPELVXPAIDH-HNSNBQBZSA-N,1230487-009,DrugCentral,FDA_Approved.csv (current) + structures.smiles.tsv (2021_09_01),2026-07-29
5292,ivosidenib,FC1=CN=CC(=C1)N([C@H](C(=O)NC1CC(F)(F)C1)C1=CC=CC=C1Cl)C(=O)[C@@H]1CCC(=O)N1C1=NC=CC(=C1)C#N,WIJZXSAJMHAVGX-DHLKQENFSA-N,1448347-49-6,DrugCentral,FDA_Approved.csv (current) + structures.smiles.tsv (2021_09_01),2026-07-29
5293,elagolix,COC1=CC=CC(=C1F)C1=C(C)N(CC2=C(F)C=CC=C2C(F)(F)F)C(=O)N(C[C@H](NCCCC(O)=O)C2=CC=CC=C2)C1=O,HEAUOKZIVMZVQL-VWLOTQADSA-N,834153-87-6,DrugCentral,FDA_Approved.csv (current) + structures.smiles.tsv (2021_09_01),2026-07-29
5304,glasdegib,CN1CC[C@H](C[C@@H]1C1=NC2=C(N1)C=CC=C2)NC(=O)NC1=CC=C(C=C1)C#N,SFNSLLSYNZWZQG-VQIMIIECSA-N,1095173-27-5,DrugCentral,FDA_Approved.csv (current) + structures.smiles.tsv (2021_09_01),2026-07-29
5306,gilteritinib,CCC1=NC(C(N)=O)=C(NC2=CC=C(N3CCC(CC3)N3CCN(C)CC3)C(OC)=C2)N=C1NC1CCOCC1,GYQYAJJFPNQOOW-UHFFFAOYSA-N,1254053-43-4,DrugCentral,FDA_Approved.csv (current) + structures.smiles.tsv (2021_09_01),2026-07-29
5325,solriamfetol,N[C@@H](COC(N)=O)CC1=CC=CC=C1,UCTRAOBQFUDCSR-SECBINFHSA-N,178429-62-4,DrugCentral,FDA_Approved.csv (current) + structures.smiles.tsv (2021_09_01),2026-07-29
5328,alpelisib,CC1=C(SC(NC(=O)N2CCC[C@H]2C(N)=O)=N1)C1=CC(=NC=C1)C(C)(C)C(F)(F)F,STUWGJZDJHPWGZ-LBPRGKRZSA-N,1217486-61-7,DrugCentral,FDA_Approved.csv (current) + structures.smiles.tsv (2021_09_01),2026-07-29
5334,darolutamide,C[C@@H](CN1C=CC(=N1)C1=CC=C(C#N)C(Cl)=C1)NC(=O)C1=NNC(=C1)[C@@H](C)O,BLIJXOOIHRSQRB-NWDGAFQWSA-N,1297538-32-9,DrugCentral,FDA_Approved.csv (current) + structures.smiles.tsv (2021_09_01),2026-07-29
5346,upadacitinib,CC[C@@H]1CN(C[C@@H]1C1=CN=C2C=NC3=C(C=CN3)N12)C(=O)NCC(F)(F)F,WYQFJHHDOKWSHR-MNOVXSKESA-N,1310726-60-3,DrugCentral,FDA_Approved.csv (current) + structures.smiles.tsv (2021_09_01),2026-07-29
5347,fedratinib,CC1=CN=C(NC2=CC=C(OCCN3CCCC3)C=C2)N=C1NC1=CC=CC(=C1)S(=O)(=O)NC(C)(C)C,JOOXLOJCABQBSG-UHFFFAOYSA-N,936091-26-8,DrugCentral,FDA_Approved.csv (current) + structures.smiles.tsv (2021_09_01),2026-07-29
5351,lasmiditan,CN1CCC(CC1)C(=O)C1=NC(NC(=O)C2=C(F)C=C(F)C=C2F)=CC=C1,XEDHVZKDSYZQBF-UHFFFAOYSA-N,439239-90-4,DrugCentral,FDA_Approved.csv (current) + structures.smiles.tsv (2021_09_01),2026-07-29
5356,voxelotor,CC(C)N1N=CC=C1C1=C(COC2=C(C=O)C(O)=CC=C2)C=CC=N1,FWCVZAQENIZVMY-UHFFFAOYSA-N,1446321-46-5,DrugCentral,FDA_Approved.csv (current) + structures.smiles.tsv (2021_09_01),2026-07-29
5360,lemborexant,CC1=NC=C(OC[C@]2(C[C@H]2C(=O)NC2=CC=C(F)C=N2)C2=CC=CC(F)=C2)C(C)=N1,MUGXRYIUWFITCP-PGRDOPGGSA-N,1369764-02-2,DrugCentral,FDA_Approved.csv (current) + structures.smiles.tsv (2021_09_01),2026-07-29
5389,tucatinib,CC1=CC(NC2=NC=NC3=C2C=C(NC2=NC(C)(C)CO2)C=C3)=CC=C1OC1=CC2=NC=NN2C=C1,SDEAXTCZPQIFQM-UHFFFAOYSA-N,937263-43-9,DrugCentral,FDA_Approved.csv (current) + structures.smiles.tsv (2021_09_01),2026-07-29
5380,tazemetostat,CCN(C1CCOCC1)C1=CC(=CC(C(=O)NCC2=C(C)C=C(C)NC2=O)=C1C)C1=CC=C(CN2CCOCC2)C=C1,NSQSAUGJQHDYNO-UHFFFAOYSA-N,1403254-99-8,DrugCentral,FDA_Approved.csv (current) + structures.smiles.tsv (2021_09_01),2026-07-29
5382,bempedoic acid,CC(C)(CCCCCC(O)CCCCCC(C)(C)C(O)=O)C(O)=O,HYHMLYSLQUKXKP-UHFFFAOYSA-N,738606-46-7,DrugCentral,FDA_Approved.csv (current) + structures.smiles.tsv (2021_09_01),2026-07-29
5383,ozanimod,CC(C)OC1=CC=C(C=C1C#N)C1=NC(=NO1)C1=C2CC[C@H](NCCO)C2=CC=C1,XRVDGNKRPOAQTN-FQEVSTJZSA-N,1306760-87-1,DrugCentral,FDA_Approved.csv (current) + structures.smiles.tsv (2021_09_01),2026-07-29
5388,selumetinib,CN1C=NC2=C(F)C(NC3=CC=C(Br)C=C3Cl)=C(C=C12)C(=O)NOCCO,CYOHGALHFOKKQC-UHFFFAOYSA-N,606143-52-6,DrugCentral,FDA_Approved.csv (current) + structures.smiles.tsv (2021_09_01),2026-07-29
5394,ripretinib,CCN1C2=CC(=NC=C2C=C(C1=O)C3=CC(=C(C=C3Br)F)NC(=O)NC4=CC=CC=C4)NC,CEFJVGZHQAGLHS-UHFFFAOYSA-N,1442472-39-0,DrugCentral,FDA_Approved.csv (current) + structures.smiles.tsv (2021_09_01),2026-07-29
5398,lurbinectedin,CC1=CC2=C([C@@H]3[C@@H]4[C@H]5C6=C(C(=C7C(=C6[C@@H](N4[C@H]([C@H](C2)N3C)O)COC(=O)[C@@]8(CS5)C9=C(CCN8)C2=C(N9)C=CC(=C2)OC)OCO7)C)OC(=O)C)C(=C1OC)O,YDDMIZRDDREKEP-HWTBNCOESA-N,497871-47-3,DrugCentral,FDA_Approved.csv (current) + structures.smiles.tsv (2021_09_01),2026-07-29
5432,relugolix,CN(C)CC1=C(SC2=C1C(=O)N(C(=O)N2CC3=C(C=CC=C3F)F)C4=NN=C(C=C4)OC)C5=CC=C(C=C5)NC(=O)NOC,AOMXMOCNKJTRQP-UHFFFAOYSA-N,737789-87-6,DrugCentral,FDA_Approved.csv (current) + structures.smiles.tsv (2021_09_01),2026-07-29
5458,piflufolastat F-18,OC(=O)CC[C@H](NC(=O)N[C@@H](CCCCNC(=O)C1=CC=C([18F])N=C1)C(O)=O)C(O)=O,,1207181-29-0,DrugCentral,FDA_Approved.csv (current) + structures.smiles.tsv (2021_09_01),2026-07-29
906,dimethyl sulfoxide,CS(C)=O,IAZDPXIOMUYVGZ-UHFFFAOYSA-N,67-68-5,DrugCentral,FDA_Approved.csv (current) + structures.smiles.tsv (2021_09_01),2026-07-29
1523,ketamine,CNC1(CCCCC1=O)C1=C(Cl)C=CC=C1,YQEZLKZALYSWHR-UHFFFAOYSA-N,6740-88-1,DrugCentral,FDA_Approved.csv (current) + structures.smiles.tsv (2021_09_01),2026-07-29
1768,methylprednisolone,C[C@H]1C[C@H]2[C@@H]3CC[C@](O)(C(=O)CO)[C@@]3(C)C[C@H](O)[C@@H]2[C@@]2(C)C=CC(=O)C=C12,VHRSUDSXCMQTMA-PJHHCJLFSA-N,83-43-2,DrugCentral,FDA_Approved.csv (current) + structures.smiles.tsv (2021_09_01),2026-07-29
1990,omeprazole,COC1=CC2=C(C=C1)N=C(N2)S(=O)CC1=NC=C(C)C(OC)=C1C,SUBDBMMJDZJVOS-UHFFFAOYSA-N,73590-58-6,DrugCentral,FDA_Approved.csv (current) + structures.smiles.tsv (2021_09_01),2026-07-29
2041,oxytetracycline,CN(C)[C@H]1[C@@H]2[C@@H](O)[C@H]3C(=C(O)[C@]2(O)C(=O)C(C(N)=O)=C1O)C(=O)C1=C(O)C=CC=C1[C@@]3(C)O,IWVCMVBTMGNXQD-PXOLEDIWSA-N,79-57-2,DrugCentral,FDA_Approved.csv (current) + structures.smiles.tsv (2021_09_01),2026-07-29
2042,oxytocin,CC[C@H](C)[C@@H]1NC(=O)[C@H](CC2=CC=C(O)C=C2)NC(=O)[C@@H](N)CSSC[C@H](NC(=O)[C@H](CC(N)=O)NC(=O)[C@H](CCC(N)=O)NC1=O)C(=O)N1CCC[C@H]1C(=O)N[C@@H](CC(C)C)C(=O)NCC(N)=O,XNOPRXBHLZRZKH-DSZYJQQASA-N,50-56-6,DrugCentral,FDA_Approved.csv (current) + structures.smiles.tsv (2021_09_01),2026-07-29
2082,benzylpenicillin,CC1(C)S[C@@H]2[C@H](NC(=O)CC3=CC=CC=C3)C(=O)N2[C@H]1C(O)=O,JGSARLDLIJGVTE-MBNYWOFBSA-N,61-33-6,DrugCentral,FDA_Approved.csv (current) + structures.smiles.tsv (2021_09_01),2026-07-29
2083,phenoxymethylpenicillin,CC1(C)S[C@@H]2[C@H](NC(=O)COC3=CC=CC=C3)C(=O)N2[C@H]1C(O)=O,BPLBGHOLXOTWMN-MBNYWOFBSA-N,87-08-1,DrugCentral,FDA_Approved.csv (current) + structures.smiles.tsv (2021_09_01),2026-07-29
2095,pentobarbital,CCCC(C)C1(CC)C(=O)NC(=O)NC1=O,WEXRUCMBJFQVBZ-UHFFFAOYSA-N,76-74-4,DrugCentral,FDA_Approved.csv (current) + structures.smiles.tsv (2021_09_01),2026-07-29
2105,pergolide,CCCN1C[C@H](CSC)C[C@H]2[C@H]1CC1=CNC3=C1C2=CC=C3,YEHCICAEULNIGD-MZMPZRCHSA-N,66104-22-1,DrugCentral,FDA_Approved.csv (current) + structures.smiles.tsv (2021_09_01),2026-07-29
2145,phenylbutazone,CCCCC1C(=O)N(N(C1=O)C1=CC=CC=C1)C1=CC=CC=C1,VYMDGNCVAMGZFE-UHFFFAOYSA-N,50-33-9,DrugCentral,FDA_Approved.csv (current) + structures.smiles.tsv (2021_09_01),2026-07-29
2149,phenylpropanolamine,CC(N)C(O)C1=CC=CC=C1,DLNKOYKMWOXYQA-UHFFFAOYSA-N,14838-15-4,DrugCentral,FDA_Approved.csv (current) + structures.smiles.tsv (2021_09_01),2026-07-29
2152,phenytoin,O=C1NC(=O)C(N1)(C1=CC=CC=C1)C1=CC=CC=C1,CXOFVDLJLONNDW-UHFFFAOYSA-N,57-41-0,DrugCentral,FDA_Approved.csv (current) + structures.smiles.tsv (2021_09_01),2026-07-29
2245,prednisolone,C[C@]12C[C@H](O)[C@H]3[C@@H](CCC4=CC(=O)C=C[C@]34C)[C@@H]1CC[C@]2(O)C(=O)CO,OIGNJSKKLXVSLS-VWUMJDOOSA-N,50-24-8,DrugCentral,FDA_Approved.csv (current) + structures.smiles.tsv (2021_09_01),2026-07-29
2247,prednisolone acetate,CC(=O)OCC(=O)[C@@]1(O)CC[C@H]2[C@@H]3CCC4=CC(=O)C=C[C@]4(C)[C@H]3[C@@H](O)C[C@]12C,LRJOMUJRLNCICJ-JZYPGELDSA-N,52-21-1,DrugCentral,FDA_Approved.csv (current) + structures.smiles.tsv (2021_09_01),2026-07-29
2251,prednisolone tebutate,CC(C)(C)CC(=O)OCC(=O)[C@@]1(O)CC[C@H]2[C@@H]3CCC4=CC(=O)C=C[C@]4(C)[C@H]3[C@@H](O)C[C@]12C,HUMXXHTVHHLNRO-KAJVQRHHSA-N,7681-14-3,DrugCentral,FDA_Approved.csv (current) + structures.smiles.tsv (2021_09_01),2026-07-29
2253,prednisone,C[C@]12CC(=O)[C@H]3[C@@H](CCC4=CC(=O)C=C[C@]34C)[C@@H]1CC[C@]2(O)C(=O)CO,XOFYZVNMUHMLCC-ZPOLXVRWSA-N,53-03-2,DrugCentral,FDA_Approved.csv (current) + structures.smiles.tsv (2021_09_01),2026-07-29
2267,primidone,CCC1(C(=O)NCNC1=O)C1=CC=CC=C1,DQMZLTXERSFNPB-UHFFFAOYSA-N,125-33-7,DrugCentral,FDA_Approved.csv (current) + structures.smiles.tsv (2021_09_01),2026-07-29
2274,prochlorperazine,CN1CCN(CCCN2C3=CC=CC=C3SC3=C2C=C(Cl)C=C3)CC1,WIKYUJGCLQQFNW-UHFFFAOYSA-N,58-38-8,DrugCentral,FDA_Approved.csv (current) + structures.smiles.tsv (2021_09_01),2026-07-29
2279,progesterone,CC(=O)[C@H]1CC[C@H]2[C@@H]3CCC4=CC(=O)CC[C@]4(C)[C@H]3CC[C@]12C,RJKFOVLPORLFTN-LEKSSAKUSA-N,57-83-0,DrugCentral,FDA_Approved.csv (current) + structures.smiles.tsv (2021_09_01),2026-07-29
2294,proparacaine,CCCOC1=C(N)C=C(C=C1)C(=O)OCCN(CC)CC,KCLANYCVBBTKTO-UHFFFAOYSA-N,499-67-2,DrugCentral,FDA_Approved.csv (current) + structures.smiles.tsv (2021_09_01),2026-07-29
2302,propofol,CC(C)C1=CC=CC(C(C)C)=C1O,OLBCVFGFOZPWHH-UHFFFAOYSA-N,2078-54-8,DrugCentral,FDA_Approved.csv (current) + structures.smiles.tsv (2021_09_01),2026-07-29
2429,selegiline,C[C@H](CC1=CC=CC=C1)N(C)CC#C,MEZLKOACVSPNER-GFCCVEGCSA-N,14611-51-9,DrugCentral,FDA_Approved.csv (current) + structures.smiles.tsv (2021_09_01),2026-07-29
2468,spectinomycin,CN[C@@H]1[C@H](O)[C@H](NC)[C@H]2O[C@]3(O)[C@@H](O[C@H](C)CC3=O)O[C@@H]2[C@H]1O,UNFWWIHTNXNPBV-WXKVUWSESA-N,1695-77-8,DrugCentral,FDA_Approved.csv (current) + structures.smiles.tsv (2021_09_01),2026-07-29
2477,stanozolol,C[C@]1(O)CC[C@H]2[C@@H]3CC[C@H]4CC5=C(C[C@]4(C)[C@H]3CC[C@]12C)C=NN5,LKAJKIOFIWVMDJ-IYRCEVNGSA-N,10418-03-8,DrugCentral,FDA_Approved.csv (current) + structures.smiles.tsv (2021_09_01),2026-07-29
2500,sulfadiazine,NC1=CC=C(C=C1)S(=O)(=O)NC1=NC=CC=N1,SEEPANYCNGTZFQ-UHFFFAOYSA-N,68-35-9,DrugCentral,FDA_Approved.csv (current) + structures.smiles.tsv (2021_09_01),2026-07-29
2502,sulfadimidine,CC1=CC(C)=NC(NS(=O)(=O)C2=CC=C(N)C=C2)=N1,ASWVTGNCAZCNNR-UHFFFAOYSA-N,57-68-1,DrugCentral,FDA_Approved.csv (current) + structures.smiles.tsv (2021_09_01),2026-07-29
2512,sulfamethizole,CC1=NN=C(NS(=O)(=O)C2=CC=C(N)C=C2)S1,VACCAVUAMIDAGB-UHFFFAOYSA-N,144-82-1,DrugCentral,FDA_Approved.csv (current) + structures.smiles.tsv (2021_09_01),2026-07-29
2583,telmisartan,CCCC1=NC2=C(C=C(C=C2C)C2=NC3=C(C=CC=C3)N2C)N1CC1=CC=C(C=C1)C1=C(C=CC=C1)C(O)=O,RMMXLENWKUUMAY-UHFFFAOYSA-N,144701-48-4,DrugCentral,FDA_Approved.csv (current) + structures.smiles.tsv (2021_09_01),2026-07-29
2597,terbinafine,CN(C\C=C\C#CC(C)(C)C)CC1=C2C=CC=CC2=CC=C1,DOMXUEMWDBAQBQ-WEVVVXLNSA-N,91161-71-6,DrugCentral,FDA_Approved.csv (current) + structures.smiles.tsv (2021_09_01),2026-07-29
2607,testosterone,C[C@]12CC[C@H]3[C@@H](CCC4=CC(=O)CC[C@]34C)[C@@H]1CC[C@@H]2O,MUMGGOZAMZWBJJ-DYKIIFRCSA-N,58-22-0,DrugCentral,FDA_Approved.csv (current) + structures.smiles.tsv (2021_09_01),2026-07-29
2610,tetracaine,CCCCNC1=CC=C(C=C1)C(=O)OCCN(C)C,GKCBAIGFKIBETG-UHFFFAOYSA-N,94-24-6,DrugCentral,FDA_Approved.csv (current) + structures.smiles.tsv (2021_09_01),2026-07-29
2626,thiamylal,CCCC(C)C1(CC=C)C(=O)NC(=S)NC1=O,XLOMZPUITCYLMJ-UHFFFAOYSA-N,77-27-0,DrugCentral,FDA_Approved.csv (current) + structures.smiles.tsv (2021_09_01),2026-07-29
2633,thiopental,CCCC(C)C1(CC)C(=O)NC(=S)NC1=O,IUJDSEJGGMCXSG-UHFFFAOYSA-N,76-75-5,DrugCentral,FDA_Approved.csv (current) + structures.smiles.tsv (2021_09_01),2026-07-29
2656,ticarcillin,CC1(C)S[C@@H]2[C@H](NC(=O)[C@H](C(O)=O)C3=CSC=C3)C(=O)N2[C@H]1C(O)=O,OHKOGUYZJXTSFX-KZFFXBSXSA-N,34787-01-4,DrugCentral,FDA_Approved.csv (current) + structures.smiles.tsv (2021_09_01),2026-07-29
2726,triamcinolone acetonide,CC1(C)O[C@@H]2C[C@H]3[C@@H]4CCC5=CC(=O)C=C[C@]5(C)[C@@]4(F)[C@@H](O)C[C@]3(C)[C@@]2(O1)C(=O)CO,YNDXUCZADRHECN-JNQJZLCISA-N,76-25-5,DrugCentral,FDA_Approved.csv (current) + structures.smiles.tsv (2021_09_01),2026-07-29
2742,triflupromazine,CN(C)CCCN1C2=CC=CC=C2SC2=C1C=C(C=C2)C(F)(F)F,XSCGXQMFQXDFCW-UHFFFAOYSA-N,146-54-3,DrugCentral,FDA_Approved.csv (current) + structures.smiles.tsv (2021_09_01),2026-07-29
2646,levothyroxine,N[C@@H](CC1=CC(I)=C(OC2=CC(I)=C(O)C(I)=C2)C(I)=C1)C(O)=O,XUIIKFGFIJCVMT-LBPRGKRZSA-N,51-48-9,DrugCentral,FDA_Approved.csv (current) + structures.smiles.tsv (2021_09_01),2026-07-29
2746,trilostane,C[C@]12CC[C@H]3[C@@H](CC[C@@]45O[C@@H]4C(O)=C(C[C@]35C)C#N)[C@@H]1CC[C@@H]2O,KVJXBPDAXMEYOA-CXANFOAXSA-N,13647-35-3,DrugCentral,FDA_Approved.csv (current) + structures.smiles.tsv (2021_09_01),2026-07-29
2749,alimemazine,CC(CN(C)C)CN1C2=CC=CC=C2SC2=C1C=CC=C2,ZZHLYYDVIOPZBE-UHFFFAOYSA-N,84-96-8,DrugCentral,FDA_Approved.csv (current) + structures.smiles.tsv (2021_09_01),2026-07-29
2755,trimethoprim,COC1=CC(CC2=CN=C(N)N=C2N)=CC(OC)=C1OC,IEDVJHCEMCRBQM-UHFFFAOYSA-N,738-70-5,DrugCentral,FDA_Approved.csv (current) + structures.smiles.tsv (2021_09_01),2026-07-29
2968,triptorelin,CC(C)C[C@H](NC(=O)[C@@H](CC1=CNC2=C1C=CC=C2)NC(=O)[C@H](CC1=CC=C(O)C=C1)NC(=O)[C@H](CO)NC(=O)[C@H](CC1=CNC2=C1C=CC=C2)NC(=O)[C@H](CC1=CNC=N1)NC(=O)[C@@H]1CCC(=O)N1)C(=O)N[C@@H](CCCNC(N)=N)C(=O)N1CCC[C@H]1C(=O)NCC(N)=O,VXKHXGOKWPXYNA-PGBVPBMZSA-N,57773-63-4,DrugCentral,FDA_Approved.csv (current) + structures.smiles.tsv (2021_09_01),2026-07-29
3424,pentazocine,CC1C2CC3=CC=C(O)C=C3C1(C)CCN2CC=C(C)C,VOKSWYLNZZRQPF-UHFFFAOYSA-N,359-83-1,DrugCentral,FDA_Approved.csv (current) + structures.smiles.tsv (2021_09_01),2026-07-29
4146,testosterone propionate,CCC(=O)O[C@H]1CC[C@H]2[C@@H]3CCC4=CC(=O)CC[C@]4(C)[C@H]3CC[C@]12C,PDMMFKSKQVNJMI-BLQWBTBKSA-N,57-85-2,DrugCentral,FDA_Approved.csv (current) + structures.smiles.tsv (2021_09_01),2026-07-29
4451,prednisolone sodium phosphate,C[C@]12C[C@H](O)[C@H]3[C@@H](CCC4=CC(=O)C=C[C@]34C)[C@@H]1CC[C@]2(O)C(=O)COP(O)(O)=O,JDOZJEUDSLGTLU-VWUMJDOOSA-N,125-02-0,DrugCentral,FDA_Approved.csv (current) + structures.smiles.tsv (2021_09_01),2026-07-29
56,acetazolamide,CC(=O)NC1=NN=C(S1)S(N)(=O)=O,BZKPWHYZMXOIDC-UHFFFAOYSA-N,59-66-5,DrugCentral,FDA_Approved.csv (current) + structures.smiles.tsv (2021_09_01),2026-07-29
103,albendazole,CCCSC1=CC2=C(C=C1)N=C(NC(=O)OC)N2,HXHWSAZORRCQMX-UHFFFAOYSA-N,54965-21-8,DrugCentral,FDA_Approved.csv (current) + structures.smiles.tsv (2021_09_01),2026-07-29
157,amikacin,NCC[C@H](O)C(=O)N[C@@H]1C[C@H](N)[C@@H](O[C@H]2O[C@H](CN)[C@@H](O)[C@H](O)[C@H]2O)[C@H](O)[C@H]1O[C@H]1O[C@H](CO)[C@@H](O)[C@H](N)[C@H]1O,LKCWBDHBTVXHDL-RMDFUYIESA-N,37517-28-5,DrugCentral,FDA_Approved.csv (current) + structures.smiles.tsv (2021_09_01),2026-07-29
192,amoxicillin,CC1(C)S[C@@H]2[C@H](NC(=O)[C@H](N)C3=CC=C(O)C=C3)C(=O)N2[C@H]1C(O)=O,LSQZJLSUYDQPKJ-NJBDSQKTSA-N,26787-78-0,DrugCentral,FDA_Approved.csv (current) + structures.smiles.tsv (2021_09_01),2026-07-29
198,ampicillin,CC1(C)S[C@@H]2[C@H](NC(=O)[C@H](N)C3=CC=CC=C3)C(=O)N2[C@H]1C(O)=O,AVKUERGKIZMTKX-NJBDSQKTSA-N,69-53-4,DrugCentral,FDA_Approved.csv (current) + structures.smiles.tsv (2021_09_01),2026-07-29
299,benazepril,CCOC(=O)[C@H](CCC1=CC=CC=C1)N[C@H]1CCC2=CC=CC=C2N(CC(O)=O)C1=O,XPCFTKFZXHTYIP-PMACEKPBSA-N,86541-75-5,DrugCentral,FDA_Approved.csv (current) + structures.smiles.tsv (2021_09_01),2026-07-29
353,betamethasone dipropionate,CCC(=O)OCC(=O)[C@@]1(OC(=O)CC)[C@@H](C)C[C@H]2[C@@H]3CCC4=CC(=O)C=C[C@]4(C)[C@@]3(F)[C@@H](O)C[C@]12C,CIWBQSYVNNPZIQ-XYWKZLDCSA-N,5593-20-4,DrugCentral,FDA_Approved.csv (current) + structures.smiles.tsv (2021_09_01),2026-07-29
434,buprenorphine,CO[C@]12CC[C@@]3(C[C@@H]1[C@](C)(O)C(C)(C)C)[C@H]1CC4=CC=C(O)C5=C4[C@@]3(CCN1CC1CC1)[C@H]2O5,RMRJXGBAOAMLHD-IHFGGWKQSA-N,52485-79-7,DrugCentral,FDA_Approved.csv (current) + structures.smiles.tsv (2021_09_01),2026-07-29
454,butorphanol,OC1=CC2=C(C[C@H]3N(CC4CCC4)CC[C@@]22CCCC[C@@]32O)C=C1,IFKLAQQSCNILHL-QHAWAJNXSA-N,42408-82-2,DrugCentral,FDA_Approved.csv (current) + structures.smiles.tsv (2021_09_01),2026-07-29
526,cefadroxil,CC1=C(N2[C@H](SC1)[C@H](NC(=O)[C@H](N)C1=CC=C(O)C=C1)C2=O)C(O)=O,BOEGTKLJZSQCCD-UEKVPHQBSA-N,50370-12-2,DrugCentral,FDA_Approved.csv (current) + structures.smiles.tsv (2021_09_01),2026-07-29
597,chlorhexidine,ClC1=CC=C(NC(=N)NC(=N)NCCCCCCNC(=N)NC(=N)NC2=CC=C(Cl)C=C2)C=C1,GHXZTYHSJHQHIJ-UHFFFAOYSA-N,55-56-1,DrugCentral,FDA_Approved.csv (current) + structures.smiles.tsv (2021_09_01),2026-07-29
607,chloroquine,CCN(CC)CCCC(C)NC1=CC=NC2=CC(Cl)=CC=C12,WHTVZRBIWZFKQO-UHFFFAOYSA-N,54-05-7,DrugCentral,FDA_Approved.csv (current) + structures.smiles.tsv (2021_09_01),2026-07-29
609,chlorothiazide,NS(=O)(=O)C1=C(Cl)C=C2N=CNS(=O)(=O)C2=C1,JBMKAUGHUNFTOL-UHFFFAOYSA-N,58-94-6,DrugCentral,FDA_Approved.csv (current) + structures.smiles.tsv (2021_09_01),2026-07-29
633,ciclesonide,CC(C)C(=O)OCC(=O)[C@@]12O[C@@H](O[C@@H]1C[C@H]1[C@@H]3CCC4=CC(=O)C=C[C@]4(C)[C@H]3[C@@H](O)C[C@]21C)C1CCCCC1,LUKZNWIVRBCLON-GXOBDPJESA-N,126544-47-6,DrugCentral,FDA_Approved.csv (current) + structures.smiles.tsv (2021_09_01),2026-07-29
669,clavulanic acid,OC\C=C1/O[C@@H]2CC(=O)N2[C@H]1C(O)=O,HZZVJAQRINQKSD-PBFISZAISA-N,58001-44-8,DrugCentral,FDA_Approved.csv (current) + structures.smiles.tsv (2021_09_01),2026-07-29
678,clindamycin,CCC[C@@H]1C[C@H](N(C)C1)C(=O)N[C@H]([C@H](C)Cl)[C@H]1O[C@H](SC)[C@H](O)[C@@H](O)[C@H]1O,KDLRVYVGXIQJDK-AWPVFWJPSA-N,18323-44-9,DrugCentral,FDA_Approved.csv (current) + structures.smiles.tsv (2021_09_01),2026-07-29
701,clomipramine,CN(C)CCCN1C2=CC(Cl)=CC=C2CCC2=C1C=CC=C2,GDLIGKIOYRNHDA-UHFFFAOYSA-N,303-49-1,DrugCentral,FDA_Approved.csv (current) + structures.smiles.tsv (2021_09_01),2026-07-29
719,clotrimazole,ClC1=C(C=CC=C1)C(N1C=CN=C1)(C1=CC=CC=C1)C1=CC=CC=C1,VNFPBHJOKIVQEB-UHFFFAOYSA-N,23593-75-1,DrugCentral,FDA_Approved.csv (current) + structures.smiles.tsv (2021_09_01),2026-07-29
720,cloxacillin,CC1=C(C(=O)N[C@H]2[C@H]3SC(C)(C)[C@@H](N3C2=O)C(O)=O)C(=NO1)C1=C(Cl)C=CC=C1,LQOLIRLGBULYKD-JKIFEVAISA-N,61-72-3,DrugCentral,FDA_Approved.csv (current) + structures.smiles.tsv (2021_09_01),2026-07-29
851,diatrizoate,CC(=O)NC1=C(I)C(C(O)=O)=C(I)C(NC(C)=O)=C1I,YVPYQUNUQOZFHG-UHFFFAOYSA-N,117-96-4,DrugCentral,FDA_Approved.csv (current) + structures.smiles.tsv (2021_09_01),2026-07-29
865,diclofenac,OC(=O)CC1=C(NC2=C(Cl)C=CC=C2Cl)C=CC=C1,DCOPUUMXTXDBNB-UHFFFAOYSA-N,15307-86-5,DrugCentral,FDA_Approved.csv (current) + structures.smiles.tsv (2021_09_01),2026-07-29
866,dicloxacillin,CC1=C(C(=O)N[C@H]2[C@H]3SC(C)(C)[C@@H](N3C2=O)C(O)=O)C(=NO1)C1=C(Cl)C=CC=C1Cl,YFAGHNZHGGCZAX-JKIFEVAISA-N,3116-76-5,DrugCentral,FDA_Approved.csv (current) + structures.smiles.tsv (2021_09_01),2026-07-29
966,droperidol,FC1=CC=C(C=C1)C(=O)CCCN1CCC(=CC1)N1C(=O)NC2=C1C=CC=C2,RMEDXOLNCUSCGS-UHFFFAOYSA-N,548-73-2,DrugCentral,FDA_Approved.csv (current) + structures.smiles.tsv (2021_09_01),2026-07-29
1005,enalapril,CCOC(=O)[C@H](CCC1=CC=CC=C1)N[C@@H](C)C(=O)N1CCC[C@H]1C(O)=O,GBXSMTUPTTWBMN-XIRDDKMYSA-N,75847-73-3,DrugCentral,FDA_Approved.csv (current) + structures.smiles.tsv (2021_09_01),2026-07-29
1057,estradiol,C[C@]12CC[C@H]3[C@@H](CCC4=C3C=CC(O)=C4)[C@@H]1CC[C@@H]2O,VOXZDWNPVJITMN-ZBRFXRBCSA-N,50-28-2,DrugCentral,FDA_Approved.csv (current) + structures.smiles.tsv (2021_09_01),2026-07-29
1103,etodolac,CCC1=CC=CC2=C1NC1=C2CCOC1(CC)CC(O)=O,NNYBQONXHNTVIJ-UHFFFAOYSA-N,41340-25-4,DrugCentral,FDA_Approved.csv (current) + structures.smiles.tsv (2021_09_01),2026-07-29
1164,fentanyl,CCC(=O)N(C1CCN(CCC2=CC=CC=C2)CC1)C1=CC=CC=C1,PJMPHNIQZUBGLI-UHFFFAOYSA-N,437-38-7,DrugCentral,FDA_Approved.csv (current) + structures.smiles.tsv (2021_09_01),2026-07-29
1204,fluocinolone acetonide,CC1(C)O[C@@H]2C[C@H]3[C@@H]4C[C@H](F)C5=CC(=O)C=C[C@]5(C)[C@@]4(F)[C@@H](O)C[C@]3(C)[C@@]2(O1)C(=O)CO,FEBLZLNTKCEFIT-VSXGLTOVSA-N,67-73-2,DrugCentral,FDA_Approved.csv (current) + structures.smiles.tsv (2021_09_01),2026-07-29
1209,fluoxetine,CNCCC(OC1=CC=C(C=C1)C(F)(F)F)C1=CC=CC=C1,RTHCYVBBDHJXIQ-UHFFFAOYSA-N,54910-89-3,DrugCentral,FDA_Approved.csv (current) + structures.smiles.tsv (2021_09_01),2026-07-29
1257,furazolidone,[O-][N+](=O)C1=CC=C(O1)C=NN1CCOC1=O,PLHJDBGFXBMTGZ-UHFFFAOYSA-N,67-45-8,DrugCentral,FDA_Approved.csv (current) + structures.smiles.tsv (2021_09_01),2026-07-29
1258,furosemide,NS(=O)(=O)C1=CC(C(O)=O)=C(NCC2=CC=CO2)C=C1Cl,ZZUFCTLCJUWOSV-UHFFFAOYSA-N,54-31-9,DrugCentral,FDA_Approved.csv (current) + structures.smiles.tsv (2021_09_01),2026-07-29
1319,glycine,NCC(O)=O,DHMQDGOQFOQNFH-UHFFFAOYSA-N,56-40-6,DrugCentral,FDA_Approved.csv (current) + structures.smiles.tsv (2021_09_01),2026-07-29
1363,hetacillin,CC1(C)S[C@@H]2[C@H](N3C(=O)[C@H](NC3(C)C)C3=CC=CC=C3)C(=O)N2[C@H]1C(O)=O,DXVUYOAEDJXBPY-NFFDBFGFSA-N,3511-16-8,DrugCentral,FDA_Approved.csv (current) + structures.smiles.tsv (2021_09_01),2026-07-29
1385,hydrochlorothiazide,NS(=O)(=O)C1=C(Cl)C=C2NCNS(=O)(=O)C2=C1,JZUFKLXOESDKRF-UHFFFAOYSA-N,58-93-5,DrugCentral,FDA_Approved.csv (current) + structures.smiles.tsv (2021_09_01),2026-07-29
1388,hydrocortisone,C[C@]12C[C@H](O)[C@H]3[C@@H](CCC4=CC(=O)CC[C@]34C)[C@@H]1CC[C@]2(O)C(=O)CO,JYGXADMDTFJGBT-VWUMJDOOSA-N,50-23-7,DrugCentral,FDA_Approved.csv (current) + structures.smiles.tsv (2021_09_01),2026-07-29
1493,isoflurane,FC(F)OC(Cl)C(F)(F)F,PIWKPBJCKXDKJR-UHFFFAOYSA-N,26675-46-7,DrugCentral,FDA_Approved.csv (current) + structures.smiles.tsv (2021_09_01),2026-07-29
1519,kanamycin,NC[C@H]1O[C@H](O[C@@H]2[C@@H](N)C[C@@H](N)[C@H](O[C@H]3O[C@H](CO)[C@@H](O)[C@H](N)[C@H]3O)[C@H]2O)[C@H](O)[C@@H](O)[C@@H]1O,SBUJHOSQTJFQJX-NOAMYHISSA-N,59-01-8,DrugCentral,FDA_Approved.csv (current) + structures.smiles.tsv (2021_09_01),2026-07-29
1528,ketoprofen,CC(C(O)=O)C1=CC=CC(=C1)C(=O)C1=CC=CC=C1,DKYWVDODHFEZIM-UHFFFAOYSA-N,22071-15-4,DrugCentral,FDA_Approved.csv (current) + structures.smiles.tsv (2021_09_01),2026-07-29
1561,levamisole,C1CN2C[C@@H](N=C2S1)C1=CC=CC=C1,HLFSDGLLUJUHTE-SNVBAGLBSA-N,14769-73-4,DrugCentral,FDA_Approved.csv (current) + structures.smiles.tsv (2021_09_01),2026-07-29
1579,lidocaine,CCN(CC)CC(=O)NC1=C(C)C=CC=C1C,NNJVILVZKWQKPM-UHFFFAOYSA-N,137-58-6,DrugCentral,FDA_Approved.csv (current) + structures.smiles.tsv (2021_09_01),2026-07-29
1582,lincomycin,CCC[C@@H]1C[C@H](N(C)C1)C(=O)N[C@H]([C@@H](C)O)[C@H]1O[C@H](SC)[C@H](O)[C@@H](O)[C@H]1O,OJMMVQQUTAEWLP-KIDUDLJLSA-N,154-21-2,DrugCentral,FDA_Approved.csv (current) + structures.smiles.tsv (2021_09_01),2026-07-29
1585,liothyronine,N[C@@H](CC1=CC(I)=C(OC2=CC(I)=C(O)C=C2)C(I)=C1)C(O)=O,AUYYCJSJGJYCDS-LBPRGKRZSA-N,6893-02-3,DrugCentral,FDA_Approved.csv (current) + structures.smiles.tsv (2021_09_01),2026-07-29
1672,melatonin,COC1=CC2=C(NC=C2CCNC(C)=O)C=C1,DRLFMBDRBRZALE-UHFFFAOYSA-N,73-31-4,DrugCentral,FDA_Approved.csv (current) + structures.smiles.tsv (2021_09_01),2026-07-29
1676,meloxicam,CN1C(C(=O)NC2=NC=C(C)S2)=C(O)C2=CC=CC=C2S1(=O)=O,ZRVUJXDFFKFLMG-UHFFFAOYSA-N,71125-38-7,DrugCentral,FDA_Approved.csv (current) + structures.smiles.tsv (2021_09_01),2026-07-29
1745,thiamazole,CN1C=CNC1=S,PMRYVIKBURPHAH-UHFFFAOYSA-N,60-56-0,DrugCentral,FDA_Approved.csv (current) + structures.smiles.tsv (2021_09_01),2026-07-29
1765,naltrexone,OC1=C2O[C@H]3C(=O)CC[C@@]4(O)[C@H]5CC(C=C1)=C2[C@@]34CCN5CC1CC1,DQCKKXVULJGBQN-XFWGSAIBSA-N,16590-41-3,DrugCentral,FDA_Approved.csv (current) + structures.smiles.tsv (2021_09_01),2026-07-29
1800,miconazole,ClC1=CC(Cl)=C(COC(CN2C=CN=C2)C2=C(Cl)C=C(Cl)C=C2)C=C1,BYBLEWFAAKGYCD-UHFFFAOYSA-N,22916-47-8,DrugCentral,FDA_Approved.csv (current) + structures.smiles.tsv (2021_09_01),2026-07-29
1816,mirtazapine,CN1CCN2C(C1)C1=C(CC3=C2N=CC=C3)C=CC=C1,RONZAEMNMFQXRA-UHFFFAOYSA-N,85650-52-8,DrugCentral,FDA_Approved.csv (current) + structures.smiles.tsv (2021_09_01),2026-07-29
1832,mometasone furoate,C[C@@H]1C[C@H]2[C@@H]3CCC4=CC(=O)C=C[C@]4(C)[C@@]3(Cl)[C@@H](O)C[C@]2(C)[C@@]1(OC(=O)C1=CC=CO1)C(=O)CCl,WOFMFGQZHJDGCX-ZULDAHANSA-N,83919-23-7,DrugCentral,FDA_Approved.csv (current) + structures.smiles.tsv (2021_09_01),2026-07-29
1883,naproxen,COC1=CC=C2C=C(C=CC2=C1)[C@H](C)C(O)=O,CMWTZPSULFXXJA-VIFPVBQESA-N,22204-53-1,DrugCentral,FDA_Approved.csv (current) + structures.smiles.tsv (2021_09_01),2026-07-29
1897,neostigmine,CN(C)C(=O)OC1=CC(=CC=C1)[N+](C)(C)C,ALWKGYPQUAPLQC-UHFFFAOYSA-N,59-99-4,DrugCentral,FDA_Approved.csv (current) + structures.smiles.tsv (2021_09_01),2026-07-29
1950,nitrofurazone,NC(=O)N\N=C\C1=CC=C(O1)[N+]([O-])=O,IAIWVQXQOWNYOU-FPYGCLRLSA-N,59-87-0,DrugCentral,FDA_Approved.csv (current) + structures.smiles.tsv (2021_09_01),2026-07-29
2475,spironolactone,CC(=O)S[C@@H]1CC2=CC(=O)CC[C@]2(C)[C@H]2CC[C@@]3(C)[C@@H](CC[C@@]33CCC(=O)O3)[C@H]12,LXMSZDCAJNLERA-ZHYRCANASA-N,52-01-7,DrugCentral,FDA_Approved.csv (current) + structures.smiles.tsv (2021_09_01),2026-07-29
2958,gonadorelin,CC(C)C[C@H](NC(=O)CNC(=O)[C@H](CC1=CC=C(O)C=C1)NC(=O)[C@H](CO)NC(=O)[C@H](CC1=CNC2=C1C=CC=C2)NC(=O)[C@H](CC1=CNC=N1)NC(=O)[C@@H]1CCC(=O)N1)C(=O)N[C@@H](CCCNC(N)=N)C(=O)N1CCC[C@H]1C(=O)NCC(N)=O,XLXSAKCOAKORKW-AQJXLSMYSA-N,33515-09-2,DrugCentral,FDA_Approved.csv (current) + structures.smiles.tsv (2021_09_01),2026-07-29
3920,dexamethasone phosphate,C[C@@H]1C[C@H]2[C@@H]3CCC4=CC(=O)C=C[C@]4(C)[C@@]3(F)[C@@H](O)C[C@]2(C)[C@@]1(O)C(=O)COP(O)(O)=O,VQODGRNSFPNSQE-CXSFZGCWSA-N,2392-39-4,DrugCentral,FDA_Approved.csv (current) + structures.smiles.tsv (2021_09_01),2026-07-29
4213,hydrocortisone acetate,CC(=O)OCC(=O)[C@@]1(O)CC[C@H]2[C@@H]3CCC4=CC(=O)CC[C@]4(C)[C@H]3[C@@H](O)C[C@]12C,ALEXXDVDDISNDU-JZYPGELDSA-N,50-03-3,DrugCentral,FDA_Approved.csv (current) + structures.smiles.tsv (2021_09_01),2026-07-29
4238,nitrous oxide,[O-][N+]#N,GQPLMRYTRLFLPF-UHFFFAOYSA-N,10024-97-2,DrugCentral,FDA_Approved.csv (current) + structures.smiles.tsv (2021_09_01),2026-07-29
4302,glycopyrronium bromide,C[N+]1(C)CCC(C1)OC(=O)C(O)(C1CCCC1)C1=CC=CC=C1,ANGKOCUUWGHLCE-UHFFFAOYSA-N,596-51-0,DrugCentral,FDA_Approved.csv (current) + structures.smiles.tsv (2021_09_01),2026-07-29
4443,ferric oxide,O=[Fe]O[Fe]=O,JEIPFZHSYJVQDO-UHFFFAOYSA-N,1309-37-1,DrugCentral,FDA_Approved.csv (current) + structures.smiles.tsv (2021_09_01),2026-07-29
4667,betamethasone phosphate,C[C@H]1C[C@H]2[C@@H]3CCC4=CC(=O)C=C[C@]4(C)[C@@]3(F)[C@@H](O)C[C@]2(C)[C@@]1(O)C(=O)COP(O)(O)=O,VQODGRNSFPNSQE-DVTGEIKXSA-N,151-73-5,DrugCentral,FDA_Approved.csv (current) + structures.smiles.tsv (2021_09_01),2026-07-29
5395,fluoroestradiol F 18,C[C@]12CC[C@H]3[C@H]([C@@H]1C[C@H]([C@@H]2O)[18F])CCC4=C3C=CC(=C4)O,KDLLNMRYZGUVMA-ZYMZXAKXSA-N,94153-53-4,DrugCentral,FDA_Approved.csv (current) + structures.smiles.tsv (2021_09_01),2026-07-29
5147,UREA C 14,N[14C](N)=O,XSQUKJJJFZCRTK-NJFSPNSNSA-N,594-05-8,DrugCentral,FDA_Approved.csv (current) + structures.smiles.tsv (2021_09_01),2026-07-29
5231,midostaurin,CO[C@@H]1[C@@H](C[C@H]2O[C@]1(C)N1C3=CC=CC=C3C3=C4CNC(=O)C4=C4C5=CC=CC=C5N2C4=C13)N(C)C(=O)C1=CC=CC=C1,BMGQWWVMWDBQGC-IIFHNQTCSA-N,120685-11-2,DrugCentral,FDA_Approved.csv (current) + structures.smiles.tsv (2021_09_01),2026-07-29
5201,crisaborole,OB1OCC2=CC(OC3=CC=C(C=C3)C#N)=CC=C12,USZAGAREISWJDP-UHFFFAOYSA-N,906673-24-3,DrugCentral,FDA_Approved.csv (current) + structures.smiles.tsv (2021_09_01),2026-07-29
5194,meglumine,CNC[C@H](O)[C@@H](O)[C@H](O)[C@H](O)CO,MBBZMMPHUWSWHV-BDVNFPICSA-N,6284-40-8,DrugCentral,FDA_Approved.csv (current) + structures.smiles.tsv (2021_09_01),2026-07-29
5095,thallous chloride Tl-201,Cl[201Tl],GBECUEIQVRDUKB-RYDPDVNUSA-M,55172-29-7,DrugCentral,FDA_Approved.csv (current) + structures.smiles.tsv (2021_09_01),2026-07-29
1313,glutethimide,CCC1(CCC(=O)NC1=O)C1=CC=CC=C1,JMBQKKAJIKAWKF-UHFFFAOYSA-N,77-21-4,DrugCentral,FDA_Approved.csv (current) + structures.smiles.tsv (2021_09_01),2026-07-29
4235,oxygen,O=O,MYMOFIZGZYHOMD-UHFFFAOYSA-N,7782-44-7,DrugCentral,FDA_Approved.csv (current) + structures.smiles.tsv (2021_09_01),2026-07-29
5048,pitolisant,ClC1=CC=C(CCCOCCCN2CCCCC2)C=C1,NNACHAUCXXVJSP-UHFFFAOYSA-N,362665-56-3,DrugCentral,FDA_Approved.csv (current) + structures.smiles.tsv (2021_09_01),2026-07-29
4240,zinc oxide,O=[Zn],XLOMVQKBTHCTTD-UHFFFAOYSA-N,1314-13-2,DrugCentral,FDA_Approved.csv (current) + structures.smiles.tsv (2021_09_01),2026-07-29
4241,octisalate,CCCCC(CC)COC(=O)C1=C(O)C=CC=C1,FMRHJJZUHUTGKE-UHFFFAOYSA-N,118-60-5,DrugCentral,FDA_Approved.csv (current) + structures.smiles.tsv (2021_09_01),2026-07-29
1076,ethanol,CCO,LFQSCWFLJHTTHZ-UHFFFAOYSA-N,64-17-5,DrugCentral,FDA_Approved.csv (current) + structures.smiles.tsv (2021_09_01),2026-07-29
4988,deoxycholic acid,C[C@H](CCC(O)=O)[C@H]1CC[C@H]2[C@@H]3CC[C@@H]4C[C@H](O)CC[C@]4(C)[C@H]3C[C@H](O)[C@]12C,KXGVEGMKQFWNSR-LLQZFEROSA-N,83-44-3,DrugCentral,FDA_Approved.csv (current) + structures.smiles.tsv (2021_09_01),2026-07-29
5329,bremelanotide,CCCC[C@H](NC(C)=O)C(=O)N[C@H]1CC(=O)NCCCC[C@H](NC(=O)[C@H](CC2=CNC3=CC=CC=C23)NC(=O)[C@H](CCCN=C(N)N)NC(=O)[C@@H](CC2=CC=CC=C2)NC(=O)[C@H](CC2=CN=CN2)NC1=O)C(O)=O,FFHBJDQSGDNCIV-MFVUMRCOSA-N,189691-06-3,DrugCentral,FDA_Approved.csv (current) + structures.smiles.tsv (2021_09_01),2026-07-29
5330,selinexor,FC(F)(F)C1=CC(=CC(=C1)C1=NN(\C=C/C(=O)NNC2=NC=CN=C2)C=N1)C(F)(F)F,DEVSOMFAQLZNKR-RJRFIUFISA-N,1393477-72-9,DrugCentral,FDA_Approved.csv (current) + structures.smiles.tsv (2021_09_01),2026-07-29
5344,pretomanid,FC(F)(F)OC1=CC=C(CO[C@@H]2COC3=NC(=CN3C2)N(=O)=O)C=C1,ZLHZLMOSPGACSZ-NSHDSACASA-N,187235-37-6,DrugCentral,FDA_Approved.csv (current) + structures.smiles.tsv (2021_09_01),2026-07-29
4818,florbetaben F18,CNC1=CC=C(\C=C\C2=CC=C(OCCOCCOCC[18F])C=C2)C=C1,NCWZOASIUQVOFA-FWZJPQCDSA-N,902143-01-5,DrugCentral,FDA_Approved.csv (current) + structures.smiles.tsv (2021_09_01),2026-07-29
1948,nitric oxide,[N]=O,MWUXSHHQAYIFBG-UHFFFAOYSA-N,10102-43-9,DrugCentral,FDA_Approved.csv (current) + structures.smiles.tsv (2021_09_01),2026-07-29
4757,dimethyl fumarate,COC(=O)\C=C\C(=O)OC,LDCRTTXIJACKKU-ONEGZZNKSA-N,624-49-7,DrugCentral,FDA_Approved.csv (current) + structures.smiles.tsv (2021_09_01),2026-07-29
4242,avobenzone,COC1=CC=C(C=C1)C(=O)CC(=O)C1=CC=C(C=C1)C(C)(C)C,XNEFYCZVKIDDMS-UHFFFAOYSA-N,70356-09-1,DrugCentral,FDA_Approved.csv (current) + structures.smiles.tsv (2021_09_01),2026-07-29
4221,mequinol,COC1=CC=C(O)C=C1,NWVVVBRKAWDGAB-UHFFFAOYSA-N,150-76-5,DrugCentral,FDA_Approved.csv (current) + structures.smiles.tsv (2021_09_01),2026-07-29
3244,formaldehyde,C=O,WSFSSNUMVMOOMR-UHFFFAOYSA-N,50-00-0,DrugCentral,FDA_Approved.csv (current) + structures.smiles.tsv (2021_09_01),2026-07-29
3281,hydrogen peroxide,OO,MHAJPDPJQMAIIY-UHFFFAOYSA-N,7722-84-1,DrugCentral,FDA_Approved.csv (current) + structures.smiles.tsv (2021_09_01),2026-07-29
58,acetohydroxamic acid,CC(=O)NO,RRUDCFGSUDOHDG-UHFFFAOYSA-N,546-88-3,DrugCentral,FDA_Approved.csv (current) + structures.smiles.tsv (2021_09_01),2026-07-29
347,betaine,C[N+](C)(C)CC([O-])=O,KWIUHFFTVRNATP-UHFFFAOYSA-N,590-46-5,DrugCentral,FDA_Approved.csv (current) + structures.smiles.tsv (2021_09_01),2026-07-29
3150,dimercaprol,OCC(S)CS,WQABCVAJNWAXTE-UHFFFAOYSA-N,59-52-9,DrugCentral,FDA_Approved.csv (current) + structures.smiles.tsv (2021_09_01),2026-07-29
835,dexmedetomidine,C[C@H](C1=CNC=N1)C1=C(C)C(C)=CC=C1,CUHVIMMYOGQXCV-NSHDSACASA-N,113775-47-6,DrugCentral,FDA_Approved.csv (current) + structures.smiles.tsv (2021_09_01),2026-07-29
166,aminolevulinic acid,NCC(=O)CCC(O)=O,ZGXJTSGNIOSYLO-UHFFFAOYSA-N,106-60-5,DrugCentral,FDA_Approved.csv (current) + structures.smiles.tsv (2021_09_01),2026-07-29
124,allopurinol,OC1=NC=NC2=C1C=NN2,OFCNXPDARWKPPY-UHFFFAOYSA-N,315-30-0,DrugCentral,FDA_Approved.csv (current) + structures.smiles.tsv (2021_09_01),2026-07-29
3442,phenoxyethanol,OCCOC1=CC=CC=C1,QCDWFXQBSFUVSP-UHFFFAOYSA-N,122-99-6,DrugCentral,FDA_Approved.csv (current) + structures.smiles.tsv (2021_09_01),2026-07-29
3344,methenamine,C1N2CN3CN1CN(C2)C3,VKYKSIONXSXAKP-UHFFFAOYSA-N,100-97-0,DrugCentral,FDA_Approved.csv (current) + structures.smiles.tsv (2021_09_01),2026-07-29
1087,ethosuximide,CCC1(C)CC(=O)NC1=O,HAPOVYFOVVWLRS-UHFFFAOYSA-N,77-67-8,DrugCentral,FDA_Approved.csv (current) + structures.smiles.tsv (2021_09_01),2026-07-29
1711,mesna,OS(=O)(=O)CCS,ZNEWHQLOPFWXOF-UHFFFAOYSA-N,3375-50-6,DrugCentral,FDA_Approved.csv (current) + structures.smiles.tsv (2021_09_01),2026-07-29
488,carbachol,C[N+](C)(C)CCOC(N)=O,VPJXQGSRWJZDOB-UHFFFAOYSA-O,51-83-2,DrugCentral,FDA_Approved.csv (current) + structures.smiles.tsv (2021_09_01),2026-07-29
559,ceftazidime,CC(C)(O\N=C(/C(=O)N[C@H]1[C@H]2SCC(C[N+]3=CC=CC=C3)=C(N2C1=O)C(O)=O)C1=CSC(N)=N1)C(O)=O,ORFOPKXBNMVMKC-DWVKKRMSSA-O,72558-82-8,DrugCentral,FDA_Approved.csv (current) + structures.smiles.tsv (2021_09_01),2026-07-29
3094,chloroxylenol,CC1=CC(O)=CC(C)=C1Cl,OSDLLIBGSJNGJE-UHFFFAOYSA-N,88-04-0,DrugCentral,FDA_Approved.csv (current) + structures.smiles.tsv (2021_09_01),2026-07-29
2695,tolazoline,C(C1=NCCN1)C1=CC=CC=C1,JIVZKJJQOZQXQB-UHFFFAOYSA-N,59-98-3,DrugCentral,FDA_Approved.csv (current) + structures.smiles.tsv (2021_09_01),2026-07-29
1646,mecamylamine,CNC1(C)C2CCC(C2)C1(C)C,IMYZQPCYWPFTAG-UHFFFAOYSA-N,60-40-2,DrugCentral,FDA_Approved.csv (current) + structures.smiles.tsv (2021_09_01),2026-07-29
1683,menadione,CC1=CC(=O)C2=CC=CC=C2C1=O,MJVAVZPDRWSRRC-UHFFFAOYSA-N,58-27-5,DrugCentral,FDA_Approved.csv (current) + structures.smiles.tsv (2021_09_01),2026-07-29
2114,phenacemide,NC(=O)NC(=O)CC1=CC=CC=C1,XPFRXWCVYUEORT-UHFFFAOYSA-N,63-98-9,DrugCentral,FDA_Approved.csv (current) + structures.smiles.tsv (2021_09_01),2026-07-29
1444,inositol,O[C@H]1[C@H](O)[C@@H](O)[C@H](O)[C@H](O)[C@@H]1O,CDAISMWEOUEBRE-GPIVLXJGSA-N,87-89-8,DrugCentral,FDA_Approved.csv (current) + structures.smiles.tsv (2021_09_01),2026-07-29
1252,fructose,OCC1(O)OC[C@@H](O)[C@@H](O)[C@@H]1O,LKDRXBCSQODPBY-VRPWFDPXSA-N,6347-01-9,DrugCentral,FDA_Approved.csv (current) + structures.smiles.tsv (2021_09_01),2026-07-29
3269,glycol salicylate,OCCOC(=O)C1=C(O)C=CC=C1,LVYLCBNXHHHPSB-UHFFFAOYSA-N,87-28-5,DrugCentral,FDA_Approved.csv (current) + structures.smiles.tsv (2021_09_01),2026-07-29
1774,methyprylon,CCC1(CC)C(=O)NCC(C)C1=O,SIDLZWOQUZRBRU-UHFFFAOYSA-N,125-64-4,DrugCentral,FDA_Approved.csv (current) + structures.smiles.tsv (2021_09_01),2026-07-29
666,citric acid,OC(=O)CC(O)(CC(O)=O)C(O)=O,KRKNYBCHXYNGOX-UHFFFAOYSA-N,77-92-9,DrugCentral,FDA_Approved.csv (current) + structures.smiles.tsv (2021_09_01),2026-07-29
165,aminohippuric acid,NC1=CC=C(C=C1)C(=O)NCC(O)=O,HSMNQINEKMPTIC-UHFFFAOYSA-N,61-78-9,DrugCentral,FDA_Approved.csv (current) + structures.smiles.tsv (2021_09_01),2026-07-29
1336,guaifenesin,COC1=C(OCC(O)CO)C=CC=C1,HSRJKNPTNIJEKV-UHFFFAOYSA-N,93-14-1,DrugCentral,FDA_Approved.csv (current) + structures.smiles.tsv (2021_09_01),2026-07-29
873,diethylcarbamazine,CCN(CC)C(=O)N1CCN(C)CC1,RCKMWOKWVGPNJF-UHFFFAOYSA-N,90-89-1,DrugCentral,FDA_Approved.csv (current) + structures.smiles.tsv (2021_09_01),2026-07-29
141,altretamine,CN(C)C1=NC(=NC(=N1)N(C)C)N(C)C,UUVWYPNAQBNQJQ-UHFFFAOYSA-N,645-05-6,DrugCentral,FDA_Approved.csv (current) + structures.smiles.tsv (2021_09_01),2026-07-29
1753,methoxamine,COC1=CC(C(O)C(C)N)=C(OC)C=C1,WJAJPNHVVFWKKL-UHFFFAOYSA-N,390-28-3,DrugCentral,FDA_Approved.csv (current) + structures.smiles.tsv (2021_09_01),2026-07-29
2120,phenazopyridine,NC1=NC(N)=C(C=C1)\N=N\C1=CC=CC=C1,QPFYXYFORQJZEC-FOCLMDBBSA-N,94-78-0,DrugCentral,FDA_Approved.csv (current) + structures.smiles.tsv (2021_09_01),2026-07-29
3462,phenyl salicylate,OC1=CC=CC=C1C(=O)OC1=CC=CC=C1,ZQBAKBUEJOMQEX-UHFFFAOYSA-N,118-55-8,DrugCentral,FDA_Approved.csv (current) + structures.smiles.tsv (2021_09_01),2026-07-29
611,chloroxine,OC1=C2N=CC=CC2=C(Cl)C=C1Cl,WDFKMLRRRCGAKS-UHFFFAOYSA-N,773-76-2,DrugCentral,FDA_Approved.csv (current) + structures.smiles.tsv (2021_09_01),2026-07-29
167,5-aminolevulinic acid hexyl ester,CCCCCCOC(=O)CCC(=O)CN,RYQOILLJDKPETL-UHFFFAOYSA-N,140898-97-1,DrugCentral,FDA_Approved.csv (current) + structures.smiles.tsv (2021_09_01),2026-07-29
1722,metaxalone,CC1=CC(OCC2CNC(=O)O2)=CC(C)=C1,IMWZZHHPURKASS-UHFFFAOYSA-N,1665-48-1,DrugCentral,FDA_Approved.csv (current) + structures.smiles.tsv (2021_09_01),2026-07-29
3412,oxybenzone,COC1=CC(O)=C(C=C1)C(=O)C1=CC=CC=C1,DXGLGDHPHMLXJC-UHFFFAOYSA-N,131-57-7,DrugCentral,FDA_Approved.csv (current) + structures.smiles.tsv (2021_09_01),2026-07-29
2735,triclofos,OP(O)(=O)OCC(Cl)(Cl)Cl,YYQRGCZGSFRBAM-UHFFFAOYSA-N,306-52-5,DrugCentral,FDA_Approved.csv (current) + structures.smiles.tsv (2021_09_01),2026-07-29
1767,methylphenidate,COC(=O)C(C1CCCCN1)C1=CC=CC=C1,DUGOZIWVEXMGBE-UHFFFAOYSA-N,113-45-1,DrugCentral,FDA_Approved.csv (current) + structures.smiles.tsv (2021_09_01),2026-07-29
1490,isocarboxazid,CC1=CC(=NO1)C(=O)NNCC1=CC=CC=C1,XKFPYPQQHFEXRZ-UHFFFAOYSA-N,59-63-2,DrugCentral,FDA_Approved.csv (current) + structures.smiles.tsv (2021_09_01),2026-07-29
2382,riluzole,NC1=NC2=C(S1)C=C(OC(F)(F)F)C=C2,FTALBRSUTCGOEG-UHFFFAOYSA-N,1744-22-5,DrugCentral,FDA_Approved.csv (current) + structures.smiles.tsv (2021_09_01),2026-07-29
164,aminoglutethimide,CCC1(CCC(=O)NC1=O)C1=CC=C(N)C=C1,ROBVIMPUHSLWNV-UHFFFAOYSA-N,125-84-8,DrugCentral,FDA_Approved.csv (current) + structures.smiles.tsv (2021_09_01),2026-07-29
2132,pheniramine,CN(C)CCC(C1=CC=CC=C1)C1=NC=CC=C1,IJHNSHDBIRRJRN-UHFFFAOYSA-N,86-21-5,DrugCentral,FDA_Approved.csv (current) + structures.smiles.tsv (2021_09_01),2026-07-29
3159,dioxybenzone,COC1=CC(O)=C(C=C1)C(=O)C1=C(O)C=CC=C1,MEZZCSHVIGVWFI-UHFFFAOYSA-N,131-53-3,DrugCentral,FDA_Approved.csv (current) + structures.smiles.tsv (2021_09_01),2026-07-29
847,dezocine,C[C@@]12CCCCC[C@@H](CC3=CC=C(O)C=C13)[C@@H]2N,VTMVHDZWSFQSQP-VBNZEHGJSA-N,53648-55-8,DrugCentral,FDA_Approved.csv (current) + structures.smiles.tsv (2021_09_01),2026-07-29
3506,pyridoxal phosphate,CC1=NC=C(COP(O)(O)=O)C(C=O)=C1O,NGVDGCNFYWLIFO-UHFFFAOYSA-N,54-47-7,DrugCentral,FDA_Approved.csv (current) + structures.smiles.tsv (2021_09_01),2026-07-29
2332,pyrimethamine,CCC1=NC(N)=NC(N)=C1C1=CC=C(Cl)C=C1,WKSAUQYGYAYLPV-UHFFFAOYSA-N,58-14-0,DrugCentral,FDA_Approved.csv (current) + structures.smiles.tsv (2021_09_01),2026-07-29
2728,triamterene,NC1=NC2=NC(N)=C(N=C2C(N)=N1)C1=CC=CC=C1,FNYLWPVRPXGIIP-UHFFFAOYSA-N,396-01-0,DrugCentral,FDA_Approved.csv (current) + structures.smiles.tsv (2021_09_01),2026-07-29
2150,phenyltoloxamine,CN(C)CCOC1=C(CC2=CC=CC=C2)C=CC=C1,IZRPKIZLIFYYKR-UHFFFAOYSA-N,92-12-6,DrugCentral,FDA_Approved.csv (current) + structures.smiles.tsv (2021_09_01),2026-07-29
2047,pamabrom,CN1C2=C(N=C(Br)N2)C(=O)N(C)C1=O,SKTFQHRVFFOHTQ-UHFFFAOYSA-N,10381-75-6,DrugCentral,FDA_Approved.csv (current) + structures.smiles.tsv (2021_09_01),2026-07-29
2402,ropinirole,CCCN(CCC)CCC1=CC=CC2=C1CC(=O)N2,UHSKFQJFRQCDBE-UHFFFAOYSA-N,91374-21-9,DrugCentral,FDA_Approved.csv (current) + structures.smiles.tsv (2021_09_01),2026-07-29
2832,thiamine,CC1=C(CCO)SC=[N+]1CC1=CN=C(C)N=C1N,JZRWCGZRTZMZEH-UHFFFAOYSA-N,59-43-8,DrugCentral,FDA_Approved.csv (current) + structures.smiles.tsv (2021_09_01),2026-07-29
90,adenosine,NC1=C2N=CN([C@@H]3O[C@H](CO)[C@@H](O)[C@H]3O)C2=NC=N1,OIRDTQYFTABQOQ-KQYNXXCUSA-N,58-61-7,DrugCentral,FDA_Approved.csv (current) + structures.smiles.tsv (2021_09_01),2026-07-29
962,doxylamine,CN(C)CCOC(C)(C1=CC=CC=C1)C1=NC=CC=C1,HCFDWZZGGLSKEP-UHFFFAOYSA-N,469-21-6,DrugCentral,FDA_Approved.csv (current) + structures.smiles.tsv (2021_09_01),2026-07-29
1552,leflunomide,CC1=C(C=NO1)C(=O)NC1=CC=C(C=C1)C(F)(F)F,VHOGYURTWQBHIL-UHFFFAOYSA-N,75706-12-6,DrugCentral,FDA_Approved.csv (current) + structures.smiles.tsv (2021_09_01),2026-07-29
1826,modafinil,NC(=O)CS(=O)C(C1=CC=CC=C1)C1=CC=CC=C1,YFGHCGITMMYXAQ-UHFFFAOYSA-N,68693-11-8,DrugCentral,FDA_Approved.csv (current) + structures.smiles.tsv (2021_09_01),2026-07-29
616,chlorphenamine,CN(C)CCC(C1=CC=C(Cl)C=C1)C1=CC=CC=N1,SOYKEARSMXGVTM-UHFFFAOYSA-N,132-22-9,DrugCentral,FDA_Approved.csv (current) + structures.smiles.tsv (2021_09_01),2026-07-29
269,azathioprine,CN1C=NC(=C1SC1=NC=NC2=C1NC=N2)[N+]([O-])=O,LMEKQMALGUDUQG-UHFFFAOYSA-N,446-86-6,DrugCentral,FDA_Approved.csv (current) + structures.smiles.tsv (2021_09_01),2026-07-29
1398,hydroxystilbamidine,NC(=N)C1=CC=C(C=CC2=CC=C(C=C2O)C(N)=N)C=C1,TUESWZZJYCLFNL-UHFFFAOYSA-N,495-99-8,DrugCentral,FDA_Approved.csv (current) + structures.smiles.tsv (2021_09_01),2026-07-29
3400,oleic acid,CCCCCCCC\C=C/CCCCCCCC(O)=O,ZQPPMHVWECSIRJ-KTKRTIGZSA-N,112-80-1,DrugCentral,FDA_Approved.csv (current) + structures.smiles.tsv (2021_09_01),2026-07-29
3631,triclosan,OC1=C(OC2=CC=C(Cl)C=C2Cl)C=CC(Cl)=C1,XEFQLINVKFYRCS-UHFFFAOYSA-N,3380-34-5,DrugCentral,FDA_Approved.csv (current) + structures.smiles.tsv (2021_09_01),2026-07-29
1742,methdilazine,CN1CCC(CN2C3=CC=CC=C3SC3=C2C=CC=C3)C1,HTMIBDQKFHUPSX-UHFFFAOYSA-N,1982-37-2,DrugCentral,FDA_Approved.csv (current) + structures.smiles.tsv (2021_09_01),2026-07-29
886,dihydrocodeine,COC1=CC=C2C[C@@H]3[C@@H]4CC[C@H](O)[C@@H]5OC1=C2[C@]45CCN3C,RBOXVHNMENFORY-DNJOTXNNSA-N,125-28-0,DrugCentral,FDA_Approved.csv (current) + structures.smiles.tsv (2021_09_01),2026-07-29
2745,trihexyphenidyl,OC(CCN1CCCCC1)(C1CCCCC1)C1=CC=CC=C1,HWHLPVGTWGOCJO-UHFFFAOYSA-N,144-11-6,DrugCentral,FDA_Approved.csv (current) + structures.smiles.tsv (2021_09_01),2026-07-29
3174,eicosapentaenoic acid,CC\C=C/C\C=C/C\C=C/C\C=C/C\C=C/CCCC(O)=O,JAZBEHYOTPTENJ-JLNKQSITSA-N,10417-94-4,DrugCentral,FDA_Approved.csv (current) + structures.smiles.tsv (2021_09_01),2026-07-29
2424,scopolamine,CN1[C@H]2C[C@H](C[C@@H]1[C@H]1O[C@@H]21)OC(=O)[C@H](CO)C1=CC=CC=C1,STECJAGHUSJQJN-VJQRDGCPSA-N,51-34-3,DrugCentral,FDA_Approved.csv (current) + structures.smiles.tsv (2021_09_01),2026-07-29
3617,tolnaftate,CN(C(=S)OC1=CC2=CC=CC=C2C=C1)C1=CC(C)=CC=C1,FUSNMLFNXJSCDI-UHFFFAOYSA-N,2398-96-1,DrugCentral,FDA_Approved.csv (current) + structures.smiles.tsv (2021_09_01),2026-07-29
2847,warfarin,CC(=O)CC(C1=CC=CC=C1)C1=C(O)C2=CC=CC=C2OC1=O,PJVWKTKQMONHTI-UHFFFAOYSA-N,81-81-2,DrugCentral,FDA_Approved.csv (current) + structures.smiles.tsv (2021_09_01),2026-07-29
1434,indecainide,CC(C)NCCCC1(C(N)=O)C2=CC=CC=C2C2=C1C=CC=C2,UCEWGESNIULAGX-UHFFFAOYSA-N,74517-78-5,DrugCentral,FDA_Approved.csv (current) + structures.smiles.tsv (2021_09_01),2026-07-29
1086,profenamine,CCN(CC)C(C)CN1C2=CC=CC=C2SC2=C1C=CC=C2,CDOZDBSBBXSXLB-UHFFFAOYSA-N,522-00-9,DrugCentral,FDA_Approved.csv (current) + structures.smiles.tsv (2021_09_01),2026-07-29
3630,triclocarban,ClC1=CC=C(NC(=O)NC2=CC(Cl)=C(Cl)C=C2)C=C1,ICUTUKXCWQYESQ-UHFFFAOYSA-N,101-20-2,DrugCentral,FDA_Approved.csv (current) + structures.smiles.tsv (2021_09_01),2026-07-29
623,chlorprothixene,CN(C)CC\C=C1\C2=CC=CC=C2SC2=C1C=C(Cl)C=C2,WSPOMRSOLSGNFJ-AUWJEWJLSA-N,113-59-7,DrugCentral,FDA_Approved.csv (current) + structures.smiles.tsv (2021_09_01),2026-07-29
2038,oxyphenisatine,OC1=CC=C(C=C1)C1(C(=O)NC2=C1C=CC=C2)C1=CC=C(O)C=C1,SJDACOMXKWHBOW-UHFFFAOYSA-N,125-13-3,DrugCentral,FDA_Approved.csv (current) + structures.smiles.tsv (2021_09_01),2026-07-29
1230,fluvoxamine,COCCCC\C(=N/OCCN)C1=CC=C(C=C1)C(F)(F)F,CJOFXWAVKWHTFT-XSFVSMFZSA-N,54739-18-3,DrugCentral,FDA_Approved.csv (current) + structures.smiles.tsv (2021_09_01),2026-07-29
408,brompheniramine,CN(C)CCC(C1=CC=C(Br)C=C1)C1=CC=CC=N1,ZDIGNSYAACHWNL-UHFFFAOYSA-N,86-22-6,DrugCentral,FDA_Approved.csv (current) + structures.smiles.tsv (2021_09_01),2026-07-29
1053,escitalopram,CN(C)CCC[C@]1(OCC2=C1C=CC(=C2)C#N)C1=CC=C(F)C=C1,WSEQXVZVJXJVFP-FQEVSTJZSA-N,128196-01-0,DrugCentral,FDA_Approved.csv (current) + structures.smiles.tsv (2021_09_01),2026-07-29
949,dorzolamide,CCN[C@H]1C[C@H](C)S(=O)(=O)C2=C1C=C(S2)S(N)(=O)=O,IAVUPMFITXYVAF-XPUUQOCRSA-N,120279-96-1,DrugCentral,FDA_Approved.csv (current) + structures.smiles.tsv (2021_09_01),2026-07-29
940,docosanol,CCCCCCCCCCCCCCCCCCCCCCO,NOPFSRXAKWQILS-UHFFFAOYSA-N,661-19-8,DrugCentral,FDA_Approved.csv (current) + structures.smiles.tsv (2021_09_01),2026-07-29
1413,icosapent ethyl,CCOC(=O)CCC\C=C/C\C=C/C\C=C/C\C=C/C\C=C/CC,SSQPWTVBQMWLSZ-AAQCHOMXSA-N,86227-47-6,DrugCentral,FDA_Approved.csv (current) + structures.smiles.tsv (2021_09_01),2026-07-29
2318,protokylol,CC(CC1=CC=C2OCOC2=C1)NCC(O)C1=CC=C(O)C(O)=C1,LUMAEVHDZXIGEP-UHFFFAOYSA-N,136-70-9,DrugCentral,FDA_Approved.csv (current) + structures.smiles.tsv (2021_09_01),2026-07-29
404,bromazine,CN(C)CCOC(C1=CC=CC=C1)C1=CC=C(Br)C=C1,NUNIWXHYABYXKF-UHFFFAOYSA-N,118-23-0,DrugCentral,FDA_Approved.csv (current) + structures.smiles.tsv (2021_09_01),2026-07-29
625,chlortalidone,NS(=O)(=O)C1=CC(=CC=C1Cl)C1(O)NC(=O)C2=CC=CC=C12,JIVPVXMEBJLZRO-UHFFFAOYSA-N,77-36-1,DrugCentral,FDA_Approved.csv (current) + structures.smiles.tsv (2021_09_01),2026-07-29
1573,levopropoxyphene,CCC(=O)O[C@](CC1=CC=CC=C1)([C@@H](C)CN(C)C)C1=CC=CC=C1,XLMALTXPSGQGBX-PGRDOPGGSA-N,2338-37-6,DrugCentral,FDA_Approved.csv (current) + structures.smiles.tsv (2021_09_01),2026-07-29
1534,lactitol,OC[C@H](O)[C@@H](O)[C@H](O[C@@H]1O[C@H](CO)[C@H](O)[C@H](O)[C@H]1O)[C@H](O)CO,VQHSOMBJVWLPSR-JVCRWLNRSA-N,585-86-4,DrugCentral,FDA_Approved.csv (current) + structures.smiles.tsv (2021_09_01),2026-07-29
1749,metofoline,COC1=C(OC)C=C2C(CCC3=CC=C(Cl)C=C3)N(C)CCC2=C1,YBCPYHQFUMNOJG-UHFFFAOYSA-N,2154-02-1,DrugCentral,FDA_Approved.csv (current) + structures.smiles.tsv (2021_09_01),2026-07-29
1500,isopropamide,CC(C)[N+](C)(CCC(C(N)=O)(C1=CC=CC=C1)C1=CC=CC=C1)C(C)C,JTPUMZTWMWIVPA-UHFFFAOYSA-O,7492-32-2,DrugCentral,FDA_Approved.csv (current) + structures.smiles.tsv (2021_09_01),2026-07-29
3314,lapyrium chloride,CCCCCCCCCCCC(=O)OCCNC(=O)C[N+]1=CC=CC=C1,UGJWZYARKOFRDB-UHFFFAOYSA-O,6272-74-8,DrugCentral,FDA_Approved.csv (current) + structures.smiles.tsv (2021_09_01),2026-07-29
644,cilostazol,O=C1CCC2=CC(OCCCCC3=NN=NN3C3CCCCC3)=CC=C2N1,RRGUKTPIGVIEKM-UHFFFAOYSA-N,73963-72-1,DrugCentral,FDA_Approved.csv (current) + structures.smiles.tsv (2021_09_01),2026-07-29
2561,tamoxifen,CC\C(=C(/C1=CC=CC=C1)C1=CC=C(OCCN(C)C)C=C1)C1=CC=CC=C1,NKANXQFJJICGDU-QPLCGJKRSA-N,10540-29-1,DrugCentral,FDA_Approved.csv (current) + structures.smiles.tsv (2021_09_01),2026-07-29
3128,deferasirox,OC(=O)C1=CC=C(C=C1)N1N=C(N=C1C1=CC=CC=C1O)C1=CC=CC=C1O,BOFQWVMAQOTZIW-UHFFFAOYSA-N,201530-41-8,DrugCentral,FDA_Approved.csv (current) + structures.smiles.tsv (2021_09_01),2026-07-29
4501,armodafinil,NC(=O)C[S@@](=O)C(C1=CC=CC=C1)C1=CC=CC=C1,YFGHCGITMMYXAQ-LJQANCHMSA-N,112111-43-0,DrugCentral,FDA_Approved.csv (current) + structures.smiles.tsv (2021_09_01),2026-07-29
2335,pyrvinium,CN(C)C1=CC=C2C(C=CC(\C=C\C3=C(C)N(C(C)=C3)C3=CC=CC=C3)=[N+]2C)=C1,QMHSXPLYMTVAMK-UHFFFAOYSA-N,3546-41-6,DrugCentral,FDA_Approved.csv (current) + structures.smiles.tsv (2021_09_01),2026-07-29
4638,Padimate A,CC(C)CCOC(=O)C1=CC=C(C=C1)N(C)C,OFSAUHSCHWRZKM-UHFFFAOYSA-N,21245-01-2,DrugCentral,FDA_Approved.csv (current) + structures.smiles.tsv (2021_09_01),2026-07-29
1712,mesoridazine,CN1CCCCC1CCN1C2=CC=CC=C2SC2=C1C=C(C=C2)S(C)=O,SLVMESMUVMCQIY-UHFFFAOYSA-N,5588-33-0,DrugCentral,FDA_Approved.csv (current) + structures.smiles.tsv (2021_09_01),2026-07-29
2092,pentetic acid,OC(=O)CN(CCN(CC(O)=O)CC(O)=O)CCN(CC(O)=O)CC(O)=O,QPCDCPDFJACHGM-UHFFFAOYSA-N,67-43-6,DrugCentral,FDA_Approved.csv (current) + structures.smiles.tsv (2021_09_01),2026-07-29
574,cefalotin,CC(=O)OCC1=C(N2[C@H](SC1)[C@H](NC(=O)CC1=CC=CS1)C2=O)C(O)=O,XIURVHNZVLADCM-IUODEOHRSA-N,153-61-7,DrugCentral,FDA_Approved.csv (current) + structures.smiles.tsv (2021_09_01),2026-07-29
2113,perphenazine,OCCN1CCN(CCCN2C3=CC=CC=C3SC3=CC=C(Cl)C=C23)CC1,RGCVKNLCSQQDEP-UHFFFAOYSA-N,58-39-9,DrugCentral,FDA_Approved.csv (current) + structures.smiles.tsv (2021_09_01),2026-07-29
331,benzquinamide,CCN(CC)C(=O)C1CN2CCC3=C(C=C(OC)C(OC)=C3)C2CC1OC(C)=O,JSZILQVIPPROJI-UHFFFAOYSA-N,63-12-7,DrugCentral,FDA_Approved.csv (current) + structures.smiles.tsv (2021_09_01),2026-07-29
2186,piperacetazine,CC(=O)C1=CC=C2SC3=CC=CC=C3N(CCCN3CCC(CCO)CC3)C2=C1,BTFMCMVEUCGQDX-UHFFFAOYSA-N,3819-00-9,DrugCentral,FDA_Approved.csv (current) + structures.smiles.tsv (2021_09_01),2026-07-29
3481,podophyllotoxin,COC1=CC(=CC(OC)=C1OC)[C@H]1[C@@H]2[C@H](COC2=O)[C@@H](O)C2=CC3=C(OCO3)C=C12,YJGVMLPVUAXIQN-XVVDYKMHSA-N,518-28-5,DrugCentral,FDA_Approved.csv (current) + structures.smiles.tsv (2021_09_01),2026-07-29
2451,sitosterol,CC[C@H](CC[C@@H](C)[C@H]1CC[C@H]2[C@@H]3CC=C4C[C@@H](O)CC[C@]4(C)[C@H]3CC[C@]12C)C(C)C,KZJWDPNRJALLNS-VJSFXXLFSA-N,83-46-5,DrugCentral,FDA_Approved.csv (current) + structures.smiles.tsv (2021_09_01),2026-07-29
1842,moracizine,CCOC(=O)NC1=CC=C2SC3=CC=CC=C3N(C(=O)CCN3CCOCC3)C2=C1,FUBVWMNBEHXPSU-UHFFFAOYSA-N,31883-05-3,DrugCentral,FDA_Approved.csv (current) + structures.smiles.tsv (2021_09_01),2026-07-29
1043,ergotamine,CN1C[C@@H](C=C2[C@H]1CC1=CNC3=CC=CC2=C13)C(=O)N[C@]1(C)O[C@@]2(O)[C@@H]3CCCN3C(=O)[C@H](CC3=CC=CC=C3)N2C1=O,XCGSFFUVFURLIX-VFGNJEKYSA-N,113-15-5,DrugCentral,FDA_Approved.csv (current) + structures.smiles.tsv (2021_09_01),2026-07-29
1201,flunisolide,CC1(C)O[C@@H]2C[C@H]3[C@@H]4C[C@H](F)C5=CC(=O)C=C[C@]5(C)[C@H]4[C@@H](O)C[C@]3(C)[C@@]2(O1)C(=O)CO,XSFJVAJPIHIPKU-XWCQMRHXSA-N,3385-03-3,DrugCentral,FDA_Approved.csv (current) + structures.smiles.tsv (2021_09_01),2026-07-29
349,betamethasone acetate,C[C@H]1C[C@H]2[C@@H]3CCC4=CC(=O)C=C[C@]4(C)[C@@]3(F)[C@@H](O)C[C@]2(C)[C@@]1(O)C(=O)COC(C)=O,AKUJBENLRBOFTD-QZIXMDIESA-N,987-24-6,DrugCentral,FDA_Approved.csv (current) + structures.smiles.tsv (2021_09_01),2026-07-29
4251,nitrogen,N#N,IJGRMHOSHXDMSA-UHFFFAOYSA-N,7727-37-9,DrugCentral,FDA_Approved.csv (current) + structures.smiles.tsv (2021_09_01),2026-07-29
4250,algeldrate,O[Al](O)O,WNROFYMDJYEPJX-UHFFFAOYSA-K,21645-51-2,DrugCentral,FDA_Approved.csv (current) + structures.smiles.tsv (2021_09_01),2026-07-29
2172,pimozide,FC1=CC=C(C=C1)C(CCCN1CCC(CC1)N1C(=O)NC2=C1C=CC=C2)C1=CC=C(F)C=C1,YVUQSNJEYSNKRX-UHFFFAOYSA-N,2062-78-4,DrugCentral,FDA_Approved.csv (current) + structures.smiles.tsv (2021_09_01),2026-07-29
4293,magnesium oxide,O=[Mg],CPLXHLVBOLITMK-UHFFFAOYSA-N,1309-48-4,DrugCentral,FDA_Approved.csv (current) + structures.smiles.tsv (2021_09_01),2026-07-29
1857,mupirocin,C[C@H](O)[C@H](C)[C@@H]1O[C@H]1C[C@H]1CO[C@@H](C\C(C)=C\C(=O)OCCCCCCCCC(O)=O)[C@H](O)[C@@H]1O,MINDHVHHQZYEEK-HBBNESRFSA-N,12650-69-0,DrugCentral,FDA_Approved.csv (current) + structures.smiles.tsv (2021_09_01),2026-07-29
908,dimethyltubocurarinium,COC1=CC=C2C[C@@H]3C4=C(OC5=CC=C(C[C@H]6C7=C(CC[N+]6(C)C)C=C(OC)C(OC1=C2)=C7)C=C5)C(OC)=C(OC)C=C4CC[N+]3(C)C,JFXBEKISTKFVAB-AJQTZOPKSA-N,5152-30-7,DrugCentral,FDA_Approved.csv (current) + structures.smiles.tsv (2021_09_01),2026-07-29
351,betamethasone benzoate,C[C@H]1C[C@H]2[C@@H]3CCC4=CC(=O)C=C[C@]4(C)[C@@]3(F)[C@@H](O)C[C@]2(C)[C@@]1(OC(=O)C1=CC=CC=C1)C(=O)CO,SOQJPQZCPBDOMF-YCUXZELOSA-N,22298-29-9,DrugCentral,FDA_Approved.csv (current) + structures.smiles.tsv (2021_09_01),2026-07-29
2823,vinblastine,CC[C@]1(O)C[C@@H]2CN(C1)CCC1=C(NC3=CC=CC=C13)[C@@](C2)(C(=O)OC)C1=C(OC)C=C2N(C)[C@@H]3[C@]4(CCN5CC=C[C@](CC)([C@@H]45)[C@@H](OC(C)=O)[C@]3(O)C(=O)OC)C2=C1,JXLYSJRDGCGARV-CFWMRBGOSA-N,865-21-4,DrugCentral,FDA_Approved.csv (current) + structures.smiles.tsv (2021_09_01),2026-07-29
146,ambenonium,CC[N+](CC)(CCNC(=O)C(=O)NCC[N+](CC)(CC)CC1=C(Cl)C=CC=C1)CC1=C(Cl)C=CC=C1,OMHBPUNFVFNHJK-UHFFFAOYSA-P,7648-98-8,DrugCentral,FDA_Approved.csv (current) + structures.smiles.tsv (2021_09_01),2026-07-29
3417,pantethine,CC(C)(CO)[C@@H](O)C(=O)NCCC(=O)NCCSSCCNC(=O)CCNC(=O)[C@H](O)C(C)(C)CO,DJWYOLJPSHDSAL-ROUUACIJSA-N,16816-67-4,DrugCentral,FDA_Approved.csv (current) + structures.smiles.tsv (2021_09_01),2026-07-29
801,demecarium,CN(CCCCCCCCCCN(C)C(=O)OC1=CC(=CC=C1)[N+](C)(C)C)C(=O)OC1=CC(=CC=C1)[N+](C)(C)C,RWZVPVOZTJJMNU-UHFFFAOYSA-N,56-94-0,DrugCentral,FDA_Approved.csv (current) + structures.smiles.tsv (2021_09_01),2026-07-29
792,deferoxamine,CC(=O)N(O)CCCCCNC(=O)CCC(=O)N(O)CCCCCNC(=O)CCC(=O)N(O)CCCCCN,UBQYURCVBFRUQT-UHFFFAOYSA-N,70-51-9,DrugCentral,FDA_Approved.csv (current) + structures.smiles.tsv (2021_09_01),2026-07-29
2781,tubocurarine,COC1=CC2=C3C=C1OC1=CC(C[C@@H]4C5=C(OC6=CC=C(C[C@@H]3N(C)CC2)C=C6)C(O)=C(OC)C=C5CC[N+]4(C)C)=CC=C1O,JFJZZMVDLULRGK-URLMMPGGSA-O,57-94-3,DrugCentral,FDA_Approved.csv (current) + structures.smiles.tsv (2021_09_01),2026-07-29
915,diphemanil,C[N+]1(C)CCC(CC1)=C(C1=CC=CC=C1)C1=CC=CC=C1,LCTZPQRFOZKZNK-UHFFFAOYSA-N,62-97-5,DrugCentral,FDA_Approved.csv (current) + structures.smiles.tsv (2021_09_01),2026-07-29
4264,carbamide,NC(N)=O,XSQUKJJJFZCRTK-UHFFFAOYSA-N,57-13-6,DrugCentral,FDA_Approved.csv (current) + structures.smiles.tsv (2021_09_01),2026-07-29
5411,copper dotatate Cu-64,C[C@H]([C@H]1C(=O)N[C@@H](CSSC[C@@H](C(=O)N[C@H](C(=O)N[C@@H](C(=O)N[C@H](C(=O)N1)CCCCN)CC2=CNC3=CC=CC=C32)CC4=CC=C(C=C4)O)NC(=O)[C@@H](CC5=CC=CC=C5)NC(=O)CN6CCN(CCN(CCN(CC6)CC(=O)[O-])CC(=O)[O-])CC(=O)O)C(=O)N[C@@H]([C@@H](C)O)C(=O)O)O.[64Cu+2],IJRLLVFQGCCPPI-NVGRTJHCSA-L,1426155-87-4,DrugCentral,FDA_Approved.csv (current) + structures.smiles.tsv (2021_09_01),2026-07-29
3217,evans blue,CC1=C(C=CC(=C1)C1=CC(C)=C(C=C1)\N=N\C1=C(O)C2=C(N)C(=CC(=C2C=C1)S(O)(=O)=O)S(O)(=O)=O)\N=N\C1=CC=C2C(=CC(=C(N)C2=C1O)S(O)(=O)=O)S(O)(=O)=O,COXVTLYNGOIATD-HVMBLDELSA-N,314-13-6,DrugCentral,FDA_Approved.csv (current) + structures.smiles.tsv (2021_09_01),2026-07-29
730,colfosceril palmitate,CCCCCCCCCCCCCCCC(=O)OC[C@H](COP([O-])(=O)OCC[N+](C)(C)C)OC(=O)CCCCCCCCCCCCCCC,KILNVBDSWZSGLL-KXQOOQHDSA-N,63-89-8,DrugCentral,FDA_Approved.csv (current) + structures.smiles.tsv (2021_09_01),2026-07-29
881,digitoxin,C[C@H]1O[C@H](C[C@H](O)[C@@H]1O)O[C@H]1[C@@H](O)C[C@H](O[C@H]2[C@@H](O)C[C@H](O[C@H]3CC[C@@]4(C)[C@H](CC[C@@H]5[C@@H]4CC[C@]4(C)[C@H](CC[C@]54O)C4=CC(=O)OC4)C3)O[C@@H]2C)O[C@@H]1C,WDJUZGPOPHTGOT-XUDUSOBPSA-N,71-63-6,DrugCentral,FDA_Approved.csv (current) + structures.smiles.tsv (2021_09_01),2026-07-29
1445,inositol nicotinate,O=C(O[C@H]1[C@H](OC(=O)C2=CN=CC=C2)[C@@H](OC(=O)C2=CN=CC=C2)[C@H](OC(=O)C2=CN=CC=C2)[C@H](OC(=O)C2=CN=CC=C2)[C@@H]1OC(=O)C1=CN=CC=C1)C1=CN=CC=C1,MFZCIDXOLLEMOO-GYSGTQPESA-N,6556-11-2,DrugCentral,FDA_Approved.csv (current) + structures.smiles.tsv (2021_09_01),2026-07-29
760,ciclosporin,CC[C@@H]1NC(=O)[C@H]([C@H](O)[C@H](C)C\C=C\C)N(C)C(=O)[C@H](C(C)C)N(C)C(=O)[C@H](CC(C)C)N(C)C(=O)[C@H](CC(C)C)N(C)C(=O)[C@@H](C)NC(=O)[C@H](C)NC(=O)[C@H](CC(C)C)N(C)C(=O)[C@@H](NC(=O)[C@H](CC(C)C)N(C)C(=O)CN(C)C1=O)C(C)C,PMATZTZNYRCHOR-CGLBZJNRSA-N,59865-13-3,DrugCentral,FDA_Approved.csv (current) + structures.smiles.tsv (2021_09_01),2026-07-29
2548,secretin human,CC(C)C[C@H](NC(=O)CNC(=O)[C@H](CCC(N)=O)NC(=O)[C@H](CC(C)C)NC(=O)[C@H](CC(C)C)NC(=O)[C@H](CCCNC(N)=N)NC(=O)[C@H](CCC(N)=O)NC(=O)[C@H](CC(C)C)NC(=O)[C@H](CCCNC(N)=N)NC(=O)[C@H](C)NC(=O)CNC(=O)[C@H](CCC(O)=O)NC(=O)[C@H](CCCNC(N)=N)NC(=O)[C@H](CC(C)C)NC(=O)[C@H](CCCNC(N)=N)NC(=O)[C@H](CO)NC(=O)[C@H](CC(C)C)NC(=O)[C@H](CCC(O)=O)NC(=O)[C@H](CO)NC(=O)[C@@H](NC(=O)[C@H](CC1=CC=CC=C1)NC(=O)[C@@H](NC(=O)CNC(=O)[C@H](CC(O)=O)NC(=O)[C@H](CO)NC(=O)[C@@H](N)CC1=CNC=N1)[C@@H](C)O)[C@@H](C)O)C(=O)N[C@@H](C(C)C)C(N)=O,OWMZNFCDEHGFEP-NFBCVYDUSA-N,108153-74-8,DrugCentral,FDA_Approved.csv (current) + structures.smiles.tsv (2021_09_01),2026-07-29
4211,acetic acid,CC(O)=O,QTBSBXVTEAMEQO-UHFFFAOYSA-N,64-19-7,DrugCentral,FDA_Approved.csv (current) + structures.smiles.tsv (2021_09_01),2026-07-29
4197,vitamin A palmitate,CCCCCCCCCCCCCCCC(=O)OC\C=C(/C)\C=C\C=C(/C)\C=C\C1=C(C)CCCC1(C)C,VYGQUTWHTHXGQB-FFHKNEKCSA-N,79-81-2,DrugCentral,FDA_Approved.csv (current) + structures.smiles.tsv (2021_09_01),2026-07-29
4215,isopropanol,CC(C)O,KFZMGEQAYNKOFK-UHFFFAOYSA-N,67-63-0,DrugCentral,FDA_Approved.csv (current) + structures.smiles.tsv (2021_09_01),2026-07-29
4145,lutein,C\C(\C=C\C=C(/C)\C=C\[C@H]1C(C)=C[C@H](O)CC1(C)C)=C/C=C/C=C(\C)/C=C/C=C(\C)/C=C/C1=C(C)C[C@@H](O)CC1(C)C,KBPHJBAIARWVSC-RGZFRNHPSA-N,127-40-2,DrugCentral,FDA_Approved.csv (current) + structures.smiles.tsv (2021_09_01),2026-07-29
4427,calcitonin human,CC[C@H](C)[C@H](NC(=O)[C@H](C)NC(=O)[C@@H](NC(=O)[C@H](CCC(N)=O)NC(=O)[C@@H]1CCCN1C(=O)[C@H](CC1=CC=CC=C1)NC(=O)[C@@H](NC(=O)[C@H](CC1=CNC=N1)NC(=O)[C@H](CC1=CC=CC=C1)NC(=O)[C@H](CCCCN)NC(=O)[C@H](CC(N)=O)NC(=O)[C@H](CC1=CC=CC=C1)NC(=O)[C@H](CC(O)=O)NC(=O)[C@H](CCC(N)=O)NC(=O)[C@@H](NC(=O)[C@H](CC1=CC=C(O)C=C1)NC(=O)[C@@H](NC(=O)CNC(=O)[C@H](CC(C)C)NC(=O)[C@H](CCSC)NC(=O)[C@@H]1CSSC[C@H](N)C(=O)NCC(=O)N[C@@H](CC(N)=O)C(=O)N[C@@H](CC(C)C)C(=O)N[C@@H](CO)C(=O)N[C@@H]([C@@H](C)O)C(=O)N1)[C@@H](C)O)[C@@H](C)O)[C@@H](C)O)[C@@H](C)O)C(=O)NCC(=O)N[C@@H](C(C)C)C(=O)NCC(=O)N[C@@H](C)C(=O)N1CCC[C@H]1C(N)=O,LDVRMNJZLWXJPL-JKQNMTHDSA-N,21215-62-3,DrugCentral,FDA_Approved.csv (current) + structures.smiles.tsv (2021_09_01),2026-07-29
4256,carbon dioxide,O=C=O,CURLTUGMZLYLDI-UHFFFAOYSA-N,124-38-9,DrugCentral,FDA_Approved.csv (current) + structures.smiles.tsv (2021_09_01),2026-07-29
4218,methyldopate,CCOC(=O)[C@@](C)(N)CC1=CC(O)=C(O)C=C1,SVEBYYWCXTVYCR-LBPRGKRZSA-N,6014-30-8,DrugCentral,FDA_Approved.csv (current) + structures.smiles.tsv (2021_09_01),2026-07-29
4168,lurasidone,O=C1[C@H]2[C@@H]3CC[C@@H](C3)[C@H]2C(=O)N1C[C@@H]1CCCC[C@H]1CN1CCN(CC1)C1=NSC2=C1C=CC=C2,PQXKDMSYBGKCJA-CVTJIBDQSA-N,367514-87-2,DrugCentral,FDA_Approved.csv (current) + structures.smiles.tsv (2021_09_01),2026-07-29
4292,enzacamene,CC1=CC=C(\C=C2/C3CCC(C)(C2=O)C3(C)C)C=C1,HEOCBCNFKCOKBX-SDNWHVSQSA-N,36861-47-9,DrugCentral,FDA_Approved.csv (current) + structures.smiles.tsv (2021_09_01),2026-07-29
4284,silicon dioxide,O=[Si]=O,VYPSYNLAJGMNEJ-UHFFFAOYSA-N,7631-86-9,DrugCentral,FDA_Approved.csv (current) + structures.smiles.tsv (2021_09_01),2026-07-29
4301,Flutemetamol (18F),CNC1=C([18F])C=C(C=C1)C1=NC2=CC=C(O)C=C2S1,VVECGOCJFKTUAX-HUYCHCPVSA-N,765922-62-1,DrugCentral,FDA_Approved.csv (current) + structures.smiles.tsv (2021_09_01),2026-07-29
4323,UREA C-13,N[13C](N)=O,XSQUKJJJFZCRTK-OUBTZVSYSA-N,58069-82-2,DrugCentral,FDA_Approved.csv (current) + structures.smiles.tsv (2021_09_01),2026-07-29
4625,ammonia,N,QGZKDVFQNNGYKY-UHFFFAOYSA-N,7664-41-7,DrugCentral,FDA_Approved.csv (current) + structures.smiles.tsv (2021_09_01),2026-07-29
4366,voclosporin,CC[C@@H]1NC(=O)[C@H]([C@H](O)[C@H](C)C\C=C\C=C)N(C)C(=O)[C@H](C(C)C)N(C)C(=O)[C@H](CC(C)C)N(C)C(=O)[C@H](CC(C)C)N(C)C(=O)[C@@H](C)NC(=O)[C@H](C)NC(=O)[C@H](CC(C)C)N(C)C(=O)[C@@H](NC(=O)[C@H](CC(C)C)N(C)C(=O)CN(C)C1=O)C(C)C,BICRTLVBTLFLRD-PTWUADNWSA-N,515814-01-4,DrugCentral,FDA_Approved.csv (current) + structures.smiles.tsv (2021_09_01),2026-07-29
4384,levofolinic acid,NC1=NC(=O)C2=C(NC[C@H](CNC3=CC=C(C=C3)C(=O)N[C@@H](CCC(O)=O)C(O)=O)N2C=O)N1,VVIAGPKUTFNRDU-STQMWFEESA-N,80433-71-2,DrugCentral,FDA_Approved.csv (current) + structures.smiles.tsv (2021_09_01),2026-07-29
4455,fludeoxyglucose (18F),OC[C@H]1O[C@H](O)[C@H]([18F])[C@@H](O)[C@@H]1O,ZCXUVYAZINUVJD-AHXZWLDOSA-N,105851-17-0,DrugCentral,FDA_Approved.csv (current) + structures.smiles.tsv (2021_09_01),2026-07-29
4458,sulfisoxazole acetyl,CC(=O)N(C1=C(C)C(C)=NO1)S(=O)(=O)C1=CC=C(N)C=C1,JFNWFXVFBDDWCX-UHFFFAOYSA-N,80-74-0,DrugCentral,FDA_Approved.csv (current) + structures.smiles.tsv (2021_09_01),2026-07-29
4468,esketamine,CN[C@@]1(CCCCC1=O)C1=C(Cl)C=CC=C1,YQEZLKZALYSWHR-ZDUSSCGKSA-N,33643-46-8,DrugCentral,FDA_Approved.csv (current) + structures.smiles.tsv (2021_09_01),2026-07-29
4481,N-Acetyltyrosine,CC(=O)N[C@@H](CC1=CC=C(O)C=C1)C(O)=O,CAHKINHBCWCHCF-JTQLQIEISA-N,537-55-3,DrugCentral,FDA_Approved.csv (current) + structures.smiles.tsv (2021_09_01),2026-07-29
4498,paliperidone palmitate,CCCCCCCCCCCCCCCC(=O)OC1CCCN2C(=O)C(CCN3CCC(CC3)C3=NOC4=C3C=CC(F)=C4)=C(C)N=C12,VOMKSBFLAZZBOW-UHFFFAOYSA-N,199739-10-1,DrugCentral,FDA_Approved.csv (current) + structures.smiles.tsv (2021_09_01),2026-07-29
4602,diethylamino hydroxybenzoyl hexyl benzoate,CCCCCCOC(=O)C1=C(C=CC=C1)C(=O)C1=C(O)C=C(C=C1)N(CC)CC,FDATWRLUYRHCJE-UHFFFAOYSA-N,302776-68-7,DrugCentral,FDA_Approved.csv (current) + structures.smiles.tsv (2021_09_01),2026-07-29
4554,fluticasone furoate,C[C@@H]1C[C@H]2[C@@H]3C[C@H](F)C4=CC(=O)C=C[C@]4(C)[C@@]3(F)[C@@H](O)C[C@]2(C)[C@@]1(OC(=O)C1=CC=CO1)C(=O)SCF,XTULMSXFIHGYFS-VLSRWLAYSA-N,397864-44-7,DrugCentral,FDA_Approved.csv (current) + structures.smiles.tsv (2021_09_01),2026-07-29
4604,xylitol,OC[C@H](O)[C@@H](O)[C@H](O)CO,HEBKCHPVOIAQTA-SCDXWVJYSA-N,87-99-0,DrugCentral,FDA_Approved.csv (current) + structures.smiles.tsv (2021_09_01),2026-07-29
4611,stearic acid,CCCCCCCCCCCCCCCCCC(O)=O,QIQXTHQIDYTFRH-UHFFFAOYSA-N,57-11-4,DrugCentral,FDA_Approved.csv (current) + structures.smiles.tsv (2021_09_01),2026-07-29
4621,levomefolic acid,CN1[C@@H](CNC2=CC=C(C=C2)C(=O)N[C@@H](CCC(O)=O)C(O)=O)CNC2=C1C(=O)N=C(N)N2,ZNOVTXRBGFNYRX-STQMWFEESA-N,31690-09-2,DrugCentral,FDA_Approved.csv (current) + structures.smiles.tsv (2021_09_01),2026-07-29
4931,corticotropin,CSCC[C@H](NC(=O)[C@H](CO)NC(=O)[C@H](CC1=CC=C(O)C=C1)NC(=O)[C@@H](N)CO)C(=O)N[C@@H](CCC(O)=O)C(=O)N[C@@H](CC1=CNC=N1)C(=O)N[C@@H](CC1=CC=CC=C1)C(=O)N[C@@H](CCCNC(N)=N)C(=O)N[C@@H](CC1=CNC2=C1C=CC=C2)C(=O)NCC(=O)N[C@@H](CCCCN)C(=O)N1CCC[C@H]1C(=O)N[C@@H](C(C)C)C(=O)NCC(=O)N[C@@H](CCCCN)C(=O)N[C@@H](CCCCN)C(=O)N[C@@H](CCCNC(N)=N)C(=O)N[C@@H](CCCNC(N)=N)C(=O)N1CCC[C@H]1C(=O)N[C@@H](C(C)C)C(=O)N[C@@H](CCCCN)C(=O)N[C@@H](C(C)C)C(=O)N[C@@H](CC1=CC=C(O)C=C1)C(=O)N1CCC[C@H]1C(=O)N[C@@H](CC(N)=O)C(=O)NCC(=O)N[C@@H](C)C(=O)N[C@@H](CCC(O)=O)C(=O)N[C@@H](CC(O)=O)C(=O)N[C@@H](CCC(O)=O)C(=O)N[C@@H](CO)C(=O)N[C@@H](C)C(=O)N[C@@H](CCC(O)=O)C(=O)N[C@@H](C)C(=O)N[C@@H](CC1=CC=CC=C1)C(=O)N1CCC[C@H]1C(=O)N[C@@H](CC(C)C)C(=O)N[C@@H](CCC(O)=O)C(=O)N[C@@H](CC1=CC=CC=C1)C(O)=O,IDLFZVILOHSSID-OVLDLUHVSA-N,9002-60-2,DrugCentral,FDA_Approved.csv (current) + structures.smiles.tsv (2021_09_01),2026-07-29
4864,levomilnacipran,CCN(CC)C(=O)[C@]1(C[C@H]1CN)C1=CC=CC=C1,GJJFMKBJSRMPLA-DZGCQCFKSA-N,96847-54-0,DrugCentral,FDA_Approved.csv (current) + structures.smiles.tsv (2021_09_01),2026-07-29
5059,lusutrombopag,CCCCCCO[C@@H](C)C1=CC=CC(C2=CSC(NC(=O)C3=CC(Cl)=C(\C=C(/C)C(O)=O)C(Cl)=C3)=N2)=C1OC,NOZIJMHMKORZBA-KJCUYJGMSA-N,1110766-97-6,DrugCentral,FDA_Approved.csv (current) + structures.smiles.tsv (2021_09_01),2026-07-29
5407,risdiplam,CC1=CC(=NN2C1=NC(=C2)C)C3=CC(=O)N4C=C(C=CC4=N3)N5CCNC6(C5)CC6,ASKZRYGFUPSJPN-UHFFFAOYSA-N,1825352-65-5,DrugCentral,FDA_Approved.csv (current) + structures.smiles.tsv (2021_09_01),2026-07-29
5448,serdexmethylphenidate,COC(=O)[C@@H]([C@H]1CCCCN1C(=O)OC[N+]2=CC=CC(=C2)C(=O)N[C@@H](CO)C(=O)[O-])C3=CC=CC=C3,UBZPNQRBUOBBLN-PWRODBHTSA-N,1996626-30-2,DrugCentral,FDA_Approved.csv (current) + structures.smiles.tsv (2021_09_01),2026-07-29
3017,benzalkonium,CCCCCCCCCCCC[N+](C)(C)CC1=CC=CC=C1,CYDRXTMLKJDRQH-UHFFFAOYSA-N,139-07-1,DrugCentral,FDA_Approved.csv (current) + structures.smiles.tsv (2021_09_01),2026-07-29
4260,sulfur,[S],NINIDFKCEFEMDL-UHFFFAOYSA-N,7704-34-9,DrugCentral,FDA_Approved.csv (current) + structures.smiles.tsv (2021_09_01),2026-07-29
4530,cupric chloride,Cl[Cu]Cl,ORTQZVOHEJQUHG-UHFFFAOYSA-L,7447-39-4,DrugCentral,FDA_Approved.csv (current) + structures.smiles.tsv (2021_09_01),2026-07-29
4478,phosphoric acid,OP(O)(O)=O,NBIIXXVUZAFLBC-UHFFFAOYSA-N,7664-38-2,DrugCentral,FDA_Approved.csv (current) + structures.smiles.tsv (2021_09_01),2026-07-29
4500,amiloxate,COC1=CC=C(C=CC(=O)OCCC(C)C)C=C1,UBNYRXMKIIGMKK-UHFFFAOYSA-N,71617-10-2,DrugCentral,FDA_Approved.csv (current) + structures.smiles.tsv (2021_09_01),2026-07-29
432,bupivacaine,CCCCN1CCCCC1C(=O)NC1=C(C)C=CC=C1C,LEBVLXFERQHONN-UHFFFAOYSA-N,38396-39-3,DrugCentral,FDA_Approved.csv (current) + structures.smiles.tsv (2021_09_01),2026-07-29
571,cefalexin,CC1=C(N2[C@H](SC1)[C@H](NC(=O)[C@H](N)C1=CC=CC=C1)C2=O)C(O)=O,ZAIPMKNFIOOWCQ-UEKVPHQBSA-N,15686-71-2,DrugCentral,FDA_Approved.csv (current) + structures.smiles.tsv (2021_09_01),2026-07-29
4370,xenon (127Xe) gas,[127Xe],FHNFHKCVQCLJFQ-AHCXROLUSA-N,13994-19-9,DrugCentral,FDA_Approved.csv (current) + structures.smiles.tsv (2021_09_01),2026-07-29
5130,oxiglutatione,N[C@@H](CCC(=O)N[C@@H](CSSC[C@H](NC(=O)CC[C@H](N)C(O)=O)C(=O)NCC(O)=O)C(=O)NCC(O)=O)C(O)=O,YPZRWBKMTBYPTK-BJDJZHNGSA-N,27025-41-8,DrugCentral,FDA_Approved.csv (current) + structures.smiles.tsv (2021_09_01),2026-07-29
3495,propiolactone,O=C1CCO1,VEZXCJBBBCKRPI-UHFFFAOYSA-N,57-57-8,DrugCentral,FDA_Approved.csv (current) + structures.smiles.tsv (2021_09_01),2026-07-29
2188,piperazine,C1CNCCN1,GLUUGHFHXGJENI-UHFFFAOYSA-N,110-85-0,DrugCentral,FDA_Approved.csv (current) + structures.smiles.tsv (2021_09_01),2026-07-29
5198,secretin porcine,CC(C)C[C@H](NC(=O)CNC(=O)[C@H](CCC(N)=O)NC(=O)[C@H](CC(C)C)NC(=O)[C@H](CC(C)C)NC(=O)[C@H](CCCNC(N)=N)NC(=O)[C@H](CCC(N)=O)NC(=O)[C@H](CC(C)C)NC(=O)[C@H](CCCNC(N)=N)NC(=O)[C@H](C)NC(=O)[C@H](CO)NC(=O)[C@H](CC(O)=O)NC(=O)[C@H](CCCNC(N)=N)NC(=O)[C@H](CC(C)C)NC(=O)[C@H](CCCNC(N)=N)NC(=O)[C@H](CO)NC(=O)[C@H](CC(C)C)NC(=O)[C@H](CCC(O)=O)NC(=O)[C@H](CO)NC(=O)[C@@H](NC(=O)[C@H](CC1=CC=CC=C1)NC(=O)[C@@H](NC(=O)CNC(=O)[C@H](CC(O)=O)NC(=O)[C@H](CO)NC(=O)[C@@H](N)CC1=CNC=N1)[C@@H](C)O)[C@@H](C)O)C(=O)N[C@@H](C(C)C)C(N)=O,JWQZOTGHUDZFMU-WIDFLDSMSA-N,17034-35-4,DrugCentral,FDA_Approved.csv (current) + structures.smiles.tsv (2021_09_01),2026-07-29
2343,quinethazone,CCC1NC(=O)C2=CC(=C(Cl)C=C2N1)S(N)(=O)=O,AGMMTXLNIQSRCG-UHFFFAOYSA-N,73-49-4,DrugCentral,FDA_Approved.csv (current) + structures.smiles.tsv (2021_09_01),2026-07-29
3976,kinetin,C(NC1=C2N=CN=C2N=CN1)C1=CC=CO1,QANMHLXAZMSUEX-UHFFFAOYSA-N,525-79-1,DrugCentral,FDA_Approved.csv (current) + structures.smiles.tsv (2021_09_01),2026-07-29
335,benzyl benzoate,O=C(OCC1=CC=CC=C1)C1=CC=CC=C1,SESFRYSPDFLNCH-UHFFFAOYSA-N,120-51-4,DrugCentral,FDA_Approved.csv (current) + structures.smiles.tsv (2021_09_01),2026-07-29
1501,isosorbide,O[C@H]1CO[C@@H]2[C@H](O)CO[C@H]12,KLDXJTOLSGUMSJ-JGWLITMVSA-N,652-67-5,DrugCentral,FDA_Approved.csv (current) + structures.smiles.tsv (2021_09_01),2026-07-29
2854,xylose,O[C@@H]1COC(O)[C@H](O)[C@H]1O,SRBFZHDQGSBBOR-IOVATXLUSA-N,58-86-6,DrugCentral,FDA_Approved.csv (current) + structures.smiles.tsv (2021_09_01),2026-07-29
5150,chloramphenicol palmitate,CCCCCCCCCCCCCCCC(=O)OC[C@@H](NC(=O)C(Cl)Cl)[C@H](O)C1=CC=C(C=C1)[N+]([O-])=O,PXKHGMGELZGJQE-ILBGXUMGSA-N,530-43-8,DrugCentral,FDA_Approved.csv (current) + structures.smiles.tsv (2021_09_01),2026-07-29
2143,fenamisal,NC1=CC(O)=C(C=C1)C(=O)OC1=CC=CC=C1,DNVVZWSVACQWJE-UHFFFAOYSA-N,133-11-9,DrugCentral,FDA_Approved.csv (current) + structures.smiles.tsv (2021_09_01),2026-07-29
3364,monoctanoin,CCCCCCCC(=O)OCC(O)CO,GHBFNMLVSPCDGN-UHFFFAOYSA-N,502-54-5,DrugCentral,FDA_Approved.csv (current) + structures.smiles.tsv (2021_09_01),2026-07-29
603,chlormezanone,CN1C(C2=CC=C(Cl)C=C2)S(=O)(=O)CCC1=O,WEQAYVWKMWHEJO-UHFFFAOYSA-N,80-77-3,DrugCentral,FDA_Approved.csv (current) + structures.smiles.tsv (2021_09_01),2026-07-29
2284,promazine,CN(C)CCCN1C2=CC=CC=C2SC2=C1C=CC=C2,ZGUGWUXLJSTTMA-UHFFFAOYSA-N,58-40-2,DrugCentral,FDA_Approved.csv (current) + structures.smiles.tsv (2021_09_01),2026-07-29
1789,metrizoic acid,CN(C(C)=O)C1=C(I)C(NC(C)=O)=C(I)C(C(O)=O)=C1I,GGGDNPWHMNJRFN-UHFFFAOYSA-N,1949-45-7,DrugCentral,FDA_Approved.csv (current) + structures.smiles.tsv (2021_09_01),2026-07-29
2785,tyropanoate,CCCC(=O)NC1=C(I)C=C(I)C(CC(CC)C(O)=O)=C1I,YMOXVLQZFAUUKI-UHFFFAOYSA-N,27293-82-9,DrugCentral,FDA_Approved.csv (current) + structures.smiles.tsv (2021_09_01),2026-07-29
4618,linolenic acid,CC\C=C/C\C=C/C\C=C/CCCCCCCC(O)=O,DTOSIQBPPRVQHS-PDBXOOCHSA-N,463-40-1,DrugCentral,FDA_Approved.csv (current) + structures.smiles.tsv (2021_09_01),2026-07-29
4639,oftasceine,OC(=O)CN(CC(O)=O)CC1=CC2=C(OC3=CC(O)=C(CN(CC(O)=O)CC(O)=O)C=C3C22OC(=O)C3=C2C=CC=C3)C=C1O,DEGAKNSWVGKMLS-UHFFFAOYSA-N,1461-15-0,DrugCentral,FDA_Approved.csv (current) + structures.smiles.tsv (2021_09_01),2026-07-29
4640,octyltriethoxysilane,CCCCCCCC[Si](OCC)(OCC)OCC,MSRJTTSHWYDFIU-UHFFFAOYSA-N,2943-75-1,DrugCentral,FDA_Approved.csv (current) + structures.smiles.tsv (2021_09_01),2026-07-29
2228,polythiazide,CN1C(CSCC(F)(F)F)NC2=C(C=C(C(Cl)=C2)S(N)(=O)=O)S1(=O)=O,CYLWJCABXYDINA-UHFFFAOYSA-N,346-18-9,DrugCentral,FDA_Approved.csv (current) + structures.smiles.tsv (2021_09_01),2026-07-29
1958,nomifensine,CN1CC(C2=CC=CC=C2)C2=CC=CC(N)=C2C1,XXPANQJNYNUNES-UHFFFAOYSA-N,24526-64-5,DrugCentral,FDA_Approved.csv (current) + structures.smiles.tsv (2021_09_01),2026-07-29
2265,prilocaine,CCCNC(C)C(=O)NC1=C(C)C=CC=C1,MVFGUOIZUNYYSO-UHFFFAOYSA-N,721-50-6,DrugCentral,FDA_Approved.csv (current) + structures.smiles.tsv (2021_09_01),2026-07-29
2390,ritodrine,C[C@@H](NCCC1=CC=C(O)C=C1)[C@@H](O)C1=CC=C(O)C=C1,IOVGROKTTNBUGK-SJKOYZFVSA-N,26652-09-5,DrugCentral,FDA_Approved.csv (current) + structures.smiles.tsv (2021_09_01),2026-07-29
2831,retinol,C\C(=C/CO)\C=C\C=C(/C)\C=C\C1=C(C)CCCC1(C)C,FPIPGXGPPPQFEQ-OVSJKPMPSA-N,68-26-8,DrugCentral,FDA_Approved.csv (current) + structures.smiles.tsv (2021_09_01),2026-07-29
3179,ensulizole,OS(=O)(=O)C1=CC2=C(NC(=N2)C2=CC=CC=C2)C=C1,UVCJGUGAGLDPAA-UHFFFAOYSA-N,27503-81-7,DrugCentral,FDA_Approved.csv (current) + structures.smiles.tsv (2021_09_01),2026-07-29
577,cerivastatin,COCC1=C(C2=CC=C(F)C=C2)C(\C=C\[C@@H](O)C[C@@H](O)CC(O)=O)=C(N=C1C(C)C)C(C)C,SEERZIQQUAZTOL-ANMDKAQQSA-N,145599-86-6,DrugCentral,FDA_Approved.csv (current) + structures.smiles.tsv (2021_09_01),2026-07-29
82,acrivastine,CC1=CC=C(C=C1)C(=C/CN1CCCC1)\C1=CC=CC(\C=C\C(O)=O)=N1,PWACSDKDOHSSQD-IUTFFREVSA-N,87848-99-5,DrugCentral,FDA_Approved.csv (current) + structures.smiles.tsv (2021_09_01),2026-07-29
249,astemizole,COC1=CC=C(CCN2CCC(CC2)NC2=NC3=C(C=CC=C3)N2CC2=CC=C(F)C=C2)C=C1,GXDALQBWZGODGZ-UHFFFAOYSA-N,68844-77-9,DrugCentral,FDA_Approved.csv (current) + structures.smiles.tsv (2021_09_01),2026-07-29
999,emedastine,CCOCCN1C(=NC2=C1C=CC=C2)N1CCCN(C)CC1,KBUZBQVCBVDWKX-UHFFFAOYSA-N,87233-61-2,DrugCentral,FDA_Approved.csv (current) + structures.smiles.tsv (2021_09_01),2026-07-29
1648,mecillinam,CC1(C)S[C@@H]2[C@H](\N=C\N3CCCCCC3)C(=O)N2[C@H]1C(O)=O,BWWVAEOLVKTZFQ-ISVUSNJMSA-N,32887-01-7,DrugCentral,FDA_Approved.csv (current) + structures.smiles.tsv (2021_09_01),2026-07-29
4914,dasabuvir,COC1=C(C=C(C=C1C(C)(C)C)N1C=CC(=O)NC1=O)C1=CC=C2C=C(NS(C)(=O)=O)C=CC2=C1,NBRBXGKOEOGLOI-UHFFFAOYSA-N,1132935-63-7,DrugCentral,FDA_Approved.csv (current) + structures.smiles.tsv (2021_09_01),2026-07-29
1451,iocetamic acid,CC(CN(C(C)=O)C1=C(I)C(N)=C(I)C=C1I)C(O)=O,GSVQIUGOUKJHRC-UHFFFAOYSA-N,16034-77-8,DrugCentral,FDA_Approved.csv (current) + structures.smiles.tsv (2021_09_01),2026-07-29
3966,iodoxamic acid,OC(=O)C1=C(I)C=C(I)C(NC(=O)CCOCCOCCOCCOCCC(=O)NC2=C(I)C(C(O)=O)=C(I)C=C2I)=C1I,WWVAPFRKZMUPHZ-UHFFFAOYSA-N,51764-33-1,DrugCentral,FDA_Approved.csv (current) + structures.smiles.tsv (2021_09_01),2026-07-29
247,artesunate,C[C@@H]1CC[C@H]2[C@@H](C)[C@H](OC(=O)CCC(O)=O)O[C@@H]3O[C@@]4(C)CC[C@@H]1[C@@]23OO4,FIHJKUPKCHIPAT-AHIGJZGOSA-N,88495-63-0,DrugCentral,FDA_Approved.csv (current) + structures.smiles.tsv (2021_09_01),2026-07-29
2060,paramethasone acetate,C[C@@H]1C[C@H]2[C@@H]3C[C@H](F)C4=CC(=O)C=C[C@]4(C)[C@H]3[C@@H](O)C[C@]2(C)[C@@]1(O)C(=O)COC(C)=O,HYRKAAMZBDSJFJ-LFDBJOOHSA-N,1597-82-6,DrugCentral,FDA_Approved.csv (current) + structures.smiles.tsv (2021_09_01),2026-07-29
2799,valdecoxib,CC1=C(C(=NO1)C1=CC=CC=C1)C1=CC=C(C=C1)S(N)(=O)=O,LNPDTQAFDNKSHK-UHFFFAOYSA-N,181695-72-7,DrugCentral,FDA_Approved.csv (current) + structures.smiles.tsv (2021_09_01),2026-07-29
2533,aldesulfone,OS(=O)CNC1=CC=C(C=C1)S(=O)(=O)C1=CC=C(NCS(O)=O)C=C1,NEDPPCHNEOMTJV-UHFFFAOYSA-N,144-75-2,DrugCentral,FDA_Approved.csv (current) + structures.smiles.tsv (2021_09_01),2026-07-29
4183,indacaterol,CCC1=C(CC)C=C2CC(CC2=C1)NC[C@H](O)C1=CC=C(O)C2=C1C=CC(=O)N2,QZZUEBNBZAPZLX-QFIPXVFZSA-N,312753-06-3,DrugCentral,FDA_Approved.csv (current) + structures.smiles.tsv (2021_09_01),2026-07-29
384,bitolterol,CC1=CC=C(C=C1)C(=O)OC1=C(OC(=O)C2=CC=C(C)C=C2)C=C(C=C1)C(O)CNC(C)(C)C,FZGVEKPRDOIXJY-UHFFFAOYSA-N,30392-40-6,DrugCentral,FDA_Approved.csv (current) + structures.smiles.tsv (2021_09_01),2026-07-29
2666,tiludronic acid,OP(O)(=O)C(SC1=CC=C(Cl)C=C1)P(O)(O)=O,DKJJVAGXPKPDRL-UHFFFAOYSA-N,89987-06-4,DrugCentral,FDA_Approved.csv (current) + structures.smiles.tsv (2021_09_01),2026-07-29
1098,etidronic acid,CC(O)(P(O)(O)=O)P(O)(O)=O,DBVJJBKOTRCVKF-UHFFFAOYSA-N,2809-21-4,DrugCentral,FDA_Approved.csv (current) + structures.smiles.tsv (2021_09_01),2026-07-29
2686,tocainide,CC(N)C(=O)NC1=C(C)C=CC=C1C,BUJAGSGYPOAWEI-UHFFFAOYSA-N,41708-72-9,DrugCentral,FDA_Approved.csv (current) + structures.smiles.tsv (2021_09_01),2026-07-29
4072,ascorbic acid,OC[C@H](O)[C@H]1OC(=O)C(O)=C1O,CIWBSHSKHKDKBQ-JLAZNSOCSA-N,50-81-7,DrugCentral,FDA_Approved.csv (current) + structures.smiles.tsv (2021_09_01),2026-07-29
4024,propylene glycol,CC(O)CO,DNIAPMSPPWPWGF-UHFFFAOYSA-N,57-55-6,DrugCentral,FDA_Approved.csv (current) + structures.smiles.tsv (2021_09_01),2026-07-29
912,dinoprost,CCCCC[C@H](O)\C=C\[C@H]1[C@H](O)C[C@H](O)[C@@H]1C\C=C/CCCC(O)=O,PXGPLTODNUVGFL-YNNPMVKQSA-N,551-11-1,DrugCentral,FDA_Approved.csv (current) + structures.smiles.tsv (2021_09_01),2026-07-29
2199,pirbuterol,CC(C)(C)NCC(O)C1=CC=C(O)C(CO)=N1,VQDBNKDJNJQRDG-UHFFFAOYSA-N,38677-81-5,DrugCentral,FDA_Approved.csv (current) + structures.smiles.tsv (2021_09_01),2026-07-29
1754,methoxyflurane,COC(F)(F)C(Cl)Cl,RFKMCNOHBTXSMU-UHFFFAOYSA-N,76-38-0,DrugCentral,FDA_Approved.csv (current) + structures.smiles.tsv (2021_09_01),2026-07-29
3429,perflexane,FC(F)(F)C(F)(F)C(F)(F)C(F)(F)C(F)(F)C(F)(F)F,ZJIJAJXFLBMLCK-UHFFFAOYSA-N,355-42-0,DrugCentral,FDA_Approved.csv (current) + structures.smiles.tsv (2021_09_01),2026-07-29
4875,daclatasvir,COC(=O)N[C@@H](C(C)C)C(=O)N1CCC[C@H]1C1=NC=C(N1)C1=CC=C(C=C1)C1=CC=C(C=C1)C1=CN=C(N1)[C@@H]1CCCN1C(=O)[C@@H](NC(=O)OC)C(C)C,FKRSSPOQAMALKA-CUPIEXAXSA-N,1009119-64-5,DrugCentral,FDA_Approved.csv (current) + structures.smiles.tsv (2021_09_01),2026-07-29
2521,sulfanilamide,NC1=CC=C(C=C1)S(N)(=O)=O,FDDDEECHVMSUSB-UHFFFAOYSA-N,63-74-1,DrugCentral,FDA_Approved.csv (current) + structures.smiles.tsv (2021_09_01),2026-07-29
439,secbutabarbital,CCC(C)C1(CC)C(=O)NC(=O)NC1=O,ZRIHAIZYIMGOAB-UHFFFAOYSA-N,125-40-6,DrugCentral,FDA_Approved.csv (current) + structures.smiles.tsv (2021_09_01),2026-07-29
2140,phentermine,CC(C)(N)CC1=CC=CC=C1,DHHVAGZRUROJKS-UHFFFAOYSA-N,122-09-8,DrugCentral,FDA_Approved.csv (current) + structures.smiles.tsv (2021_09_01),2026-07-29
359,betanidine,CNC(NC)=NCC1=CC=CC=C1,NIVZHWNOUVJHKV-UHFFFAOYSA-N,55-73-2,DrugCentral,FDA_Approved.csv (current) + structures.smiles.tsv (2021_09_01),2026-07-29
4920,finafloxacin,OC(=O)C1=CN(C2CC2)C2=C(C=C(F)C(N3C[C@@H]4NCCO[C@H]4C3)=C2C#N)C1=O,FYMHQCNFKNMJAV-HOTGVXAUSA-N,209342-40-5,DrugCentral,FDA_Approved.csv (current) + structures.smiles.tsv (2021_09_01),2026-07-29
256,atomoxetine,CNCC[C@@H](OC1=C(C)C=CC=C1)C1=CC=CC=C1,VHGCDTVCOLNTBX-QGZVFWFLSA-N,83015-26-3,DrugCentral,FDA_Approved.csv (current) + structures.smiles.tsv (2021_09_01),2026-07-29
2183,pipecuronium,CC(=O)O[C@H]1[C@H](C[C@H]2[C@@H]3CC[C@H]4C[C@H](OC(C)=O)[C@H](C[C@]4(C)[C@H]3CC[C@]12C)N1CC[N+](C)(C)CC1)N1CC[N+](C)(C)CC1,OWWLUIWOFHMHOQ-XGHATYIMSA-N,68399-58-6,DrugCentral,FDA_Approved.csv (current) + structures.smiles.tsv (2021_09_01),2026-07-29
3952,guanabenz,NC(=N)N\N=C\C1=C(Cl)C=CC=C1Cl,WDZVGELJXXEGPV-YIXHJXPBSA-N,5051-62-7,DrugCentral,FDA_Approved.csv (current) + structures.smiles.tsv (2021_09_01),2026-07-29
1417,idoxuridine,OC[C@H]1O[C@H](C[C@@H]1O)N1C=C(I)C(=O)NC1=O,XQFRJNBWHJMXHO-RRKCRQDMSA-N,54-42-2,DrugCentral,FDA_Approved.csv (current) + structures.smiles.tsv (2021_09_01),2026-07-29
1901,nesiritide,CC[C@H](C)[C@@H]1NC(=O)[C@H](CCCNC(N)=N)NC(=O)[C@H](CC(O)=O)NC(=O)[C@H](CCSC)NC(=O)[C@H](CCCCN)NC(=O)[C@H](CCCNC(N)=N)NC(=O)CNC(=O)[C@H](CC2=CC=CC=C2)NC(=O)[C@H](CSSC[C@H](NC(=O)CNC(=O)[C@H](CC(C)C)NC(=O)CNC(=O)[C@H](CO)NC(=O)[C@H](CO)NC(=O)[C@H](CO)NC(=O)[C@H](CO)NC1=O)C(=O)N[C@@H](CCCCN)C(=O)N[C@@H](C(C)C)C(=O)N[C@@H](CC(C)C)C(=O)N[C@@H](CCCNC(N)=N)C(=O)N[C@@H](CCCNC(N)=N)C(=O)N[C@@H](CC1=CNC=N1)C(O)=O)NC(=O)CNC(=O)[C@H](CO)NC(=O)CNC(=O)[C@H](CCC(N)=O)NC(=O)[C@@H](NC(=O)[C@H](CCSC)NC(=O)[C@H](CCCCN)NC(=O)[C@@H]1CCCN1C(=O)[C@@H](N)CO)C(C)C,HPNRHPKXQZSDFX-OAQDCNSJSA-N,124584-08-3,DrugCentral,FDA_Approved.csv (current) + structures.smiles.tsv (2021_09_01),2026-07-29
4913,paritaprevir,CC1=NC=C(N=C1)C(=O)N[C@H]1CCCCC\C=C/[C@@H]2C[C@]2(NC(=O)[C@@H]2C[C@H](CN2C1=O)OC1=NC2=CC=CC=C2C2=CC=CC=C12)C(=O)NS(=O)(=O)C1CC1,UAUIUKWPKRJZJV-QPLHLKROSA-N,1216941-48-8,DrugCentral,FDA_Approved.csv (current) + structures.smiles.tsv (2021_09_01),2026-07-29
4922,ceftolozane,CN1C(N)=C(NC(=O)NCCN)C=[N+]1CC1=C(N2[C@H](SC1)[C@H](NC(=O)C(=N/OC(C)(C)C(O)=O)\C1=NSC(N)=N1)C2=O)C(O)=O,JHFNIHVVXRKLEF-DCZLAGFPSA-O,689293-68-3,DrugCentral,FDA_Approved.csv (current) + structures.smiles.tsv (2021_09_01),2026-07-29
5252,neratinib,CCOC1=CC2=NC=C(C#N)C(NC3=CC=C(OCC4=CC=CC=N4)C(Cl)=C3)=C2C=C1NC(=O)\C=C\CN(C)C,JWNPDZNEKVCWMY-VQHVLOKHSA-N,698387-09-6,DrugCentral,FDA_Approved.csv (current) + structures.smiles.tsv (2021_09_01),2026-07-29
5372,elexacaftor,C[C@@H]1CN(C2=C(C=CC(=N2)N2C=CC(OCC(C)(C)C(F)(F)F)=N2)C(=O)NS(=O)(=O)C2=CN(C)N=C2C)C(C)(C)C1,MVRHVFSOIWFBTE-INIZCTEOSA-N,2216712-66-0,DrugCentral,FDA_Approved.csv (current) + structures.smiles.tsv (2021_09_01),2026-07-29
870,dienestrol,C\C=C(\C(=C\C)\C1=CC=C(O)C=C1)/C1=CC=C(O)C=C1,NFDFQCUYFHCNBW-SCGPFSFSSA-N,84-17-3,DrugCentral,FDA_Approved.csv (current) + structures.smiles.tsv (2021_09_01),2026-07-29
2403,ropivacaine,CCCN1CCCC[C@H]1C(=O)NC1=C(C)C=CC=C1C,ZKMNUMMKYBVTFN-HNNXBMFYSA-N,84057-95-4,DrugCentral,FDA_Approved.csv (current) + structures.smiles.tsv (2021_09_01),2026-07-29
2446,sirolimus,CO[C@@H]1C[C@H](C[C@@H](C)[C@@H]2CC(=O)[C@H](C)\C=C(C)\[C@@H](O)[C@@H](OC)C(=O)[C@H](C)C[C@H](C)\C=C\C=C\C=C(C)\[C@H](C[C@@H]3CC[C@@H](C)[C@@](O)(O3)C(=O)C(=O)N3CCCC[C@H]3C(=O)O2)OC)CC[C@H]1O,QFJCIRLUMZQUOT-HPLJOQBZSA-N,53123-88-9,DrugCentral,FDA_Approved.csv (current) + structures.smiles.tsv (2021_09_01),2026-07-29
1977,nystatin,C[C@H]1O[C@@H](O[C@@H]2C[C@@H]3O[C@@](O)(C[C@H](O)[C@H]3C(O)=O)C[C@@H](O)[C@H](O)CC[C@@H](O)C[C@@H](O)C[C@@H](O)CC(=O)O[C@@H](C)[C@H](C)[C@H](O)[C@@H](C)\C=C\C=C\CC\C=C\C=C\C=C\C=C\2)[C@@H](O)[C@@H](N)[C@@H]1O,VQOXZBDYSJBXMA-NQTDYLQESA-N,1400-61-9,DrugCentral,FDA_Approved.csv (current) + structures.smiles.tsv (2021_09_01),2026-07-29
572,cefaloglycin,CC(=O)OCC1=C(N2[C@H](SC1)[C@H](NC(=O)[C@H](N)C1=CC=CC=C1)C2=O)C(O)=O,FUBBGQLTSCSAON-PBFPGSCMSA-N,3577-01-3,DrugCentral,FDA_Approved.csv (current) + structures.smiles.tsv (2021_09_01),2026-07-29
4424,candicidin,CC(CC(C)C1OC(=O)CC(=O)CCCC(=O)CC(O)CC(O)CC(O)CC2(O)CC(O)C(C(CC(O[C@@H]3O[C@H](C)[C@@H](O)[C@@H](N)[C@@H]3O)\C=C\C=C\C=C\C=C\C=C\C=C\C=C\C1C)O2)C(O)=O)C(O)CC(=O)C1=CC=C(N)C=C1,YKSVGLFNJPQDJE-YDMQLZBCSA-N,1403-17-4,DrugCentral,FDA_Approved.csv (current) + structures.smiles.tsv (2021_09_01),2026-07-29
1644,mebutamate,CCC(C)C(C)(COC(N)=O)COC(N)=O,LEROTMJVBFSIMP-UHFFFAOYSA-N,64-55-1,DrugCentral,FDA_Approved.csv (current) + structures.smiles.tsv (2021_09_01),2026-07-29
871,dienogest,C[C@]12CCC3=C4CCC(=O)C=C4CC[C@H]3[C@@H]1CC[C@@]2(O)CC#N,AZFLJNIPTRTECV-FUMNGEBKSA-N,65928-58-7,DrugCentral,FDA_Approved.csv (current) + structures.smiles.tsv (2021_09_01),2026-07-29
1906,nicotinamide,NC(=O)C1=CN=CC=C1,DFPAKSUCGFBDDF-UHFFFAOYSA-N,98-92-0,DrugCentral,FDA_Approved.csv (current) + structures.smiles.tsv (2021_09_01),2026-07-29
2592,tenofovir,C[C@H](CN1C=NC2=C(N)N=CN=C12)OCP(O)(O)=O,SGOIRFVFHAKUTI-ZCFIWIBFSA-N,147127-20-6,DrugCentral,FDA_Approved.csv (current) + structures.smiles.tsv (2021_09_01),2026-07-29
2271,procaine,CCN(CC)CCOC(=O)C1=CC=C(N)C=C1,MFDFERRIHVXMIY-UHFFFAOYSA-N,59-46-1,DrugCentral,FDA_Approved.csv (current) + structures.smiles.tsv (2021_09_01),2026-07-29
822,desoxycorticosterone pivalate,CC(C)(C)C(=O)OCC(=O)[C@H]1CC[C@H]2[C@@H]3CCC4=CC(=O)CC[C@]4(C)[C@H]3CC[C@]12C,VVOIQBFMTVCINR-WWMZEODYSA-N,808-48-0,DrugCentral,FDA_Approved.csv (current) + structures.smiles.tsv (2021_09_01),2026-07-29
5193,hydrocortisone phosphate,C[C@]12C[C@H](O)[C@H]3[C@@H](CCC4=CC(=O)CC[C@]34C)[C@@H]1CC[C@]2(O)C(=O)COP(O)(O)=O,BGSOJVFOEQLVMH-VWUMJDOOSA-N,3863-59-0,DrugCentral,FDA_Approved.csv (current) + structures.smiles.tsv (2021_09_01),2026-07-29
4267,arbutin,OC[C@H]1O[C@@H](OC2=CC=C(O)C=C2)[C@H](O)[C@@H](O)[C@@H]1O,BJRNKVDFDLYUGJ-RMPHRYRLSA-N,497-76-7,DrugCentral,FDA_Approved.csv (current) + structures.smiles.tsv (2021_09_01),2026-07-29
2803,valproic acid,CCCC(CCC)C(O)=O,NIJJYAXOARWZEE-UHFFFAOYSA-N,99-66-1,DrugCentral,FDA_Approved.csv (current) + structures.smiles.tsv (2021_09_01),2026-07-29
2464,sotalol,CC(C)NCC(O)C1=CC=C(NS(C)(=O)=O)C=C1,ZBMZVLHSJCTVON-UHFFFAOYSA-N,3930-20-9,DrugCentral,FDA_Approved.csv (current) + structures.smiles.tsv (2021_09_01),2026-07-29
2868,zoledronic acid,OC(CN1C=CN=C1)(P(O)(O)=O)P(O)(O)=O,XRASPMIURGNCCH-UHFFFAOYSA-N,118072-93-8,DrugCentral,FDA_Approved.csv (current) + structures.smiles.tsv (2021_09_01),2026-07-29
1048,erythromycin,CC[C@H]1OC(=O)[C@H](C)[C@@H](O[C@H]2C[C@@](C)(OC)[C@@H](O)[C@H](C)O2)[C@H](C)[C@@H](O[C@@H]2O[C@H](C)C[C@@H]([C@H]2O)N(C)C)[C@](C)(O)C[C@@H](C)C(=O)[C@H](C)[C@@H](O)[C@]1(C)O,ULGZDMOVFRHVEP-RWJQBGPGSA-N,114-07-8,DrugCentral,FDA_Approved.csv (current) + structures.smiles.tsv (2021_09_01),2026-07-29
1109,etomidate,CCOC(=O)C1=CN=CN1[C@H](C)C1=CC=CC=C1,NPUKDXXFDDZOKR-LLVKDONJSA-N,33125-97-2,DrugCentral,FDA_Approved.csv (current) + structures.smiles.tsv (2021_09_01),2026-07-29
1285,gemfibrozil,CC1=CC(OCCCC(C)(C)C(O)=O)=C(C)C=C1,HEMJJKBWTPKOJG-UHFFFAOYSA-N,25812-30-0,DrugCentral,FDA_Approved.csv (current) + structures.smiles.tsv (2021_09_01),2026-07-29
830,dexbrompheniramine,CN(C)CC[C@@H](C1=CC=C(Br)C=C1)C1=CC=CC=N1,ZDIGNSYAACHWNL-HNNXBMFYSA-N,132-21-8,DrugCentral,FDA_Approved.csv (current) + structures.smiles.tsv (2021_09_01),2026-07-29
1563,levetiracetam,CC[C@H](N1CCCC1=O)C(N)=O,HPHUVLMMVZITSG-LURJTMIESA-N,102767-28-2,DrugCentral,FDA_Approved.csv (current) + structures.smiles.tsv (2021_09_01),2026-07-29
1865,nadolol,CC(C)(C)NCC(O)COC1=CC=CC2=C1CC(O)C(O)C2,VWPOSFSPZNDTMJ-UHFFFAOYSA-N,42200-33-9,DrugCentral,FDA_Approved.csv (current) + structures.smiles.tsv (2021_09_01),2026-07-29
87,adapalene,COC1=CC=C(C=C1C12CC3CC(CC(C3)C1)C2)C1=CC=C2C=C(C=CC2=C1)C(O)=O,LZCDAPDGXCYOEH-UHFFFAOYSA-N,106685-40-9,DrugCentral,FDA_Approved.csv (current) + structures.smiles.tsv (2021_09_01),2026-07-29
4291,cupric oxide,O=[Cu],QPLDLSVMHZLSFG-UHFFFAOYSA-N,1317-38-0,DrugCentral,FDA_Approved.csv (current) + structures.smiles.tsv (2021_09_01),2026-07-29
358,bethanechol,CC(C[N+](C)(C)C)OC(N)=O,NZUPCNDJBJXXRF-UHFFFAOYSA-O,674-38-4,DrugCentral,FDA_Approved.csv (current) + structures.smiles.tsv (2021_09_01),2026-07-29
1725,metformin,CN(C)C(=N)NC(N)=N,XZWYZXLIPXDOLR-UHFFFAOYSA-N,657-24-9,DrugCentral,FDA_Approved.csv (current) + structures.smiles.tsv (2021_09_01),2026-07-29
1790,metronidazole,CC1=NC=C(N1CCO)[N+]([O-])=O,VAOCPAMSLUNLGC-UHFFFAOYSA-N,443-48-1,DrugCentral,FDA_Approved.csv (current) + structures.smiles.tsv (2021_09_01),2026-07-29
1794,mexiletine,CC(N)COC1=C(C)C=CC=C1C,VLPIATFUUWWMKC-UHFFFAOYSA-N,31828-71-4,DrugCentral,FDA_Approved.csv (current) + structures.smiles.tsv (2021_09_01),2026-07-29
112,alendronic acid,NCCCC(O)(P(O)(O)=O)P(O)(O)=O,OGSPWJRAVKPPFI-UHFFFAOYSA-N,66376-36-1,DrugCentral,FDA_Approved.csv (current) + structures.smiles.tsv (2021_09_01),2026-07-29
25,azacitidine,NC1=NC(=O)N(C=N1)[C@@H]1O[C@H](CO)[C@@H](O)[C@H]1O,NMUSYJAQQFHJEW-KVTDHHQDSA-N,320-67-2,DrugCentral,FDA_Approved.csv (current) + structures.smiles.tsv (2021_09_01),2026-07-29
26,fluorouracil,FC1=CNC(=O)NC1=O,GHASVSINZRGABV-UHFFFAOYSA-N,51-21-8,DrugCentral,FDA_Approved.csv (current) + structures.smiles.tsv (2021_09_01),2026-07-29
66,acetylcysteine,CC(=O)N[C@@H](CS)C(O)=O,PWKSKIMOESPYIA-BYPYZUCNSA-N,616-91-1,DrugCentral,FDA_Approved.csv (current) + structures.smiles.tsv (2021_09_01),2026-07-29
156,amifostine,NCCCNCCSP(O)(O)=O,JKOQGQFVAUAYPM-UHFFFAOYSA-N,20537-88-6,DrugCentral,FDA_Approved.csv (current) + structures.smiles.tsv (2021_09_01),2026-07-29
197,amphotericin B,C[C@H]1O[C@@H](O[C@@H]2C[C@@H]3O[C@@](O)(C[C@H](O)[C@H]3C(O)=O)C[C@@H](O)C[C@@H](O)[C@H](O)CC[C@@H](O)C[C@@H](O)CC(=O)O[C@@H](C)[C@H](C)[C@H](O)[C@@H](C)\C=C\C=C\C=C\C=C\C=C\C=C\C=C\2)[C@@H](O)[C@@H](N)[C@@H]1O,APKFDSVGJQXUKY-INPOYWNPSA-N,1397-89-3,DrugCentral,FDA_Approved.csv (current) + structures.smiles.tsv (2021_09_01),2026-07-29
184,amobarbital,CCC1(CCC(C)C)C(=O)NC(=O)NC1=O,VIROVYVQCGLCII-UHFFFAOYSA-N,57-43-2,DrugCentral,FDA_Approved.csv (current) + structures.smiles.tsv (2021_09_01),2026-07-29
245,artemether,CO[C@H]1O[C@@H]2O[C@@]3(C)CC[C@H]4[C@H](C)CC[C@@H]([C@H]1C)[C@@]24OO3,SXYIRMFQILZOAM-HVNFFKDJSA-N,71963-77-4,DrugCentral,FDA_Approved.csv (current) + structures.smiles.tsv (2021_09_01),2026-07-29
322,benznidazole,[O-][N+](=O)C1=NC=CN1CC(=O)NCC1=CC=CC=C1,CULUWZNBISUWAS-UHFFFAOYSA-N,22994-85-0,DrugCentral,FDA_Approved.csv (current) + structures.smiles.tsv (2021_09_01),2026-07-29
345,betacarotene,C\C(\C=C\C=C(/C)\C=C\C1=C(C)CCCC1(C)C)=C/C=C/C=C(\C)/C=C/C=C(\C)/C=C/C1=C(C)CCCC1(C)C,OENHQHLEOONYIE-JLTXGRSLSA-N,7235-40-7,DrugCentral,FDA_Approved.csv (current) + structures.smiles.tsv (2021_09_01),2026-07-29
373,biotin,OC(=O)CCCC[C@@H]1SC[C@@H]2NC(=O)N[C@H]12,YBJHBAHKTGYVGT-ZKWXMUAHSA-N,58-85-5,DrugCentral,FDA_Approved.csv (current) + structures.smiles.tsv (2021_09_01),2026-07-29
438,busulfan,CS(=O)(=O)OCCCCOS(C)(=O)=O,COVZYZSDYWQREU-UHFFFAOYSA-N,55-98-1,DrugCentral,FDA_Approved.csv (current) + structures.smiles.tsv (2021_09_01),2026-07-29
470,camphor,CC1(C)C2CCC1(C)C(=O)C2,DSSYKIVIOFKYAU-UHFFFAOYSA-N,76-22-2,DrugCentral,FDA_Approved.csv (current) + structures.smiles.tsv (2021_09_01),2026-07-29
509,carisoprodol,CCCC(C)(COC(N)=O)COC(=O)NC(C)C,OFZCIYFFPZCNJE-UHFFFAOYSA-N,78-44-4,DrugCentral,FDA_Approved.csv (current) + structures.smiles.tsv (2021_09_01),2026-07-29
513,levocarnitine,C[N+](C)(C)C[C@H](O)CC([O-])=O,PHIQHXFUZVPYII-ZCFIWIBFSA-N,541-15-1,DrugCentral,FDA_Approved.csv (current) + structures.smiles.tsv (2021_09_01),2026-07-29
535,cefepime,CO\N=C(/C(=O)N[C@H]1[C@H]2SCC(C[N+]3(C)CCCC3)=C(N2C1=O)C([O-])=O)C1=CSC(N)=N1,HVFLCNVBZFFHBT-ZKDACBOMSA-N,88040-23-7,DrugCentral,FDA_Approved.csv (current) + structures.smiles.tsv (2021_09_01),2026-07-29
555,cefpodoxime proxetil,COCC1=C(N2[C@H](SC1)[C@H](NC(=O)C(=N/OC)\C1=CSC(N)=N1)C2=O)C(=O)OC(C)OC(=O)OC(C)C,LTINZAODLRIQIX-FBXRGJNPSA-N,87239-81-4,DrugCentral,FDA_Approved.csv (current) + structures.smiles.tsv (2021_09_01),2026-07-29
556,cefprozil,C\C=C\C1=C(N2[C@H](SC1)[C@H](NC(=O)[C@H](N)C1=CC=C(O)C=C1)C2=O)C(O)=O,WDLWHQDACQUCJR-ZAMMOSSLSA-N,92665-29-7,DrugCentral,FDA_Approved.csv (current) + structures.smiles.tsv (2021_09_01),2026-07-29
585,clofedanol,CN(C)CCC(O)(C1=CC=CC=C1)C1=C(Cl)C=CC=C1,WRCHFMBCVFFYEQ-UHFFFAOYSA-N,791-35-5,DrugCentral,FDA_Approved.csv (current) + structures.smiles.tsv (2021_09_01),2026-07-29
614,chlorphenesin carbamate,NC(=O)OCC(O)COC1=CC=C(Cl)C=C1,SKPLBLUECSEIFO-UHFFFAOYSA-N,886-74-8,DrugCentral,FDA_Approved.csv (current) + structures.smiles.tsv (2021_09_01),2026-07-29
636,ciclopirox,CC1=CC(=O)N(O)C(=C1)C1CCCCC1,SCKYRAXSEDYPSA-UHFFFAOYSA-N,29342-05-0,DrugCentral,FDA_Approved.csv (current) + structures.smiles.tsv (2021_09_01),2026-07-29
667,cladribine,NC1=C2N=CN([C@H]3C[C@H](O)[C@@H](CO)O3)C2=NC(Cl)=N1,PTOAARAWEBMLNO-KVQBGUIXSA-N,4291-63-8,DrugCentral,FDA_Approved.csv (current) + structures.smiles.tsv (2021_09_01),2026-07-29
668,clarithromycin,CC[C@H]1OC(=O)[C@H](C)[C@@H](O[C@H]2C[C@@](C)(OC)[C@@H](O)[C@H](C)O2)[C@H](C)[C@@H](O[C@@H]2O[C@H](C)C[C@@H]([C@H]2O)N(C)C)[C@@](C)(C[C@@H](C)C(=O)[C@H](C)[C@@H](O)[C@]1(C)O)OC,AGOYDEPGAOXOCK-KCBOHYOISA-N,81103-11-9,DrugCentral,FDA_Approved.csv (current) + structures.smiles.tsv (2021_09_01),2026-07-29
679,clindamycin palmitate,CCCCCCCCCCCCCCCC(=O)O[C@@H]1[C@@H](O)[C@@H](O)[C@H](O[C@@H]1SC)[C@H](NC(=O)[C@@H]1C[C@@H](CCC)CN1C)[C@H](C)Cl,OYSKUZDIHNKWLV-PRUAPSLNSA-N,36688-78-5,DrugCentral,FDA_Approved.csv (current) + structures.smiles.tsv (2021_09_01),2026-07-29
726,colchicine,COC1=C(OC)C(OC)=C2C(CC[C@H](NC(C)=O)C3=CC(=O)C(OC)=CC=C23)=C1,IAKHMKGGTNLKSZ-INIZCTEOSA-N,64-86-8,DrugCentral,FDA_Approved.csv (current) + structures.smiles.tsv (2021_09_01),2026-07-29
741,cromoglicic acid,OC(COC1=CC=CC2=C1C(=O)C=C(O2)C(O)=O)COC1=C2C(=O)C=C(OC2=CC=C1)C(O)=O,IMZMKUWMOSJXDT-UHFFFAOYSA-N,16110-51-3,DrugCentral,FDA_Approved.csv (current) + structures.smiles.tsv (2021_09_01),2026-07-29
768,mercaptamine,NCCS,UFULAYFCSOUIOV-UHFFFAOYSA-N,60-23-1,DrugCentral,FDA_Approved.csv (current) + structures.smiles.tsv (2021_09_01),2026-07-29
769,cysteine,N[C@@H](CS)C(O)=O,XUJNEKJLAYXESH-REOHCLBHSA-N,52-90-4,DrugCentral,FDA_Approved.csv (current) + structures.smiles.tsv (2021_09_01),2026-07-29
774,dactinomycin,CC(C)[C@H]1NC(=O)[C@@H](NC(=O)C2=C3N=C4C(OC3=C(C)C=C2)=C(C)C(=O)C(N)=C4C(=O)N[C@H]2[C@@H](C)OC(=O)[C@H](C(C)C)N(C)C(=O)CN(C)C(=O)[C@@H]3CCCN3C(=O)[C@H](NC2=O)C(C)C)[C@@H](C)OC(=O)[C@H](C(C)C)N(C)C(=O)CN(C)C(=O)[C@@H]2CCCN2C1=O,RJURFGZVJUQBHK-IIXSONLDSA-N,50-76-0,DrugCentral,FDA_Approved.csv (current) + structures.smiles.tsv (2021_09_01),2026-07-29
777,dalbavancin,CN[C@@H]1C2=CC(OC3=CC([C@@H]4NC(=O)[C@@H](CC5=CC=C(OC6=C(O[C@@H]7O[C@@H]([C@@H](O)[C@H](O)[C@H]7NC(=O)CCCCCCCCC(C)C)C(O)=O)C7=CC(=C6)[C@@H](NC4=O)C(=O)N[C@@H]4C6=CC(=C(O)C=C6)C6=C(O[C@H]8O[C@H](CO)[C@@H](O)[C@H](O)[C@@H]8O)C=C(O)C=C6[C@H](NC(=O)[C@@H](NC4=O)[C@H](O)C4=CC(Cl)=C(O7)C=C4)C(=O)NCCCN(C)C)C=C5)NC1=O)=C(Cl)C(O)=C3)=C(O)C=C2,KGPGQDLTDHGEGT-SZUNQUCBSA-N,171500-79-1,DrugCentral,FDA_Approved.csv (current) + structures.smiles.tsv (2021_09_01),2026-07-29
793,deflazacort,CC(=O)OCC(=O)[C@@]12N=C(C)O[C@@H]1C[C@H]1[C@@H]3CCC4=CC(=O)C=C[C@]4(C)[C@H]3[C@@H](O)C[C@]21C,FBHSPRKOSMHSIF-GRMWVWQJSA-N,14484-47-0,DrugCentral,FDA_Approved.csv (current) + structures.smiles.tsv (2021_09_01),2026-07-29
795,prasterone,C[C@]12CC[C@H]3[C@@H](CC=C4C[C@@H](O)CC[C@]34C)[C@@H]1CCC2=O,FMGSKLZLMKYGDP-USOAJAOKSA-N,53-43-0,DrugCentral,FDA_Approved.csv (current) + structures.smiles.tsv (2021_09_01),2026-07-29
802,demeclocycline,CN(C)[C@H]1[C@@H]2C[C@@H]3[C@H](O)C4=C(Cl)C=CC(O)=C4C(=O)C3=C(O)[C@]2(O)C(=O)C(C(N)=O)=C1O,FMTDIUIBLCQGJB-SEYHBJAFSA-N,127-33-3,DrugCentral,FDA_Approved.csv (current) + structures.smiles.tsv (2021_09_01),2026-07-29
839,dexrazoxane,C[C@@H](CN1CC(=O)NC(=O)C1)N1CC(=O)NC(=O)C1,BMKDZUISNHGIBY-ZETCQYMHSA-N,24584-09-6,DrugCentral,FDA_Approved.csv (current) + structures.smiles.tsv (2021_09_01),2026-07-29
845,glucose,OC[C@H]1O[C@@H](O)[C@H](O)[C@@H](O)[C@@H]1O,WQZGKKKJIJFFOK-VFUOTHLCSA-N,492-61-5,DrugCentral,FDA_Approved.csv (current) + structures.smiles.tsv (2021_09_01),2026-07-29
935,mannitol,OC[C@@H](O)[C@@H](O)[C@H](O)[C@H](O)CO,FBPFZTCFMRRESA-KVTDHHQDSA-N,69-65-8,DrugCentral,FDA_Approved.csv (current) + structures.smiles.tsv (2021_09_01),2026-07-29
961,doxycycline,C[C@@H]1[C@H]2[C@H](O)[C@H]3[C@H](N(C)C)C(O)=C(C(N)=O)C(=O)[C@@]3(O)C(O)=C2C(=O)C2=C(O)C=CC=C12,JBIWCJUYHHGXTC-AKNGSSGZSA-N,564-25-0,DrugCentral,FDA_Approved.csv (current) + structures.smiles.tsv (2021_09_01),2026-07-29
1030,epirubicin,COC1=C2C(=O)C3=C(C(O)=C4C[C@](O)(C[C@H](O[C@H]5C[C@H](N)[C@@H](O)[C@H](C)O5)C4=C3O)C(=O)CO)C(=O)C2=CC=C1,AOJJSUZBOXZQNB-VTZDEGQISA-N,56420-45-2,DrugCentral,FDA_Approved.csv (current) + structures.smiles.tsv (2021_09_01),2026-07-29
1051,erythromycin ethyl succinate,CCOC(=O)CCC(=O)O[C@H]1[C@H](O[C@@H]2[C@@H](C)[C@H](O[C@H]3C[C@@](C)(OC)[C@@H](O)[C@H](C)O3)[C@@H](C)C(=O)O[C@H](CC)[C@@](C)(O)[C@H](O)[C@@H](C)C(=O)[C@H](C)C[C@@]2(C)O)O[C@H](C)C[C@@H]1N(C)C,NSYZCCDSJNWWJL-YXOIYICCSA-N,1264-62-6,DrugCentral,FDA_Approved.csv (current) + structures.smiles.tsv (2021_09_01),2026-07-29
1232,leucovorin,NC1=NC(=O)C2=C(NCC(CNC3=CC=C(C=C3)C(=O)N[C@@H](CCC(O)=O)C(O)=O)N2C=O)N1,VVIAGPKUTFNRDU-ABLWVSNPSA-N,58-05-9,DrugCentral,FDA_Approved.csv (current) + structures.smiles.tsv (2021_09_01),2026-07-29
1316,glycerol,OCC(O)CO,PEDCQBHIVMGVHV-UHFFFAOYSA-N,56-81-5,DrugCentral,FDA_Approved.csv (current) + structures.smiles.tsv (2021_09_01),2026-07-29
1262,aminobutyric acid,NCCCC(O)=O,BTCSSZJGUNDROE-UHFFFAOYSA-N,56-12-2,DrugCentral,FDA_Approved.csv (current) + structures.smiles.tsv (2021_09_01),2026-07-29
1310,glutamic acid,N[C@@H](CCC(O)=O)C(O)=O,WHUUTDBJXJRKMK-VKHMYHEASA-N,56-86-0,DrugCentral,FDA_Approved.csv (current) + structures.smiles.tsv (2021_09_01),2026-07-29
1311,glutamine,N[C@@H](CCC(N)=O)C(O)=O,ZDXPYRJPNDTMRX-VKHMYHEASA-N,56-85-9,DrugCentral,FDA_Approved.csv (current) + structures.smiles.tsv (2021_09_01),2026-07-29
1380,methylhomatropine,C[N+]1(C)[C@H]2CC[C@@H]1C[C@@H](C2)OC(=O)C(O)C1=CC=CC=C1,WKWOJBUWWZTUQV-SPUOUPEWSA-N,80-49-9,DrugCentral,FDA_Approved.csv (current) + structures.smiles.tsv (2021_09_01),2026-07-29
1412,ibutilide,CCCCCCCN(CC)CCCC(O)C1=CC=C(NS(C)(=O)=O)C=C1,ALOBUEHUHMBRLE-UHFFFAOYSA-N,122647-31-8,DrugCentral,FDA_Approved.csv (current) + structures.smiles.tsv (2021_09_01),2026-07-29
1464,iopamidol,C[C@H](O)C(=O)NC1=C(I)C(C(=O)NC(CO)CO)=C(I)C(C(=O)NC(CO)CO)=C1I,XQZXYNRDCRIARQ-LURJTMIESA-N,60166-93-0,DrugCentral,FDA_Approved.csv (current) + structures.smiles.tsv (2021_09_01),2026-07-29
1497,isoniazid,NNC(=O)C1=CC=NC=C1,QRXWMOHMRWLFEY-UHFFFAOYSA-N,54-85-3,DrugCentral,FDA_Approved.csv (current) + structures.smiles.tsv (2021_09_01),2026-07-29
1536,lactulose,OC[C@H]1O[C@](O)(CO)[C@@H](O)[C@H]1O[C@@H]1O[C@H](CO)[C@H](O)[C@H](O)[C@H]1O,JCQLYHFGKNRPGE-RUKGUBFJSA-N,4618-18-2,DrugCentral,FDA_Approved.csv (current) + structures.smiles.tsv (2021_09_01),2026-07-29
1550,aspartic acid,N[C@@H](CC(O)=O)C(O)=O,CKLJMWTZIZZHCS-REOHCLBHSA-N,56-84-8,DrugCentral,FDA_Approved.csv (current) + structures.smiles.tsv (2021_09_01),2026-07-29
1596,lomustine,ClCCN(N=O)C(=O)NC1CCCCC1,GQYIWUVLTXOXAJ-UHFFFAOYSA-N,13010-47-4,DrugCentral,FDA_Approved.csv (current) + structures.smiles.tsv (2021_09_01),2026-07-29
1647,mechlorethamine,CN(CCCl)CCCl,HAWPXGHAZFHHAD-UHFFFAOYSA-N,51-75-2,DrugCentral,FDA_Approved.csv (current) + structures.smiles.tsv (2021_09_01),2026-07-29
1665,mefloquine,O[C@H]([C@H]1CCCCN1)C1=CC(=NC2=C(C=CC=C12)C(F)(F)F)C(F)(F)F,XEEQGYMUWCZPDN-DOMZBBRYSA-N,53230-10-7,DrugCentral,FDA_Approved.csv (current) + structures.smiles.tsv (2021_09_01),2026-07-29
1763,methylthioninium chloride,CN(C)C1=CC2=[S+]C3=CC(=CC=C3N=C2C=C1)N(C)C,RBTBFTRPCNLSDE-UHFFFAOYSA-N,61-73-4,DrugCentral,FDA_Approved.csv (current) + structures.smiles.tsv (2021_09_01),2026-07-29
1819,mitomycin,CO[C@]12[C@H]3N[C@H]3CN1C1=C([C@H]2COC(N)=O)C(=O)C(N)=C(C)C1=O,NWIBSHFKIJFRCO-WUDYKRTCSA-N,50-07-7,DrugCentral,FDA_Approved.csv (current) + structures.smiles.tsv (2021_09_01),2026-07-29
824,dexamethasone,C[C@@H]1C[C@H]2[C@@H]3CCC4=CC(=O)C=C[C@]4(C)[C@@]3(F)[C@@H](O)C[C@]2(C)[C@@]1(O)C(=O)CO,UREBDLICKHMUKA-CXSFZGCWSA-N,50-02-2,DrugCentral,FDA_Approved.csv (current) + structures.smiles.tsv (2021_09_01),2026-07-29
1885,natamycin,C[C@H]1O[C@@H](O[C@@H]2C[C@@H]3O[C@@](O)(C[C@H](O)[C@H]3C(O)=O)C[C@@H](O)C[C@H]3O[C@@H]3\C=C\C(=O)O[C@H](C)C\C=C\C=C\C=C\C=C\2)[C@@H](O)[C@@H](N)[C@@H]1O,NCXMLFZGDNKEPB-FFPOYIOWSA-N,7681-93-8,DrugCentral,FDA_Approved.csv (current) + structures.smiles.tsv (2021_09_01),2026-07-29
1889,nedocromil,CCCC1=C2N(CC)C(=CC(=O)C2=CC2=C1OC(=CC2=O)C(O)=O)C(O)=O,RQTOOFIXOKYGAN-UHFFFAOYSA-N,69049-73-6,DrugCentral,FDA_Approved.csv (current) + structures.smiles.tsv (2021_09_01),2026-07-29
1949,nitrofurantoin,[O-][N+](=O)C1=CC=C(O1)\C=N\N1CC(=O)NC1=O,NXFQHRVNIOXGAQ-YCRREMRBSA-N,67-20-9,DrugCentral,FDA_Approved.csv (current) + structures.smiles.tsv (2021_09_01),2026-07-29
1929,nifurtimox,CC1CS(=O)(=O)CCN1\N=C\C1=CC=C(O1)[N+]([O-])=O,ARFHIAQFJWUCFH-IZZDOVSWSA-N,23256-30-6,DrugCentral,FDA_Approved.csv (current) + structures.smiles.tsv (2021_09_01),2026-07-29
2056,papaverine,COC1=C(OC)C=C(CC2=NC=CC3=CC(OC)=C(OC)C=C23)C=C1,XQYZDYMELSJDRZ-UHFFFAOYSA-N,58-74-2,DrugCentral,FDA_Approved.csv (current) + structures.smiles.tsv (2021_09_01),2026-07-29
2088,pentagastrin,CSCC[C@H](NC(=O)[C@H](CC1=CNC2=C1C=CC=C2)NC(=O)CCNC(=O)OC(C)(C)C)C(=O)N[C@@H](CC(O)=O)C(=O)N[C@@H](CC1=CC=CC=C1)C(N)=O,NEYNJQRKHLUJRU-DZUOILHNSA-N,5534-95-2,DrugCentral,FDA_Approved.csv (current) + structures.smiles.tsv (2021_09_01),2026-07-29
2090,pentamidine,NC(=N)C1=CC=C(OCCCCCOC2=CC=C(C=C2)C(N)=N)C=C1,XDRYMKDFEDOLFX-UHFFFAOYSA-N,100-33-4,DrugCentral,FDA_Approved.csv (current) + structures.smiles.tsv (2021_09_01),2026-07-29
2270,procainamide,CCN(CC)CCNC(=O)C1=CC=C(N)C=C1,REQCZEXYDRLIBE-UHFFFAOYSA-N,51-06-9,DrugCentral,FDA_Approved.csv (current) + structures.smiles.tsv (2021_09_01),2026-07-29
2272,procarbazine,CNNCC1=CC=C(C=C1)C(=O)NC(C)C,CPTBDICYNRMXFX-UHFFFAOYSA-N,671-16-9,DrugCentral,FDA_Approved.csv (current) + structures.smiles.tsv (2021_09_01),2026-07-29
2305,propylhexedrine,CNC(C)CC1CCCCC1,JCRIVQIOJSSCQD-UHFFFAOYSA-N,101-40-6,DrugCentral,FDA_Approved.csv (current) + structures.smiles.tsv (2021_09_01),2026-07-29
2349,quinupristin,CC[C@H]1NC(=O)[C@@H](NC(=O)C2=C(O)C=CC=N2)[C@@H](C)OC(=O)[C@@H](NC(=O)[C@@H]2CC(=O)[C@H](CS[C@@H]3CN4CCC3CC4)CN2C(=O)[C@H](CC2=CC=C(C=C2)N(C)C)N(C)C(=O)[C@@H]2CCCN2C1=O)C1=CC=CC=C1,WTHRRGMBUAHGNI-LMSSJXMSSA-N,120138-50-3,DrugCentral,FDA_Approved.csv (current) + structures.smiles.tsv (2021_09_01),2026-07-29
2372,retinol acetate,CC(=O)OC\C=C(/C)\C=C\C=C(/C)\C=C\C1=C(C)CCCC1(C)C,QGNJRVVDBSJHIZ-QHLGVNSISA-N,127-47-9,DrugCentral,FDA_Approved.csv (current) + structures.smiles.tsv (2021_09_01),2026-07-29
2415,salicylamide,NC(=O)C1=CC=CC=C1O,SKZKKFZAGNVIMN-UHFFFAOYSA-N,65-45-2,DrugCentral,FDA_Approved.csv (current) + structures.smiles.tsv (2021_09_01),2026-07-29
2481,streptomycin,CN[C@H]1[C@H](O)[C@@H](O)[C@H](CO)O[C@H]1O[C@H]1[C@H](O[C@H]2[C@H](O)[C@@H](O)[C@H](NC(N)=N)[C@@H](O)[C@@H]2NC(N)=N)O[C@@H](C)[C@]1(O)C=O,UCSJYZPVAKXKNQ-HZYVHMACSA-N,57-92-1,DrugCentral,FDA_Approved.csv (current) + structures.smiles.tsv (2021_09_01),2026-07-29
2566,tartaric acid,O[C@H]([C@@H](O)C(O)=O)C(O)=O,FEWJPZIEWOKRBE-JCYAYHJZSA-N,87-69-4,DrugCentral,FDA_Approved.csv (current) + structures.smiles.tsv (2021_09_01),2026-07-29
2562,tamsulosin,CCOC1=C(OCCN[C@H](C)CC2=CC(=C(OC)C=C2)S(N)(=O)=O)C=CC=C1,DRHKJLXJIQTDTD-OAHLLOKOSA-N,106133-20-4,DrugCentral,FDA_Approved.csv (current) + structures.smiles.tsv (2021_09_01),2026-07-29
2611,tetracycline,CN(C)[C@H]1[C@@H]2C[C@H]3C(=C(O)[C@]2(O)C(=O)C(C(N)=O)=C1O)C(=O)C1=C(C=CC=C1O)[C@@]3(C)O,OFVLGDICTFRJMM-WESIUVDSSA-N,60-54-8,DrugCentral,FDA_Approved.csv (current) + structures.smiles.tsv (2021_09_01),2026-07-29
2589,temozolomide,CN1N=NC2=C(N=CN2C1=O)C(N)=O,BPEGJWRSRHCHSN-UHFFFAOYSA-N,85622-93-1,DrugCentral,FDA_Approved.csv (current) + structures.smiles.tsv (2021_09_01),2026-07-29
2638,thiotepa,S=P(N1CC1)(N1CC1)N1CC1,FOCVUCIESVLUNU-UHFFFAOYSA-N,52-24-4,DrugCentral,FDA_Approved.csv (current) + structures.smiles.tsv (2021_09_01),2026-07-29
2661,tigecycline,CN(C)[C@H]1[C@@H]2C[C@@H]3CC4=C(C=C(NC(=O)CNC(C)(C)C)C(O)=C4C(=O)C3=C(O)[C@]2(O)C(=O)C(C(N)=O)=C1O)N(C)C,FPZLLRFZJZRHSY-HJYUBDRYSA-N,220620-09-7,DrugCentral,FDA_Approved.csv (current) + structures.smiles.tsv (2021_09_01),2026-07-29
2690,tocopherol succinate,CC(C)CCC[C@@H](C)CCC[C@@H](C)CCC[C@]1(C)CCC2=C(C)C(OC(=O)CCC(O)=O)=C(C)C(C)=C2O1,IELOKBJPULMYRW-NJQVLOCASA-N,4345-03-3,DrugCentral,FDA_Approved.csv (current) + structures.smiles.tsv (2021_09_01),2026-07-29
2738,trientine,NCCNCCNCCN,VILCJCGEZXAXTO-UHFFFAOYSA-N,112-24-3,DrugCentral,FDA_Approved.csv (current) + structures.smiles.tsv (2021_09_01),2026-07-29
2743,trifluridine,OC[C@H]1O[C@H](C[C@@H]1O)N1C=C(C(=O)NC1=O)C(F)(F)F,VSQQQLOSPVPRAZ-RRKCRQDMSA-N,70-00-8,DrugCentral,FDA_Approved.csv (current) + structures.smiles.tsv (2021_09_01),2026-07-29
2771,trometamol,NC(CO)(CO)CO,LENZDBCJOHFCAS-UHFFFAOYSA-N,77-86-1,DrugCentral,FDA_Approved.csv (current) + structures.smiles.tsv (2021_09_01),2026-07-29
2807,vancomycin,CN[C@H](CC(C)C)C(=O)N[C@@H]1[C@H](O)C2=CC=C(OC3=C(O[C@@H]4O[C@H](CO)[C@@H](O)[C@H](O)[C@H]4O[C@H]4C[C@](C)(N)[C@H](O)[C@H](C)O4)C4=CC(=C3)[C@@H](NC(=O)[C@H](CC(N)=O)NC1=O)C(=O)N[C@@H]1C3=CC(=C(O)C=C3)C3=C(C=C(O)C=C3O)[C@H](NC(=O)[C@@H](NC1=O)[C@H](O)C1=CC=C(O4)C(Cl)=C1)C(O)=O)C(Cl)=C2,MYPYJXKWCTUITO-LYRMYLQWSA-N,1404-90-6,DrugCentral,FDA_Approved.csv (current) + structures.smiles.tsv (2021_09_01),2026-07-29
2836,pyridoxine,CC1=C(O)C(CO)=C(CO)C=N1,LXNHXLLTXMVWPM-UHFFFAOYSA-N,65-23-6,DrugCentral,FDA_Approved.csv (current) + structures.smiles.tsv (2021_09_01),2026-07-29
3031,bisoctrizole,CC(C)(C)CC(C)(C)C1=CC(CC2=C(O)C(=CC(=C2)C(C)(C)CC(C)(C)C)N2N=C3C=CC=CC3=N2)=C(O)C(=C1)N1N=C2C=CC=CC2=N1,FQUNFJULCYSSOP-UHFFFAOYSA-N,103597-45-1,DrugCentral,FDA_Approved.csv (current) + structures.smiles.tsv (2021_09_01),2026-07-29
3035,boric acid,OB(O)O,KGBXLFKZBHKPEV-UHFFFAOYSA-N,10043-35-3,DrugCentral,FDA_Approved.csv (current) + structures.smiles.tsv (2021_09_01),2026-07-29
3171,ecamsule,CC1(C)C2CCC1(CS(O)(=O)=O)C(=O)C2=CC1=CC=C(C=C2C3CCC(CS(O)(=O)=O)(C2=O)C3(C)C)C=C1,HEAHZSUCFKFERC-UHFFFAOYSA-N,92761-26-7,DrugCentral,FDA_Approved.csv (current) + structures.smiles.tsv (2021_09_01),2026-07-29
3395,octocrylene,CCCCC(CC)COC(=O)C(C#N)=C(C1=CC=CC=C1)C1=CC=CC=C1,FMJSMJQBSVNSBF-UHFFFAOYSA-N,6197-30-4,DrugCentral,FDA_Approved.csv (current) + structures.smiles.tsv (2021_09_01),2026-07-29
3301,inosine,OC[C@H]1O[C@H]([C@H](O)[C@@H]1O)N1C=NC2=C1N=CNC2=O,UGQMRVRMYYASKQ-KQYNXXCUSA-N,58-63-9,DrugCentral,FDA_Approved.csv (current) + structures.smiles.tsv (2021_09_01),2026-07-29
3332,mebrofenin,CC1=CC(C)=C(Br)C(C)=C1NC(=O)CN(CC(O)=O)CC(O)=O,MHPZZZZLAQGTHT-UHFFFAOYSA-N,78266-06-5,DrugCentral,FDA_Approved.csv (current) + structures.smiles.tsv (2021_09_01),2026-07-29
255,atenolol,CC(C)NCC(O)COC1=CC=C(CC(N)=O)C=C1,METKIMKYRPQLGS-UHFFFAOYSA-N,29122-68-7,DrugCentral,FDA_Approved.csv (current) + structures.smiles.tsv (2021_09_01),2026-07-29
3487,pramocaine,CCCCOC1=CC=C(OCCCN2CCOCC2)C=C1,DQKXQSGTHWVTAD-UHFFFAOYSA-N,140-65-8,DrugCentral,FDA_Approved.csv (current) + structures.smiles.tsv (2021_09_01),2026-07-29
259,atracurium,COC1=C(OC)C=C(CC2C3=CC(OC)=C(OC)C=C3CC[N+]2(C)CCC(=O)OCCCCCOC(=O)CC[N+]2(C)CCC3=CC(OC)=C(OC)C=C3C2CC2=CC(OC)=C(OC)C=C2)C=C1,YXSLJKQTIDHPOT-UHFFFAOYSA-N,64228-79-1,DrugCentral,FDA_Approved.csv (current) + structures.smiles.tsv (2021_09_01),2026-07-29
3544,selenomethionine,C[Se]CC[C@H](N)C(O)=O,RJFAYQIBOAGBLC-BYPYZUCNSA-N,3211-76-5,DrugCentral,FDA_Approved.csv (current) + structures.smiles.tsv (2021_09_01),2026-07-29
3572,sulisobenzone,COC1=C(C=C(C(=O)C2=CC=CC=C2)C(O)=C1)S(O)(=O)=O,CXVGEDCSTKKODG-UHFFFAOYSA-N,4065-45-6,DrugCentral,FDA_Approved.csv (current) + structures.smiles.tsv (2021_09_01),2026-07-29
3627,trichloroacetic acid,OC(=O)C(Cl)(Cl)Cl,YNJBWRMUSHSURL-UHFFFAOYSA-N,76-03-9,DrugCentral,FDA_Approved.csv (current) + structures.smiles.tsv (2021_09_01),2026-07-29
4125,proline,OC(=O)[C@@H]1CCCN1,ONIBWKKTOPOVIA-BYPYZUCNSA-N,147-85-3,DrugCentral,FDA_Approved.csv (current) + structures.smiles.tsv (2021_09_01),2026-07-29
4127,serine,N[C@@H](CO)C(O)=O,MTCFGRXMJLQNBG-REOHCLBHSA-N,56-45-1,DrugCentral,FDA_Approved.csv (current) + structures.smiles.tsv (2021_09_01),2026-07-29
4156,edaravone,CC1=NN(C(=O)C1)C1=CC=CC=C1,QELUYTUMUWHWMC-UHFFFAOYSA-N,89-25-8,DrugCentral,FDA_Approved.csv (current) + structures.smiles.tsv (2021_09_01),2026-07-29
4188,deferiprone,CN1C=CC(=O)C(O)=C1C,TZXKOCQBRNJULO-UHFFFAOYSA-N,30652-11-0,DrugCentral,FDA_Approved.csv (current) + structures.smiles.tsv (2021_09_01),2026-07-29
4195,alpha-tocopherol acetate,CC(C)CCC[C@@H](C)CCC[C@@H](C)CCC[C@]1(C)CCC2=C(C)C(OC(C)=O)=C(C)C(C)=C2O1,ZAKOWWREFLAJOT-CEFNRUSXSA-N,58-95-7,DrugCentral,FDA_Approved.csv (current) + structures.smiles.tsv (2021_09_01),2026-07-29
4224,pirfenidone,CC1=CN(C(=O)C=C1)C1=CC=CC=C1,ISWRGOKTTBVCFA-UHFFFAOYSA-N,53179-13-8,DrugCentral,FDA_Approved.csv (current) + structures.smiles.tsv (2021_09_01),2026-07-29
4274,selenium sulfide,S=[Se]=S,JNMWHTHYDQTDQZ-UHFFFAOYSA-N,7488-56-4,DrugCentral,FDA_Approved.csv (current) + structures.smiles.tsv (2021_09_01),2026-07-29
4273,stannous fluoride,F[SnH2]F,ANOBYBYXJXCGBS-UHFFFAOYSA-L,7783-47-3,DrugCentral,FDA_Approved.csv (current) + structures.smiles.tsv (2021_09_01),2026-07-29
4244,magnesium hydroxide,O[Mg]O,VTHJTEIRLNZDEV-UHFFFAOYSA-L,1309-42-8,DrugCentral,FDA_Approved.csv (current) + structures.smiles.tsv (2021_09_01),2026-07-29
4245,methyl salicylate,COC(=O)C1=CC=CC=C1O,OSWPMRLSEDHDFF-UHFFFAOYSA-N,119-36-8,DrugCentral,FDA_Approved.csv (current) + structures.smiles.tsv (2021_09_01),2026-07-29
4237,titanium dioxide,O=[Ti]=O,GWEVSGVZZGPLCZ-UHFFFAOYSA-N,13463-67-7,DrugCentral,FDA_Approved.csv (current) + structures.smiles.tsv (2021_09_01),2026-07-29
4255,alanine,C[C@H](N)C(O)=O,QNAYBMKLOCPYGJ-REOHCLBHSA-N,56-41-7,DrugCentral,FDA_Approved.csv (current) + structures.smiles.tsv (2021_09_01),2026-07-29
4262,helium,[He],SWQJXJOGLNCZEY-UHFFFAOYSA-N,7440-59-7,DrugCentral,FDA_Approved.csv (current) + structures.smiles.tsv (2021_09_01),2026-07-29
4272,hydroxyproline,O[C@H]1CN[C@@H](C1)C(O)=O,PMMYEEVYMWASQN-DMTCNVIQSA-N,51-35-4,DrugCentral,FDA_Approved.csv (current) + structures.smiles.tsv (2021_09_01),2026-07-29
4259,cineole,CC12CCC(CC1)C(C)(C)O2,WEEGYLXZBRQIMU-UHFFFAOYSA-N,470-82-6,DrugCentral,FDA_Approved.csv (current) + structures.smiles.tsv (2021_09_01),2026-07-29
4277,iron,[Fe],XEEYBQQBJWHFJM-UHFFFAOYSA-N,7439-89-6,DrugCentral,FDA_Approved.csv (current) + structures.smiles.tsv (2021_09_01),2026-07-29
4418,diethyltoluamide,CCN(CC)C(=O)C1=CC(C)=CC=C1,MMOXZBCLCQITDF-UHFFFAOYSA-N,134-62-3,DrugCentral,FDA_Approved.csv (current) + structures.smiles.tsv (2021_09_01),2026-07-29
4444,meradimate,CC(C)C1CCC(C)CC1OC(=O)C1=C(N)C=CC=C1,SOXAGEOHPCXXIO-UHFFFAOYSA-N,134-09-8,DrugCentral,FDA_Approved.csv (current) + structures.smiles.tsv (2021_09_01),2026-07-29
4460,menthyl salicylate,CC(C)[C@@H]1CC[C@@H](C)C[C@H]1OC(=O)C1=C(O)C=CC=C1,SJOXEWUZWQYCGL-DVOMOZLQSA-N,89-46-3,DrugCentral,FDA_Approved.csv (current) + structures.smiles.tsv (2021_09_01),2026-07-29
4472,AMMONIA N-13,[13NH3],QGZKDVFQNNGYKY-BJUDXGSMSA-N,34819-78-8,DrugCentral,FDA_Approved.csv (current) + structures.smiles.tsv (2021_09_01),2026-07-29
4486,taurine,NCCS(O)(=O)=O,XOAAWQZATWQOTB-UHFFFAOYSA-N,107-35-7,DrugCentral,FDA_Approved.csv (current) + structures.smiles.tsv (2021_09_01),2026-07-29
4499,hydrofluoric acid,F,KRHYYFGTRYWZRS-UHFFFAOYSA-N,7664-39-3,DrugCentral,FDA_Approved.csv (current) + structures.smiles.tsv (2021_09_01),2026-07-29
4508,racepinefrine,CNCC(O)C1=CC(O)=C(O)C=C1,UCTWMZQNUQWSLP-UHFFFAOYSA-N,329-65-7,DrugCentral,FDA_Approved.csv (current) + structures.smiles.tsv (2021_09_01),2026-07-29
4550,fluorodopa (18F),N[C@@H](CC1=C([18F])C=C(O)C(O)=C1)C(O)=O,PAXWQORCRCBOCU-RPDRGXCHSA-N,92812-82-3,DrugCentral,FDA_Approved.csv (current) + structures.smiles.tsv (2021_09_01),2026-07-29
4601,diosmetin,COC1=C(O)C=C(C=C1)C1=CC(=O)C2=C(O)C=C(O)C=C2O1,MBNGWHIJMBWFHU-UHFFFAOYSA-N,520-34-3,DrugCentral,FDA_Approved.csv (current) + structures.smiles.tsv (2021_09_01),2026-07-29
1422,iloprost,CC#CCC(C)[C@H](O)\C=C\[C@H]1[C@H](O)C[C@@H]2C\C(C[C@H]12)=C/CCCC(O)=O,HIFJCPQKFCZDDL-ACWOEMLNSA-N,78919-13-8,DrugCentral,FDA_Approved.csv (current) + structures.smiles.tsv (2021_09_01),2026-07-29
4624,phenylacetic acid,OC(=O)CC1=CC=CC=C1,WLJVXDMOQOGPHL-UHFFFAOYSA-N,103-82-2,DrugCentral,FDA_Approved.csv (current) + structures.smiles.tsv (2021_09_01),2026-07-29
4645,glycolic acid,OCC(O)=O,AEMRFAOFKBGASW-UHFFFAOYSA-N,79-14-1,DrugCentral,FDA_Approved.csv (current) + structures.smiles.tsv (2021_09_01),2026-07-29
4649,dipyrithione,[O-][N+]1=CC=CC=C1SSC1=CC=CC=[N+]1[O-],ZHDBTKPXEJDTTQ-UHFFFAOYSA-N,3696-28-4,DrugCentral,FDA_Approved.csv (current) + structures.smiles.tsv (2021_09_01),2026-07-29
4648,eugenol,COC1=CC(CC=C)=CC=C1O,RRAFCDWBNXTKKO-UHFFFAOYSA-N,97-53-0,DrugCentral,FDA_Approved.csv (current) + structures.smiles.tsv (2021_09_01),2026-07-29
4664,benzoic acid,OC(=O)C1=CC=CC=C1,WPYMKLBDIGXBTP-UHFFFAOYSA-N,65-85-0,DrugCentral,FDA_Approved.csv (current) + structures.smiles.tsv (2021_09_01),2026-07-29
4668,1-Octacosanol,CCCCCCCCCCCCCCCCCCCCCCCCCCCCO,CNNRPFQICPFDPO-UHFFFAOYSA-N,557-61-9,DrugCentral,FDA_Approved.csv (current) + structures.smiles.tsv (2021_09_01),2026-07-29
4732,thioctic acid,OC(=O)CCCCC1CCSS1,AGBQKNBQESQNJD-UHFFFAOYSA-N,1077-28-7,DrugCentral,FDA_Approved.csv (current) + structures.smiles.tsv (2021_09_01),2026-07-29
4750,cetyl alcohol,CCCCCCCCCCCCCCCCO,BXWNKGSJHAJOGX-UHFFFAOYSA-N,36653-82-4,DrugCentral,FDA_Approved.csv (current) + structures.smiles.tsv (2021_09_01),2026-07-29
4873,tedizolid phosphate,CN1N=NC(=N1)C1=CC=C(C=N1)C1=CC=C(C=C1F)N1C[C@H](COP(O)(O)=O)OC1=O,QCGUSIANLFXSGE-GFCCVEGCSA-N,856867-55-5,DrugCentral,FDA_Approved.csv (current) + structures.smiles.tsv (2021_09_01),2026-07-29
4944,tenofovir alafenamide,CC(C)OC(=O)[C@H](C)N[P@](=O)(CO[C@H](C)CN1C=NC2=C(N)N=CN=C12)OC1=CC=CC=C1,LDEKQSIMHVQZJK-CAQYMETFSA-N,379270-37-8,DrugCentral,FDA_Approved.csv (current) + structures.smiles.tsv (2021_09_01),2026-07-29
4947,isavuconazonium,CNCC(=O)OCC1=CC=CN=C1N(C)C(=O)OC(C)[N+]1=CN(C[C@@](O)([C@@H](C)C2=NC(=CS2)C2=CC=C(C=C2)C#N)C2=C(F)C=CC(F)=C2)N=C1,RSWOJTICKMKTER-QXLBVTBOSA-N,742049-41-8,DrugCentral,FDA_Approved.csv (current) + structures.smiles.tsv (2021_09_01),2026-07-29
5029,uridine triacetate,CC(=O)O[C@H]1O[C@H]([C@H](OC(C)=O)[C@@H]1OC(C)=O)N1C=CC(=O)NC1=O,BKCXTZWLBPOGRU-XQHKEYJVSA-N,4105-38-8,DrugCentral,FDA_Approved.csv (current) + structures.smiles.tsv (2021_09_01),2026-07-29
5058,ozenoxacin,CNC1=C(C)C=C(C=N1)C1=C(C)C2=C(C=C1)C(=O)C(=CN2C1CC1)C(O)=O,XPIJWUTXQAGSLK-UHFFFAOYSA-N,245765-41-7,DrugCentral,FDA_Approved.csv (current) + structures.smiles.tsv (2021_09_01),2026-07-29
5118,chromic chloride,Cl[Cr](Cl)Cl,QSWDMMVNRMROPK-UHFFFAOYSA-K,10025-73-7,DrugCentral,FDA_Approved.csv (current) + structures.smiles.tsv (2021_09_01),2026-07-29
5153,fluciclovine (18F),N[C@]1(C[C@H]([18F])C1)C(O)=O,NTEDWGYJNHZKQW-DGMDOPGDSA-N,222727-39-1,DrugCentral,FDA_Approved.csv (current) + structures.smiles.tsv (2021_09_01),2026-07-29
5195,corticorelin ovine,CC[C@H](C)[C@H](NC(=O)[C@H](CC(O)=O)NC(=O)[C@H](CC(C)C)NC(=O)[C@H](CC(C)C)NC(=O)[C@H](CCCCN)NC(=O)[C@H](CCCNC(N)=N)NC(=O)[C@H](CC(N)=O)NC(=O)[C@H](CO)NC(=O)[C@H](CC1=CNC=N1)NC(=O)[C@H](C)NC(=O)[C@H](CCC(N)=O)NC(=O)[C@H](CCC(N)=O)NC(=O)[C@H](C)NC(=O)[C@H](CC(C)C)NC(=O)[C@H](CCC(N)=O)NC(=O)[C@H](CC(O)=O)NC(=O)[C@H](C)NC(=O)[C@H](CCCCN)NC(=O)[C@@H](NC(=O)[C@H](CCSC)NC(=O)[C@H](CCC(O)=O)NC(=O)[C@H](CC(C)C)NC(=O)[C@@H](NC(=O)[C@H](CCC(O)=O)NC(=O)[C@H](CCCNC(N)=N)NC(=O)[C@H](CC(C)C)NC(=O)[C@H](CC(C)C)NC(=O)[C@H](CC1=CNC=N1)NC(=O)[C@H](CC1=CC=CC=C1)NC(=O)[C@@H](NC(=O)[C@H](CC(C)C)NC(=O)[C@H](CC(O)=O)NC(=O)[C@H](CC(C)C)NC(=O)[C@H](CO)NC(=O)[C@@H](NC(=O)[C@@H]1CCCN1C(=O)[C@@H]1CCCN1C(=O)[C@H](CCC(O)=O)NC(=O)[C@H](CCC(N)=O)NC(=O)[C@@H](N)CO)[C@@H](C)CC)[C@@H](C)O)C(C)C)[C@@H](C)O)C(=O)N[C@@H](C)C(N)=O,QEEJLLNYQOBRRM-KSHGRFHLSA-N,79804-71-0,DrugCentral,FDA_Approved.csv (current) + structures.smiles.tsv (2021_09_01),2026-07-29
5243,glecaprevir,CC(C)(C)[C@@H]1NC(=O)O[C@@H]2CCC[C@H]2OC\C=C\C(F)(F)C2=NC3=CC=CC=C3N=C2O[C@@H]2C[C@H](N(C2)C1=O)C(=O)N[C@@]1(C[C@H]1C(F)F)C(=O)NS(=O)(=O)C1(C)CC1,MLSQGNCUYAMAHD-ITNVBOSISA-N,1365970-03-1,DrugCentral,FDA_Approved.csv (current) + structures.smiles.tsv (2021_09_01),2026-07-29
5253,vaborbactam,OB1O[C@H](CC(O)=O)CC[C@@H]1NC(=O)CC1=CC=CS1,IOOWNWLVCOUUEX-WPRPVWTQSA-N,1360457-46-0,DrugCentral,FDA_Approved.csv (current) + structures.smiles.tsv (2021_09_01),2026-07-29
466,calcitriol,C[C@H](CCCC(C)(C)O)[C@H]1CC[C@H]2\C(CCC[C@]12C)=C\C=C1\C[C@@H](O)C[C@H](O)C1=C,GMRQFYUYWCNGIN-NKMMMXOESA-N,32222-06-3,DrugCentral,FDA_Approved.csv (current) + structures.smiles.tsv (2021_09_01),2026-07-29
618,chlorphentermine,CC(C)(N)CC1=CC=C(Cl)C=C1,ZCKAMNXUHHNZLN-UHFFFAOYSA-N,461-78-9,DrugCentral,FDA_Approved.csv (current) + structures.smiles.tsv (2021_09_01),2026-07-29
622,chlorpropamide,CCCNC(=O)NS(=O)(=O)C1=CC=C(Cl)C=C1,RKWGIWYCVPQPMF-UHFFFAOYSA-N,94-20-2,DrugCentral,FDA_Approved.csv (current) + structures.smiles.tsv (2021_09_01),2026-07-29
629,cianidanol,O[C@H]1CC2=C(O)C=C(O)C=C2O[C@@H]1C1=CC(O)=C(O)C=C1,PFTAWBLQPZVEMU-DZGCQCFKSA-N,154-23-4,DrugCentral,FDA_Approved.csv (current) + structures.smiles.tsv (2021_09_01),2026-07-29
5287,plazomicin,CN[C@@H]1[C@@H](O)[C@@H](O[C@H]2[C@@H](C[C@H](N)[C@@H](O[C@H]3OC(CNCCO)=CC[C@H]3N)[C@@H]2O)NC(=O)[C@@H](O)CCN)OC[C@]1(C)O,IYDYFVUFSPQPPV-PEXOCOHZSA-N,1154757-24-0,DrugCentral,FDA_Approved.csv (current) + structures.smiles.tsv (2021_09_01),2026-07-29
5294,eravacycline dihydrochloride,CN(C)[C@H]1[C@@H]2C[C@@H]3CC4=C(C(O)=C(NC(=O)CN5CCCC5)C=C4F)C(=O)C3=C(O)[C@]2(O)C(=O)C(C(N)=O)=C1O,HLFSMUUOKPBTSM-ISIOAQNYSA-N,1334714-66-7,DrugCentral,FDA_Approved.csv (current) + structures.smiles.tsv (2021_09_01),2026-07-29
5324,brexanolone,CC(=O)[C@H]1CC[C@H]2[C@@H]3CC[C@H]4C[C@H](O)CC[C@]4(C)C3CC[C@]12C,AURFZBICLPNKBZ-ZMFJCIRDSA-N,516-54-1,DrugCentral,FDA_Approved.csv (current) + structures.smiles.tsv (2021_09_01),2026-07-29
5348,lefamulin,C[C@@H]1CC[C@@]23CCC(=O)[C@H]2[C@]1(C)[C@@H](C[C@@](C)(C=C)[C@@H](O)[C@@H]3C)OC(=O)CS[C@@H]1CC[C@@H](N)C[C@H]1O,KPVIXBKIJXZQJX-FCEONZPQSA-N,1061337-51-6,DrugCentral,FDA_Approved.csv (current) + structures.smiles.tsv (2021_09_01),2026-07-29
5355,cenobamate,NC(=O)O[C@@H](CN1N=CN=N1)C1=CC=CC=C1Cl,GFHAXPJGXSQLPT-VIFPVBQESA-N,913088-80-9,DrugCentral,FDA_Approved.csv (current) + structures.smiles.tsv (2021_09_01),2026-07-29
5399,triheptanoin,CCCCCCC(=O)OCC(COC(=O)CCCCCC)OC(=O)CCCCCC,PJHKBYALYHRYSK-UHFFFAOYSA-N,620-67-7,DrugCentral,FDA_Approved.csv (current) + structures.smiles.tsv (2021_09_01),2026-07-29
5445,melphalan flufenamide,CCOC(=O)[C@H](CC1=CC=C(C=C1)F)NC(=O)[C@H](CC2=CC=C(C=C2)N(CCCl)CCCl)N,YQZNKYXGZSVEHI-VXKWHMMOSA-N,380449-51-4,DrugCentral,FDA_Approved.csv (current) + structures.smiles.tsv (2021_09_01),2026-07-29
5460,samidorphan,C1CC1CN2CCC34CC(=O)CCC3(C2CC5=C4C(=C(C=C5)C(=O)N)O)O,RYIDHLJADOKWFM-UHFFFAOYSA-N,852626-89-2,DrugCentral,FDA_Approved.csv (current) + structures.smiles.tsv (2021_09_01),2026-07-29
5461,sotorasib,C[C@H](C(C)C)[C@]1(CC[C@@]2([C@H]3CC[C@H]4[C@]5(COC[C@]4(C3=CC[C@]2([C@@H]1C(=O)O)C)C[C@H]([C@@H]5OC[C@@](C)(C(C)(C)C)N)N6C(=NC=N6)C7=CC=NC=C7)C)C)C,BODYFEUFKHPRCK-ZCZMVWJSSA-N,2296729-00-3,DrugCentral,FDA_Approved.csv (current) + structures.smiles.tsv (2021_09_01),2026-07-29
2606,testolactone,C[C@]12CC[C@H]3[C@@H](CCC4=CC(=O)C=C[C@]34C)[C@@H]1CCC(=O)O2,BPEWUONYVDABNZ-DZBHQSCQSA-N,968-93-4,DrugCentral,FDA_Approved.csv (current) + structures.smiles.tsv (2021_09_01),2026-07-29
4870,vorapaxar,CCOC(=O)N[C@@H]1CC[C@@H]2[C@H](C[C@@H]3[C@@H]([C@@H](C)OC3=O)[C@H]2\C=C\C2=CC=C(C=N2)C2=CC(F)=CC=C2)C1,ZBGXUVOIWDMMJE-QHNZEKIYSA-N,618385-01-6,DrugCentral,FDA_Approved.csv (current) + structures.smiles.tsv (2021_09_01),2026-07-29
480,capecitabine,CCCCCOC(=O)NC1=NC(=O)N(C=C1F)[C@@H]1O[C@H](C)[C@@H](O)[C@H]1O,GAGWJHPBXLXJQN-UORFTKCHSA-N,154361-50-9,DrugCentral,FDA_Approved.csv (current) + structures.smiles.tsv (2021_09_01),2026-07-29
2751,trimethadione,CN1C(=O)OC(C)(C)C1=O,IRYJRGCIQBGHIV-UHFFFAOYSA-N,127-48-0,DrugCentral,FDA_Approved.csv (current) + structures.smiles.tsv (2021_09_01),2026-07-29
2737,tridihexethyl,CC[N+](CC)(CC)CCC(O)(C1CCCCC1)C1=CC=CC=C1,NPRHVSBSZMAEIN-UHFFFAOYSA-N,60-49-1,DrugCentral,FDA_Approved.csv (current) + structures.smiles.tsv (2021_09_01),2026-07-29
67,acetyldigitoxin,C[C@H]1O[C@H](C[C@H](OC(C)=O)[C@@H]1O)O[C@H]1[C@@H](O)C[C@H](O[C@H]2[C@@H](O)C[C@H](O[C@H]3CC[C@@]4(C)[C@H](CC[C@@H]5[C@@H]4CC[C@]4(C)[C@H](CC[C@]54O)C4=CC(=O)OC4)C3)O[C@@H]2C)O[C@@H]1C,HPMZBILYSWLILX-UMDUKNJSSA-N,1111-39-3,DrugCentral,FDA_Approved.csv (current) + structures.smiles.tsv (2021_09_01),2026-07-29
1759,methylclothiazide,CN1C(CCl)NC2=CC(Cl)=C(C=C2S1(=O)=O)S(N)(=O)=O,CESYKOGBSMNBPD-UHFFFAOYSA-N,135-07-9,DrugCentral,FDA_Approved.csv (current) + structures.smiles.tsv (2021_09_01),2026-07-29
2819,vigabatrin,NC(CCC(O)=O)C=C,PJDFLNIOAUIZSL-UHFFFAOYSA-N,68506-86-5,DrugCentral,FDA_Approved.csv (current) + structures.smiles.tsv (2021_09_01),2026-07-29
220,anileridine,CCOC(=O)C1(CCN(CCC2=CC=C(N)C=C2)CC1)C1=CC=CC=C1,LKYQLAWMNBFNJT-UHFFFAOYSA-N,144-14-9,DrugCentral,FDA_Approved.csv (current) + structures.smiles.tsv (2021_09_01),2026-07-29
57,acetohexamide,CC(=O)C1=CC=C(C=C1)S(=O)(=O)NC(=O)NC1CCCCC1,VGZSUPCWNCWDAN-UHFFFAOYSA-N,968-81-0,DrugCentral,FDA_Approved.csv (current) + structures.smiles.tsv (2021_09_01),2026-07-29
1216,fluprednisolone,C[C@]12C[C@H](O)[C@H]3[C@@H](C[C@H](F)C4=CC(=O)C=C[C@]34C)[C@@H]1CC[C@]2(O)C(=O)CO,MYYIMZRZXIQBGI-HVIRSNARSA-N,53-34-9,DrugCentral,FDA_Approved.csv (current) + structures.smiles.tsv (2021_09_01),2026-07-29
277,azlocillin,CC1(C)S[C@@H]2[C@H](NC(=O)[C@H](NC(=O)N3CCNC3=O)C3=CC=CC=C3)C(=O)N2[C@H]1C(O)=O,JTWOMNBEOCYFNV-NFFDBFGFSA-N,37091-66-0,DrugCentral,FDA_Approved.csv (current) + structures.smiles.tsv (2021_09_01),2026-07-29
976,diprophylline,CN1C2=C(N(CC(O)CO)C=N2)C(=O)N(C)C1=O,KSCFJBIXMNOVSH-UHFFFAOYSA-N,479-18-5,DrugCentral,FDA_Approved.csv (current) + structures.smiles.tsv (2021_09_01),2026-07-29
1348,halazepam,FC(F)(F)CN1C2=CC=C(Cl)C=C2C(=NCC1=O)C1=CC=CC=C1,WYCLKVQLVUQKNZ-UHFFFAOYSA-N,23092-17-3,DrugCentral,FDA_Approved.csv (current) + structures.smiles.tsv (2021_09_01),2026-07-29
1356,halothane,FC(F)(F)C(Cl)Br,BCQZXOMGPXTTIC-UHFFFAOYSA-N,151-67-7,DrugCentral,FDA_Approved.csv (current) + structures.smiles.tsv (2021_09_01),2026-07-29
2369,rescinnamine,CO[C@H]1[C@@H](C[C@@H]2CN3CCC4=C(NC5=C4C=CC(OC)=C5)[C@H]3C[C@@H]2[C@@H]1C(=O)OC)OC(=O)\C=C\C1=CC(OC)=C(OC)C(OC)=C1,SZLZWPPUNLXJEA-QEGASFHISA-N,24815-24-5,DrugCentral,FDA_Approved.csv (current) + structures.smiles.tsv (2021_09_01),2026-07-29
810,deserpidine,CO[C@H]1[C@@H](C[C@@H]2CN3CCC4=C(NC5=CC=CC=C45)[C@H]3C[C@@H]2[C@@H]1C(=O)OC)OC(=O)C1=CC(OC)=C(OC)C(OC)=C1,CVBMAZKKCSYWQR-WCGOZPBSSA-N,131-01-1,DrugCentral,FDA_Approved.csv (current) + structures.smiles.tsv (2021_09_01),2026-07-29
2511,sulfameter,COC1=CN=C(NS(=O)(=O)C2=CC=C(N)C=C2)N=C1,GPTONYMQFTZPKC-UHFFFAOYSA-N,651-06-9,DrugCentral,FDA_Approved.csv (current) + structures.smiles.tsv (2021_09_01),2026-07-29
1539,lamivudine,NC1=NC(=O)N(C=C1)[C@@H]1CS[C@H](CO)O1,JTEGQNOMFQHVDC-NKWVEPMBSA-N,134678-17-4,DrugCentral,FDA_Approved.csv (current) + structures.smiles.tsv (2021_09_01),2026-07-29
5276,tezacaftor,CC(C)(CO)C1=CC2=C(C=C(F)C(NC(=O)C3(CC3)C3=CC=C4OC(F)(F)OC4=C3)=C2)N1C[C@@H](O)CO,MJUVRTYWUMPBTR-MRXNPFEDSA-N,1152311-62-0,DrugCentral,FDA_Approved.csv (current) + structures.smiles.tsv (2021_09_01),2026-07-29
2342,quinestrol,C[C@]12CC[C@H]3[C@@H](CCC4=C3C=CC(OC3CCCC3)=C4)[C@@H]1CC[C@@]2(O)C#C,PWZUUYSISTUNDW-VAFBSOEGSA-N,152-43-2,DrugCentral,FDA_Approved.csv (current) + structures.smiles.tsv (2021_09_01),2026-07-29
538,cefmenoxime,CO\N=C(/C(=O)N[C@H]1[C@H]2SCC(CSC3=NN=NN3C)=C(N2C1=O)C(O)=O)C1=CSC(N)=N1,HJJDBAOLQAWBMH-YCRCPZNHSA-N,65085-01-0,DrugCentral,FDA_Approved.csv (current) + structures.smiles.tsv (2021_09_01),2026-07-29
528,cefamandole nafate,CN1N=NN=C1SCC1=C(N2[C@H](SC1)[C@H](NC(=O)[C@H](OC=O)C1=CC=CC=C1)C2=O)C(O)=O,RRJHESVQVSRQEX-SUYBPPKGSA-N,42540-40-9,DrugCentral,FDA_Approved.csv (current) + structures.smiles.tsv (2021_09_01),2026-07-29
965,drostanolone propionate,CCC(=O)O[C@H]1CC[C@H]2[C@@H]3CC[C@H]4CC(=O)[C@H](C)C[C@]4(C)[C@H]3CC[C@]12C,NOTIQUSPUUHHEH-UXOVVSIBSA-N,521-12-0,DrugCentral,FDA_Approved.csv (current) + structures.smiles.tsv (2021_09_01),2026-07-29
1387,hydrocortamate,CCN(CC)CC(=O)OCC(=O)[C@@]1(O)CC[C@H]2[C@@H]3CCC4=CC(=O)CC[C@]4(C)[C@H]3[C@@H](O)C[C@]12C,FWFVLWGEFDIZMJ-FOMYWIRZSA-N,76-47-1,DrugCentral,FDA_Approved.csv (current) + structures.smiles.tsv (2021_09_01),2026-07-29
38,acamprosate,CC(=O)NCCCS(O)(=O)=O,AFCGFAGUEYAMAO-UHFFFAOYSA-N,77337-76-9,DrugCentral,FDA_Approved.csv (current) + structures.smiles.tsv (2021_09_01),2026-07-29
1624,mafenide,NCC1=CC=C(C=C1)S(N)(=O)=O,TYMRLRRVMHJFTF-UHFFFAOYSA-N,138-39-6,DrugCentral,FDA_Approved.csv (current) + structures.smiles.tsv (2021_09_01),2026-07-29
210,anastrozole,CC(C)(C#N)C1=CC(=CC(CN2C=NC=N2)=C1)C(C)(C)C#N,YBBLVLTVTVSKRW-UHFFFAOYSA-N,120511-73-1,DrugCentral,FDA_Approved.csv (current) + structures.smiles.tsv (2021_09_01),2026-07-29
323,benzocaine,CCOC(=O)C1=CC=C(N)C=C1,BLFLLBZGZJTVJG-UHFFFAOYSA-N,94-09-7,DrugCentral,FDA_Approved.csv (current) + structures.smiles.tsv (2021_09_01),2026-07-29
354,betamethasone valerate,CCCCC(=O)O[C@@]1([C@@H](C)C[C@H]2[C@@H]3CCC4=CC(=O)C=C[C@]4(C)[C@@]3(F)[C@@H](O)C[C@]12C)C(=O)CO,SNHRLVCMMWUAJD-SUYDQAKGSA-N,2152-44-5,DrugCentral,FDA_Approved.csv (current) + structures.smiles.tsv (2021_09_01),2026-07-29
385,bivalirudin,CC[C@H](C)[C@H](NC(=O)[C@H](CCC(O)=O)NC(=O)[C@H](CCC(O)=O)NC(=O)[C@H](CC1=CC=CC=C1)NC(=O)[C@H](CC(O)=O)NC(=O)CNC(=O)[C@H](CC(N)=O)NC(=O)CNC(=O)CNC(=O)CNC(=O)CNC(=O)[C@@H]1CCCN1C(=O)[C@H](CCCNC(N)=N)NC(=O)[C@@H]1CCCN1C(=O)[C@H](N)CC1=CC=CC=C1)C(=O)N1CCC[C@H]1C(=O)N[C@@H](CCC(O)=O)C(=O)N[C@@H](CCC(O)=O)C(=O)N[C@@H](CC1=CC=C(O)C=C1)C(=O)N[C@@H](CC(C)C)C(O)=O,OIRCOABEOLEUMC-GEJPAHFPSA-N,128270-60-0,DrugCentral,FDA_Approved.csv (current) + structures.smiles.tsv (2021_09_01),2026-07-29
403,bromocriptine,CC(C)C[C@@H]1N2C(=O)[C@](NC(=O)[C@H]3CN(C)[C@@H]4CC5=C(Br)NC6=C5C(=CC=C6)C4=C3)(O[C@@]2(O)[C@@H]2CCCN2C1=O)C(C)C,OZVBMTJYIDMWIL-AYFBDAFISA-N,25614-03-3,DrugCentral,FDA_Approved.csv (current) + structures.smiles.tsv (2021_09_01),2026-07-29
450,butoconazole,ClC1=CC=C(CCC(CN2C=CN=C2)SC2=C(Cl)C=CC=C2Cl)C=C1,SWLMUYACZKCSHZ-UHFFFAOYSA-N,64872-77-1,DrugCentral,FDA_Approved.csv (current) + structures.smiles.tsv (2021_09_01),2026-07-29
499,carbinoxamine,CN(C)CCOC(C1=CC=C(Cl)C=C1)C1=CC=CC=N1,OJFSXZCBGQGRNV-UHFFFAOYSA-N,486-16-8,DrugCentral,FDA_Approved.csv (current) + structures.smiles.tsv (2021_09_01),2026-07-29
874,diethylpropion,CCN(CC)C(C)C(=O)C1=CC=CC=C1,XXEPPPIWZFICOJ-UHFFFAOYSA-N,90-84-6,DrugCentral,FDA_Approved.csv (current) + structures.smiles.tsv (2021_09_01),2026-07-29
639,cidofovir,NC1=NC(=O)N(C[C@@H](CO)OCP(O)(O)=O)C=C1,VWFCHDSQECPREK-LURJTMIESA-N,113852-37-2,DrugCentral,FDA_Approved.csv (current) + structures.smiles.tsv (2021_09_01),2026-07-29
676,clidinium,C[N+]12CCC(CC1)C(C2)OC(=O)C(O)(C1=CC=CC=C1)C1=CC=CC=C1,HOOSGZJRQIVJSZ-UHFFFAOYSA-N,7020-55-5,DrugCentral,FDA_Approved.csv (current) + structures.smiles.tsv (2021_09_01),2026-07-29
811,desflurane,FC(F)OC(F)C(F)(F)F,DPYMFVXJLLWWEU-UHFFFAOYSA-N,57041-67-5,DrugCentral,FDA_Approved.csv (current) + structures.smiles.tsv (2021_09_01),2026-07-29
759,cycloserine,N[C@@H]1CONC1=O,DYDCUQKUCUHJBH-UWTATZPHSA-N,68-41-7,DrugCentral,FDA_Approved.csv (current) + structures.smiles.tsv (2021_09_01),2026-07-29
790,decitabine,NC1=NC(=O)N(C=N1)[C@H]1C[C@H](O)[C@@H](CO)O1,XAUDJQYHKZQPEU-KVQBGUIXSA-N,2353-33-5,DrugCentral,FDA_Approved.csv (current) + structures.smiles.tsv (2021_09_01),2026-07-29
869,didanosine,OC[C@@H]1CC[C@@H](O1)N1C=NC2=C1N=CNC2=O,BXZVVICBKDXVGW-NKWVEPMBSA-N,69655-05-6,DrugCentral,FDA_Approved.csv (current) + structures.smiles.tsv (2021_09_01),2026-07-29
1003,emtricitabine,NC1=NC(=O)N(C=C1F)[C@@H]1CS[C@H](CO)O1,XQSPYNMVSIKCOC-NTSWFWBYSA-N,143491-57-0,DrugCentral,FDA_Approved.csv (current) + structures.smiles.tsv (2021_09_01),2026-07-29
1024,ephedrine,CN[C@@H](C)[C@H](O)C1=CC=CC=C1,KWGRBVOPPLSCSI-WPRPVWTQSA-N,299-42-3,DrugCentral,FDA_Approved.csv (current) + structures.smiles.tsv (2021_09_01),2026-07-29
1040,eptifibatide,NC(=N)NCCCC[C@@H]1NC(=O)CCSSC[C@H](NC(=O)[C@@H]2CCCN2C(=O)[C@H](CC2=CNC3=C2C=CC=C3)NC(=O)[C@H](CC(O)=O)NC(=O)CNC1=O)C(N)=O,CZKPOZZJODAYPZ-LROMGURASA-N,188627-80-7,DrugCentral,FDA_Approved.csv (current) + structures.smiles.tsv (2021_09_01),2026-07-29
1064,estradiol valerate,CCCCC(=O)O[C@H]1CC[C@H]2[C@@H]3CCC4=C(C=CC(O)=C4)[C@H]3CC[C@]12C,RSEPBGGWRJCQGY-RBRWEJTLSA-N,979-32-8,DrugCentral,FDA_Approved.csv (current) + structures.smiles.tsv (2021_09_01),2026-07-29
1088,ethotoin,CCN1C(=O)NC(C1=O)C1=CC=CC=C1,SZQIFWWUIBRPBZ-UHFFFAOYSA-N,86-35-1,DrugCentral,FDA_Approved.csv (current) + structures.smiles.tsv (2021_09_01),2026-07-29
1236,fondaparinux,CO[C@H]1O[C@H](COS(O)(=O)=O)[C@@H](O[C@@H]2O[C@H]([C@@H](O[C@H]3O[C@H](COS(O)(=O)=O)[C@@H](O[C@@H]4O[C@@H]([C@@H](O[C@H]5O[C@H](COS(O)(=O)=O)[C@@H](O)[C@H](O)[C@H]5NS(O)(=O)=O)[C@H](O)[C@H]4O)C(O)=O)[C@H](OS(O)(=O)=O)[C@H]3NS(O)(=O)=O)[C@H](O)[C@H]2OS(O)(=O)=O)C(O)=O)[C@H](O)[C@H]1NS(O)(=O)=O,KANJSNBRCNMZMV-ABRZTLGGSA-N,104993-28-4,DrugCentral,FDA_Approved.csv (current) + structures.smiles.tsv (2021_09_01),2026-07-29
1279,ganirelix,CCNC(NCC)=NCCCC[C@@H](NC(=O)[C@H](CC1=CC=C(O)C=C1)NC(=O)[C@H](CO)NC(=O)[C@@H](CC1=CN=CC=C1)NC(=O)[C@@H](CC1=CC=C(Cl)C=C1)NC(=O)[C@@H](CC1=CC2=CC=CC=C2C=C1)NC(C)=O)C(=O)N[C@@H](CC(C)C)C(=O)N[C@@H](CCCCN=C(NCC)NCC)C(=O)N1CCC[C@H]1C(=O)N[C@H](C)C(N)=O,GJNXBNATEDXMAK-PFLSVRRQSA-N,124904-93-4,DrugCentral,FDA_Approved.csv (current) + structures.smiles.tsv (2021_09_01),2026-07-29
1213,fluphenazine decanoate,CCCCCCCCCC(=O)OCCN1CCN(CCCN2C3=CC=CC=C3SC3=C2C=C(C=C3)C(F)(F)F)CC1,VIQCGTZFEYDQMR-UHFFFAOYSA-N,5002-47-1,DrugCentral,FDA_Approved.csv (current) + structures.smiles.tsv (2021_09_01),2026-07-29
392,bosentan,COC1=C(OC2=C(OCCO)N=C(N=C2NS(=O)(=O)C2=CC=C(C=C2)C(C)(C)C)C2=NC=CC=N2)C=CC=C1,GJPICJJJRGTNOD-UHFFFAOYSA-N,147536-97-8,DrugCentral,FDA_Approved.csv (current) + structures.smiles.tsv (2021_09_01),2026-07-29
395,brimonidine,BrC1=C(NC2=NCCN2)C=CC2=NC=CN=C12,XYLJNLCSTIOKRM-UHFFFAOYSA-N,59803-98-4,DrugCentral,FDA_Approved.csv (current) + structures.smiles.tsv (2021_09_01),2026-07-29
1301,glipizide,CC1=CN=C(C=N1)C(=O)NCCC1=CC=C(C=C1)S(=O)(=O)NC(=O)NC1CCCCC1,ZJJXGWJIGJFDTL-UHFFFAOYSA-N,29094-61-9,DrugCentral,FDA_Approved.csv (current) + structures.smiles.tsv (2021_09_01),2026-07-29
1575,levosalbutamol,CC(C)(C)NC[C@H](O)C1=CC(CO)=C(O)C=C1,NDAUXUAQIAJITI-LBPRGKRZSA-N,34391-04-3,DrugCentral,FDA_Approved.csv (current) + structures.smiles.tsv (2021_09_01),2026-07-29
1566,levocetirizine,OC(=O)COCCN1CCN(CC1)[C@H](C1=CC=CC=C1)C1=CC=C(Cl)C=C1,ZKLPARSLTMPFCP-OAQYLSRUSA-N,130018-77-8,DrugCentral,FDA_Approved.csv (current) + structures.smiles.tsv (2021_09_01),2026-07-29
1700,mepivacaine,CN1CCCCC1C(=O)NC1=C(C)C=CC=C1C,INWLQCZOYSRPNW-UHFFFAOYSA-N,96-88-8,DrugCentral,FDA_Approved.csv (current) + structures.smiles.tsv (2021_09_01),2026-07-29
1747,methocarbamol,COC1=C(OCC(O)COC(N)=O)C=CC=C1,GNXFOGHNGIVQEH-UHFFFAOYSA-N,532-03-6,DrugCentral,FDA_Approved.csv (current) + structures.smiles.tsv (2021_09_01),2026-07-29
1758,methsuximide,CN1C(=O)CC(C)(C1=O)C1=CC=CC=C1,AJXPJJZHWIXJCJ-UHFFFAOYSA-N,77-41-8,DrugCentral,FDA_Approved.csv (current) + structures.smiles.tsv (2021_09_01),2026-07-29
1770,methylprednisolone acetate,C[C@H]1C[C@H]2[C@@H]3CC[C@](O)(C(=O)COC(C)=O)[C@@]3(C)C[C@H](O)[C@@H]2[C@@]2(C)C=CC(=O)C=C12,PLBHSZGDDKCEHR-LFYFAGGJSA-N,53-36-1,DrugCentral,FDA_Approved.csv (current) + structures.smiles.tsv (2021_09_01),2026-07-29
1641,mebendazole,COC(=O)NC1=NC2=C(N1)C=CC(=C2)C(=O)C1=CC=CC=C1,OPXLLQIJSORQAM-UHFFFAOYSA-N,31431-39-7,DrugCentral,FDA_Approved.csv (current) + structures.smiles.tsv (2021_09_01),2026-07-29
1667,megestrol acetate,CC(=O)O[C@@]1(CC[C@H]2[C@@H]3C=C(C)C4=CC(=O)CC[C@]4(C)[C@H]3CC[C@]12C)C(C)=O,RQZAXGRLVPAYTJ-GQFGMJRRSA-N,595-33-5,DrugCentral,FDA_Approved.csv (current) + structures.smiles.tsv (2021_09_01),2026-07-29
1827,moexipril,CCOC(=O)[C@H](CCC1=CC=CC=C1)N[C@@H](C)C(=O)N1CC2=CC(OC)=C(OC)C=C2C[C@H]1C(O)=O,UWWDHYUMIORJTA-HSQYWUDLSA-N,103775-10-6,DrugCentral,FDA_Approved.csv (current) + structures.smiles.tsv (2021_09_01),2026-07-29
2637,thioridazine,CSC1=CC=C2SC3=CC=CC=C3N(CCC3CCCCN3C)C2=C1,KLBQZWRITKRQQV-UHFFFAOYSA-N,50-52-2,DrugCentral,FDA_Approved.csv (current) + structures.smiles.tsv (2021_09_01),2026-07-29
1959,norelgestromin,CC[C@]12CC[C@H]3[C@@H](CCC4=CC(CC[C@H]34)=NO)[C@@H]1CC[C@@]2(O)C#C,ISHXLNHNDMZNMC-XUDSTZEESA-N,53016-31-2,DrugCentral,FDA_Approved.csv (current) + structures.smiles.tsv (2021_09_01),2026-07-29
2011,oxandrolone,C[C@]1(O)CC[C@H]2[C@@H]3CC[C@H]4CC(=O)OC[C@]4(C)[C@H]3CC[C@]12C,QSLJIVKCVHQPLV-PEMPUTJUSA-N,53-39-4,DrugCentral,FDA_Approved.csv (current) + structures.smiles.tsv (2021_09_01),2026-07-29
2015,oxazepam,OC1N=C(C2=CC=CC=C2)C2=CC(Cl)=CC=C2NC1=O,ADIMAYPTOBDMTL-UHFFFAOYSA-N,604-75-1,DrugCentral,FDA_Approved.csv (current) + structures.smiles.tsv (2021_09_01),2026-07-29
2108,perindopril,CCC[C@H](N[C@@H](C)C(=O)N1[C@H]2CCCC[C@H]2C[C@H]1C(O)=O)C(=O)OCC,IPVQLZZIHOAWMC-QXKUPLGCSA-N,82834-16-0,DrugCentral,FDA_Approved.csv (current) + structures.smiles.tsv (2021_09_01),2026-07-29
2231,pralidoxime,C[N+]1=CC=CC=C1C=NO,JBKPUQTUERUYQE-UHFFFAOYSA-O,51-15-0,DrugCentral,FDA_Approved.csv (current) + structures.smiles.tsv (2021_09_01),2026-07-29
2243,prednicarbate,CCOC(=O)O[C@@]1(CC[C@H]2[C@@H]3CCC4=CC(=O)C=C[C@]4(C)[C@H]3[C@@H](O)C[C@]12C)C(=O)COC(=O)CC,FNPXMHRZILFCKX-KAJVQRHHSA-N,73771-04-7,DrugCentral,FDA_Approved.csv (current) + structures.smiles.tsv (2021_09_01),2026-07-29
1339,guanadrel,NC(=N)NCC1COC2(CCCCC2)O1,HPBNRIOWIXYZFK-UHFFFAOYSA-N,40580-59-4,DrugCentral,FDA_Approved.csv (current) + structures.smiles.tsv (2021_09_01),2026-07-29
2336,quazepam,FC1=C(C=CC=C1)C1=NCC(=S)N(CC(F)(F)F)C2=CC=C(Cl)C=C12,IKMPWMZBZSAONZ-UHFFFAOYSA-N,36735-22-5,DrugCentral,FDA_Approved.csv (current) + structures.smiles.tsv (2021_09_01),2026-07-29
1762,methyldopa,C[C@](N)(CC1=CC(O)=C(O)C=C1)C(O)=O,CJCSPKMFHVPWAR-JTQLQIEISA-N,555-30-6,DrugCentral,FDA_Approved.csv (current) + structures.smiles.tsv (2021_09_01),2026-07-29
2355,ramelteon,CCC(=O)NCC[C@@H]1CCC2=C1C1=C(OCC1)C=C2,YLXDSYKOBKBWJQ-LBPRGKRZSA-N,196597-26-9,DrugCentral,FDA_Approved.csv (current) + structures.smiles.tsv (2021_09_01),2026-07-29
2439,sevoflurane,FCOC(C(F)(F)F)C(F)(F)F,DFEYYRMXOJXZRJ-UHFFFAOYSA-N,28523-86-6,DrugCentral,FDA_Approved.csv (current) + structures.smiles.tsv (2021_09_01),2026-07-29
2571,tazarotene,CCOC(=O)C1=CN=C(C=C1)C#CC1=CC=C2SCCC(C)(C)C2=C1,OGQICQVSFDPSEI-UHFFFAOYSA-N,118292-40-3,DrugCentral,FDA_Approved.csv (current) + structures.smiles.tsv (2021_09_01),2026-07-29
2599,terconazole,CC(C)N1CCN(CC1)C1=CC=C(OCC2COC(CN3C=NC=N3)(O2)C2=CC=C(Cl)C=C2Cl)C=C1,BLSQLHNBWJLIBQ-UHFFFAOYSA-N,67915-31-5,DrugCentral,FDA_Approved.csv (current) + structures.smiles.tsv (2021_09_01),2026-07-29
2632,thioguanine,NC1=NC2=C(NC=N2)C(=S)N1,WYWHKKSPHMUBEB-UHFFFAOYSA-N,154-42-7,DrugCentral,FDA_Approved.csv (current) + structures.smiles.tsv (2021_09_01),2026-07-29
2712,trandolapril,CCOC(=O)[C@H](CCC1=CC=CC=C1)N[C@@H](C)C(=O)N1[C@H]2CCCC[C@@H]2C[C@H]1C(O)=O,VXFJYXUZANRPDJ-WTNASJBWSA-N,87679-37-6,DrugCentral,FDA_Approved.csv (current) + structures.smiles.tsv (2021_09_01),2026-07-29
2680,tirofiban,CCCCS(=O)(=O)N[C@@H](CC1=CC=C(OCCCCC2CCNCC2)C=C1)C(O)=O,COKMIXFXJJXBQG-NRFANRHFSA-N,144494-65-5,DrugCentral,FDA_Approved.csv (current) + structures.smiles.tsv (2021_09_01),2026-07-29
2708,torsemide,CC(C)NC(=O)NS(=O)(=O)C1=CN=CC=C1NC1=CC(C)=CC=C1,NGBFQHCMQULJNZ-UHFFFAOYSA-N,56211-40-6,DrugCentral,FDA_Approved.csv (current) + structures.smiles.tsv (2021_09_01),2026-07-29
2798,valaciclovir,CC(C)[C@H](N)C(=O)OCCOCN1C=NC2=C1N=C(N)NC2=O,HDOVUKNUBWVHOX-QMMMGPOBSA-N,124832-27-5,DrugCentral,FDA_Approved.csv (current) + structures.smiles.tsv (2021_09_01),2026-07-29
2805,valrubicin,CCCCC(=O)OCC(=O)[C@@]1(O)C[C@H](O[C@H]2C[C@H](NC(=O)C(F)(F)F)[C@H](O)[C@H](C)O2)C2=C(C1)C(O)=C1C(=O)C3=CC=CC(OC)=C3C(=O)C1=C2O,ZOCKGBMQLCSHFP-KQRAQHLDSA-N,56124-62-0,DrugCentral,FDA_Approved.csv (current) + structures.smiles.tsv (2021_09_01),2026-07-29
2857,zaleplon,CCN(C(C)=O)C1=CC(=CC=C1)C1=CC=NC2=C(C=NN12)C#N,HUNXMJYCHXQEGX-UHFFFAOYSA-N,151319-34-5,DrugCentral,FDA_Approved.csv (current) + structures.smiles.tsv (2021_09_01),2026-07-29
2975,histrelin,CCNC(=O)[C@@H]1CCCN1C(=O)[C@H](CCCNC(N)=N)NC(=O)[C@H](CC(C)C)NC(=O)[C@@H](CC1=CN(CC2=CC=CC=C2)C=N1)NC(=O)[C@H](CC1=CC=C(O)C=C1)NC(=O)[C@H](CO)NC(=O)[C@H](CC1=CNC2=C1C=CC=C2)NC(=O)[C@H](CC1=CNC=N1)NC(=O)[C@@H]1CCC(=O)N1,HHXHVIJIIXKSOE-QILQGKCVSA-N,76712-82-8,DrugCentral,FDA_Approved.csv (current) + structures.smiles.tsv (2021_09_01),2026-07-29
3135,desonide,CC1(C)O[C@@H]2C[C@H]3[C@@H]4CCC5=CC(=O)C=C[C@]5(C)[C@H]4[C@@H](O)C[C@]3(C)[C@@]2(O1)C(=O)CO,WBGKWQHBNHJJPZ-LECWWXJVSA-N,638-94-8,DrugCentral,FDA_Approved.csv (current) + structures.smiles.tsv (2021_09_01),2026-07-29
3959,hydrocortisone butyrate,CCCC(=O)O[C@@]1(CC[C@H]2[C@@H]3CCC4=CC(=O)CC[C@]4(C)[C@H]3[C@@H](O)C[C@]12C)C(=O)CO,BMCQMVFGOVHVNG-TUFAYURCSA-N,13609-67-1,DrugCentral,FDA_Approved.csv (current) + structures.smiles.tsv (2021_09_01),2026-07-29
4123,lubiprostone,CCCCC(F)(F)[C@@]1(O)CC[C@H]2[C@@H](CC(=O)[C@@H]2CCCCCCC(O)=O)O1,WGFOBBZOWHGYQH-MXHNKVEKSA-N,333963-40-9,DrugCentral,FDA_Approved.csv (current) + structures.smiles.tsv (2021_09_01),2026-07-29
4164,liraglutide,CCCCCCCCCCCCCCCC(=O)N[C@@H](CCC(=O)NCCCC[C@H](NC(=O)[C@H](C)NC(=O)[C@H](C)NC(=O)[C@H](CCC(N)=O)NC(=O)CNC(=O)[C@H](CCC(O)=O)NC(=O)[C@H](CC(C)C)NC(=O)[C@H](CC1=CC=C(O)C=C1)NC(=O)[C@H](CO)NC(=O)[C@H](CO)NC(=O)[C@@H](NC(=O)[C@H](CC(O)=O)NC(=O)[C@H](CO)NC(=O)[C@@H](NC(=O)[C@H](CC1=CC=CC=C1)NC(=O)[C@@H](NC(=O)CNC(=O)[C@H](CCC(O)=O)NC(=O)[C@H](C)NC(=O)[C@@H](N)CC1=CNC=N1)[C@@H](C)O)[C@@H](C)O)C(C)C)C(=O)N[C@@H](CCC(O)=O)C(=O)N[C@@H](CC1=CC=CC=C1)C(=O)N[C@@H]([C@@H](C)CC)C(=O)N[C@@H](C)C(=O)N[C@@H](CC1=CNC2=C1C=CC=C2)C(=O)N[C@@H](CC(C)C)C(=O)N[C@@H](C(C)C)C(=O)N[C@@H](CCCNC(N)=N)C(=O)NCC(=O)N[C@@H](CCCNC(N)=N)C(=O)NCC(O)=O)C(O)=O,YSDQQAXHVYUZIW-QCIJIYAXSA-N,204656-20-2,DrugCentral,FDA_Approved.csv (current) + structures.smiles.tsv (2021_09_01),2026-07-29
4165,alcaftadine,CN1CCC(CC1)=C1C2=NC=C(C=O)N2CCC2=C1C=CC=C2,MWTBKTRZPHJQLH-UHFFFAOYSA-N,147084-10-4,DrugCentral,FDA_Approved.csv (current) + structures.smiles.tsv (2021_09_01),2026-07-29
4169,ceftaroline fosamil,CCO\N=C(/C(=O)N[C@H]1[C@H]2SCC(SC3=NC(=CS3)C3=CC=[N+](C)C=C3)=C(N2C1=O)C([O-])=O)C1=NSC(NP(O)(O)=O)=N1,ZCCUWMICIWSJIX-NQJJCJBVSA-N,402741-13-3,DrugCentral,FDA_Approved.csv (current) + structures.smiles.tsv (2021_09_01),2026-07-29
4171,eribulin,CO[C@H]1[C@@H](C[C@H](O)CN)O[C@H]2C[C@H]3O[C@H](C[C@@H](C)C3=C)CC[C@@H]3O[C@H](CC3=C)CC[C@@]34C[C@H]5O[C@@H]6[C@@H](O[C@H]7CC[C@H](CC(=O)C[C@H]12)O[C@@H]7[C@@H]6O3)[C@H]5O4,UFNVPOGXISZXJD-JBQZKEIOSA-N,253128-41-5,DrugCentral,FDA_Approved.csv (current) + structures.smiles.tsv (2021_09_01),2026-07-29
4177,gabapentin enacarbil,CC(C)C(=O)OC(C)OC(=O)NCC1(CC(O)=O)CCCCC1,TZDUHAJSIBHXDL-UHFFFAOYSA-N,478296-72-9,DrugCentral,FDA_Approved.csv (current) + structures.smiles.tsv (2021_09_01),2026-07-29
1508,isotretinoin,C\C(\C=C\C1=C(C)CCCC1(C)C)=C/C=C/C(/C)=C\C(O)=O,SHGAZHPCJJPHSC-XFYACQKRSA-N,4759-48-2,DrugCentral,FDA_Approved.csv (current) + structures.smiles.tsv (2021_09_01),2026-07-29
4257,bismuth subsalicylate,O[Bi]1OC(=O)C2=CC=CC=C2O1,ZREIPSZUJIFJNP-UHFFFAOYSA-K,14882-18-9,DrugCentral,FDA_Approved.csv (current) + structures.smiles.tsv (2021_09_01),2026-07-29
4228,ivacaftor,CC(C)(C)C1=CC(=C(NC(=O)C2=CNC3=CC=CC=C3C2=O)C=C1O)C(C)(C)C,PURKAOJPTOLRMP-UHFFFAOYSA-N,873054-44-5,DrugCentral,FDA_Approved.csv (current) + structures.smiles.tsv (2021_09_01),2026-07-29
4299,cobicistat,CC(C)C1=NC(CN(C)C(=O)N[C@@H](CCN2CCOCC2)C(=O)N[C@H](CC[C@H](CC2=CC=CC=C2)NC(=O)OCC2=CN=CS2)CC2=CC=CC=C2)=CS1,ZCIGNRJZKPOIKD-CQXVEOKZSA-N,1004316-88-4,DrugCentral,FDA_Approved.csv (current) + structures.smiles.tsv (2021_09_01),2026-07-29
4318,afatinib,CN(C)C\C=C\C(=O)NC1=CC2=C(C=C1O[C@H]1CCOC1)N=CN=C2NC1=CC(Cl)=C(F)C=C1,ULXXDDBFHOBEHA-CWDCEQMOSA-N,850140-72-6,DrugCentral,FDA_Approved.csv (current) + structures.smiles.tsv (2021_09_01),2026-07-29
4334,bazedoxifene,CC1=C(N(CC2=CC=C(OCCN3CCCCCC3)C=C2)C2=C1C=C(O)C=C2)C1=CC=C(O)C=C1,UCJGJABZCDBEDK-UHFFFAOYSA-N,198481-32-2,DrugCentral,FDA_Approved.csv (current) + structures.smiles.tsv (2021_09_01),2026-07-29
4336,amifampridine,NC1=CC=NC=C1N,OYTKINVCDFNREN-UHFFFAOYSA-N,54-96-6,DrugCentral,FDA_Approved.csv (current) + structures.smiles.tsv (2021_09_01),2026-07-29
2825,vincristine,CC[C@]1(O)C[C@@H]2C[N@](C1)CCC1=C(NC3=CC=CC=C13)[C@@](C2)(C(=O)OC)C1=C(OC)C=C2N(C=O)[C@@H]3[C@]4(CCN5CC=C[C@](CC)([C@@H]45)[C@@H](OC(C)=O)[C@]3(O)C(=O)OC)C2=C1,OGWKCGZFUXNPDA-CFWMRBGOSA-N,57-22-7,DrugCentral,FDA_Approved.csv (current) + structures.smiles.tsv (2021_09_01),2026-07-29
4340,alogliptin,CN1C(=O)C=C(N2CCC[C@@H](N)C2)N(CC2=C(C=CC=C2)C#N)C1=O,ZSBOMTDTBDDKMP-OAHLLOKOSA-N,850649-61-5,DrugCentral,FDA_Approved.csv (current) + structures.smiles.tsv (2021_09_01),2026-07-29
4411,dexchlorpheniramine,CN(C)CC[C@@H](C1=CC=C(Cl)C=C1)C1=CC=CC=N1,SOYKEARSMXGVTM-HNNXBMFYSA-N,25523-97-1,DrugCentral,FDA_Approved.csv (current) + structures.smiles.tsv (2021_09_01),2026-07-29
4504,hydrocortisone valerate,CCCCC(=O)O[C@@]1(CC[C@H]2[C@@H]3CCC4=CC(=O)CC[C@]4(C)[C@H]3[C@@H](O)C[C@]12C)C(=O)CO,FZCHYNWYXKICIO-FZNHGJLXSA-N,57524-89-7,DrugCentral,FDA_Approved.csv (current) + structures.smiles.tsv (2021_09_01),2026-07-29
4569,hydrocortisone probutate,CCCC(=O)O[C@@]1(CC[C@H]2[C@@H]3CCC4=CC(=O)CC[C@]4(C)[C@H]3[C@@H](O)C[C@]12C)C(=O)COC(=O)CC,FOGXJPFPZOHSQS-AYVLZSQQSA-N,72590-77-3,DrugCentral,FDA_Approved.csv (current) + structures.smiles.tsv (2021_09_01),2026-07-29
4577,iobenguane (131I),NC(=N)NCC1=CC([131I])=CC=C1,PDWUPXJEEYOOTR-JRGAVVOBSA-N,77679-27-7,DrugCentral,FDA_Approved.csv (current) + structures.smiles.tsv (2021_09_01),2026-07-29
4606,clocortolone pivalate,C[C@@H]1C[C@H]2[C@@H]3C[C@H](F)C4=CC(=O)C=C[C@]4(C)[C@@]3(Cl)[C@@H](O)C[C@]2(C)[C@H]1C(=O)COC(=O)C(C)(C)C,SXYZQZLHAIHKKY-GSTUPEFVSA-N,34097-16-0,DrugCentral,FDA_Approved.csv (current) + structures.smiles.tsv (2021_09_01),2026-07-29
4684,perampanel,O=C1N(C=C(C=C1C1=C(C=CC=C1)C#N)C1=CC=CC=N1)C1=CC=CC=C1,PRMWGUBFXWROHD-UHFFFAOYSA-N,380917-97-5,DrugCentral,FDA_Approved.csv (current) + structures.smiles.tsv (2021_09_01),2026-07-29
4721,lomitapide,FC(F)(F)CNC(=O)C1(CCCCN2CCC(CC2)NC(=O)C2=C(C=CC=C2)C2=CC=C(C=C2)C(F)(F)F)C2=CC=CC=C2C2=C1C=CC=C2,MBBCVAKAJPKAKM-UHFFFAOYSA-N,182431-12-5,DrugCentral,FDA_Approved.csv (current) + structures.smiles.tsv (2021_09_01),2026-07-29
4809,macitentan,CCCNS(=O)(=O)NC1=C(C(OCCOC2=NC=C(Br)C=N2)=NC=N1)C1=CC=C(Br)C=C1,JGCMEBMXRHSZKX-UHFFFAOYSA-N,441798-33-0,DrugCentral,FDA_Approved.csv (current) + structures.smiles.tsv (2021_09_01),2026-07-29
4815,lixisenatide,CC[C@H](C)[C@H](NC(=O)[C@H](CC1=CC=CC=C1)NC(=O)[C@H](CC(C)C)NC(=O)[C@H](CCCNC(N)=N)NC(=O)[C@@H](NC(=O)[C@H](C)NC(=O)[C@H](CCC(O)=O)NC(=O)[C@H](CCC(O)=O)NC(=O)[C@H](CCC(O)=O)NC(=O)[C@H](CCSC)NC(=O)[C@H](CCC(N)=O)NC(=O)[C@H](CCCCN)NC(=O)[C@H](CO)NC(=O)[C@H](CC(C)C)NC(=O)[C@H](CC(O)=O)NC(=O)[C@H](CO)NC(=O)[C@@H](NC(=O)[C@H](CC1=CC=CC=C1)NC(=O)[C@@H](NC(=O)CNC(=O)[C@H](CCC(O)=O)NC(=O)CNC(=O)[C@@H](N)CC1=CNC=N1)[C@@H](C)O)[C@@H](C)O)C(C)C)C(=O)N[C@@H](CCC(O)=O)C(=O)N[C@@H](CC1=CNC2=C1C=CC=C2)C(=O)N[C@@H](CC(C)C)C(=O)N[C@@H](CCCCN)C(=O)N[C@@H](CC(N)=O)C(=O)NCC(=O)NCC(=O)N1CCC[C@H]1C(=O)N[C@@H](CO)C(=O)N[C@@H](CO)C(=O)NCC(=O)N[C@@H](C)C(=O)N1CCC[C@H]1C(=O)N1CCC[C@H]1C(=O)N[C@@H](CO)C(=O)N[C@@H](CCCCN)C(=O)N[C@@H](CCCCN)C(=O)N[C@@H](CCCCN)C(=O)N[C@@H](CCCCN)C(=O)N[C@@H](CCCCN)C(=O)N[C@@H](CCCCN)C(N)=O,XVVOERDUTLJJHN-IAEQDCLQSA-N,320367-13-3,DrugCentral,FDA_Approved.csv (current) + structures.smiles.tsv (2021_09_01),2026-07-29
4874,efinaconazole,C[C@@H](N1CCC(=C)CC1)[C@](O)(CN1C=NC=N1)C1=C(F)C=C(F)C=C1,NFEZZTICAUWDHU-RDTXWAMCSA-N,164650-44-6,DrugCentral,FDA_Approved.csv (current) + structures.smiles.tsv (2021_09_01),2026-07-29
2733,trichlormethiazide,NS(=O)(=O)C1=CC2=C(NC(NS2(=O)=O)C(Cl)Cl)C=C1Cl,LMJSLTNSBFUCMU-UHFFFAOYSA-N,133-67-5,DrugCentral,FDA_Approved.csv (current) + structures.smiles.tsv (2021_09_01),2026-07-29
4897,edoxaban,CN(C)C(=O)[C@H]1CC[C@H](NC(=O)C(=O)NC2=CC=C(Cl)C=N2)[C@@H](C1)NC(=O)C1=NC2=C(CN(C)CC2)S1,HGVDHZBSSITLCT-JLJPHGGASA-N,480449-70-5,DrugCentral,FDA_Approved.csv (current) + structures.smiles.tsv (2021_09_01),2026-07-29
5214,telotristat ethyl,CCOC(=O)[C@@H](N)CC1=CC=C(C=C1)C1=NC(N)=NC(O[C@H](C2=C(C=C(Cl)C=C2)N2C=CC(C)=N2)C(F)(F)F)=C1,MDSQOJYHHZBZKA-GBXCKJPGSA-N,1033805-22-9,DrugCentral,FDA_Approved.csv (current) + structures.smiles.tsv (2021_09_01),2026-07-29
5232,abaloparatide,CC[C@H](C)[C@H](NC(=O)[C@H](CO)NC(=O)[C@H](CCCCN)NC(=O)CNC(=O)[C@H](CCCCN)NC(=O)[C@H](CC(O)=O)NC(=O)[C@H](CC1=CNC=N1)NC(=O)[C@H](CC(C)C)NC(=O)[C@H](CC(C)C)NC(=O)[C@H](CCC(N)=O)NC(=O)[C@H](CC1=CNC=N1)NC(=O)[C@H](CCC(O)=O)NC(=O)[C@H](CO)NC(=O)[C@@H](NC(=O)[C@H](C)N)C(C)C)C(=O)N[C@@H](CCC(N)=O)C(=O)N[C@@H](CC(O)=O)C(=O)N[C@@H](CC(C)C)C(=O)N[C@@H](CCCNC(N)=N)C(=O)N[C@@H](CCCNC(N)=N)C(=O)N[C@@H](CCCNC(N)=N)C(=O)N[C@@H](CCC(O)=O)C(=O)N[C@@H](CC(C)C)C(=O)N[C@@H](CC(C)C)C(=O)N[C@@H](CCC(O)=O)C(=O)N[C@@H](CCCCN)C(=O)N[C@@H](CC(C)C)C(=O)N[C@@H](CC(C)C)C(=O)NC(C)(C)C(=O)N[C@@H](CCCCN)C(=O)N[C@@H](CC(C)C)C(=O)N[C@@H](CC1=CNC=N1)C(=O)N[C@@H]([C@@H](C)O)C(=O)N[C@@H](C)C(N)=O,BVISQZFBLRSESR-XSCWXTNMSA-N,247062-33-5,DrugCentral,FDA_Approved.csv (current) + structures.smiles.tsv (2021_09_01),2026-07-29
5267,semaglutide,CC[C@H](C)[C@H](NC(=O)[C@H](CC1=CC=CC=C1)NC(=O)[C@H](CCC(O)=O)NC(=O)[C@H](CCCCNC(=O)COCCOCCNC(=O)COCCOCCNC(=O)[C@H](CCC(O)=O)NC(=O)CCCCCCCCCCCCCCCCC(O)=O)NC(=O)[C@H](C)NC(=O)[C@H](C)NC(=O)[C@H](CCC(N)=O)NC(=O)CNC(=O)[C@H](CCC(O)=O)NC(=O)[C@H](CC(C)C)NC(=O)[C@H](CC1=CC=C(O)C=C1)NC(=O)[C@H](CO)NC(=O)[C@H](CO)NC(=O)[C@@H](NC(=O)[C@H](CC(O)=O)NC(=O)[C@H](CO)NC(=O)[C@@H](NC(=O)[C@H](CC1=CC=CC=C1)NC(=O)[C@@H](NC(=O)CNC(=O)[C@H](CCC(O)=O)NC(=O)C(C)(C)NC(=O)[C@@H](N)CC1=CNC=N1)[C@@H](C)O)[C@@H](C)O)C(C)C)C(=O)N[C@@H](C)C(=O)N[C@@H](CC1=CNC2=C1C=CC=C2)C(=O)N[C@@H](CC(C)C)C(=O)N[C@@H](C(C)C)C(=O)N[C@@H](CCCNC(N)=N)C(=O)NCC(=O)N[C@@H](CCCNC(N)=N)C(=O)NCC(O)=O,YAADDGYZMCRWRC-CIIFZSTISA-N,910463-68-2,DrugCentral,FDA_Approved.csv (current) + structures.smiles.tsv (2021_09_01),2026-07-29
5301,baloxavir marboxil,COC(=O)OCOC1=C2N(C=CC1=O)N([C@@H]1COCCN1C2=O)[C@H]1C2=CC=C(F)C(F)=C2CSC2=CC=CC=C12,RZVPBGBYGMDSBG-GGAORHGYSA-N,1985606-14-1,DrugCentral,FDA_Approved.csv (current) + structures.smiles.tsv (2021_09_01),2026-07-29
5305,larotrectinib,O[C@H]1CCN(C1)C(=O)NC1=C2N=C(C=CN2N=C1)N1CCC[C@@H]1C1=CC(F)=CC=C1F,NYNZQNWKBKUAII-KBXCAEBGSA-N,1223403-58-4,DrugCentral,FDA_Approved.csv (current) + structures.smiles.tsv (2021_09_01),2026-07-29
5352,cefiderocol,CC(C)(O\N=C(/C(=O)N[C@H]1[C@H]2SCC(C[N+]3(CCNC(=O)C4=CC=C(O)C(O)=C4Cl)CCCC3)=C(N2C1=O)C([O-])=O)C1=CSC(N)=N1)C(O)=O,DBPPRLRVDVJOCL-FQRUVTKNSA-N,1225208-94-5,DrugCentral,FDA_Approved.csv (current) + structures.smiles.tsv (2021_09_01),2026-07-29
5361,ubrogepant,C[C@@H]1[C@@H](C[C@H](NC(=O)C2=CN=C3C[C@]4(CC3=C2)C(=O)NC2=NC=CC=C42)C(=O)N1CC(F)(F)F)C1=CC=CC=C1,DDOOFTLHJSMHLN-ZQHRPCGSSA-N,1374248-77-7,DrugCentral,FDA_Approved.csv (current) + structures.smiles.tsv (2021_09_01),2026-07-29
5381,rimegepant,N[C@H]1[C@@H](CC[C@@H](OC(=O)N2CCC(CC2)N2C(=O)NC3=NC=CC=C23)C2=NC=CC=C12)C1=C(F)C(F)=CC=C1,KRNAOFGYEFKHPB-ANJVHQHFSA-N,1289023-67-1,DrugCentral,FDA_Approved.csv (current) + structures.smiles.tsv (2021_09_01),2026-07-29
5402,inqovi,C1CN(C(=O)N[C@@H]1O)[C@H]2C([C@@H]([C@H](O2)CO)O)(F)F,VUDZSIYXZUYWSC-DBRKOABJSA-N,1141397-80-9,DrugCentral,FDA_Approved.csv (current) + structures.smiles.tsv (2021_09_01),2026-07-29
5430,berotralstat,C1CC1CN[C@@H](C2=CC(=C(C=C2)F)NC(=O)C3=CC(=NN3C4=CC=CC(=C4)CN)C(F)(F)F)C5=CC=CC(=C5)C#N,UXNXMBYCBRBRFD-MUUNZHRXSA-N,1809010-50-1,DrugCentral,FDA_Approved.csv (current) + structures.smiles.tsv (2021_09_01),2026-07-29
5444,fosdenopterin,C1[C@@H]2[C@@H](C([C@H]3[C@@H](O2)NC4=C(N3)C(=O)NC(=N4)N)(O)O)OP(=O)(O1)O,CZAKJJUNKNPTTO-AJFJRRQVSA-N,150829-29-1,DrugCentral,FDA_Approved.csv (current) + structures.smiles.tsv (2021_09_01),2026-07-29
5447,dasiglucagon,C[C@H]([C@@H](C(=O)N[C@@H](CC1=CC=CC=C1)C(=O)N[C@@H]([C@@H](C)O)C(=O)N[C@@H](CO)C(=O)N[C@@H](CC(=O)O)C(=O)N[C@@H](CC2=CC=C(C=C2)O)C(=O)N[C@@H](CO)C(=O)N[C@@H](CCCCN)C(=O)N[C@@H](CC3=CC=C(C=C3)O)C(=O)N[C@@H](CC(C)C)C(=O)N[C@@H](CC(=O)O)C(=O)NC(C)(C)C(=O)N[C@@H](C)C(=O)N[C@@H](CCCNC(=N)N)C(=O)N[C@@H](C)C(=O)N[C@@H](CCC(=O)O)C(=O)N[C@@H](CCC(=O)O)C(=O)N[C@@H](CC4=CC=CC=C4)C(=O)N[C@@H](C(C)C)C(=O)N[C@@H](CCCCN)C(=O)N[C@@H](CC5=CNC6=CC=CC=C65)C(=O)N[C@@H](CC(C)C)C(=O)N[C@@H](CCC(=O)O)C(=O)N[C@@H](CO)C(=O)N[C@@H]([C@@H](C)O)C(=O)O)NC(=O)CNC(=O)[C@H](CCC(=O)N)NC(=O)[C@H](CO)NC(=O)[C@H](CC7=CNC=N7)N)O,RZRMFQMNPDPAIX-AJTOSFMRSA-N,1544300-84-6,DrugCentral,FDA_Approved.csv (current) + structures.smiles.tsv (2021_09_01),2026-07-29
2480,stiripentol,CC(C)(C)C(O)C=CC1=CC=C2OCOC2=C1,IBLNKMRFIPWSOY-UHFFFAOYSA-N,49763-96-4,DrugCentral,FDA_Approved.csv (current) + structures.smiles.tsv (2021_09_01),2026-07-29
1786,metoprolol,COCCC1=CC=C(OCC(O)CNC(C)C)C=C1,IUBSYMUCCVWXPE-UHFFFAOYSA-N,51384-51-1,DrugCentral,FDA_Approved.csv (current) + structures.smiles.tsv (2021_09_01),2026-07-29
589,chloramphenicol,OC[C@@H](NC(=O)C(Cl)Cl)[C@H](O)C1=CC=C(C=C1)[N+]([O-])=O,WIIZWVCIJKGZOK-RKDXNWHRSA-N,56-75-7,DrugCentral,FDA_Approved.csv (current) + structures.smiles.tsv (2021_09_01),2026-07-29
692,clofazimine,CC(C)\N=C1/C=C2N(C3=CC=C(Cl)C=C3)C3=CC=CC=C3N=C2C=C1NC1=CC=C(Cl)C=C1,WDQPAMHFFCXSNU-BGABXYSRSA-N,2030-63-9,DrugCentral,FDA_Approved.csv (current) + structures.smiles.tsv (2021_09_01),2026-07-29
4615,N-Acetylglucosamine,CC(=O)N[C@H]1[C@H](O)O[C@H](CO)[C@@H](O)[C@@H]1O,OVRNDRQMDRJTHS-FMDGEEDCSA-N,7512-17-6,DrugCentral,FDA_Approved.csv (current) + structures.smiles.tsv (2021_09_01),2026-07-29
89,adenine,NC1=NC=NC2=C1NC=N2,GFFGJBXGBJISGV-UHFFFAOYSA-N,73-24-5,DrugCentral,FDA_Approved.csv (current) + structures.smiles.tsv (2021_09_01),2026-07-29
624,chlortetracycline,CN(C)[C@H]1[C@@H]2C[C@H]3C(=C(O)[C@]2(O)C(=O)C(C(N)=O)=C1O)C(=O)C1=C(C(Cl)=CC=C1O)[C@@]3(C)O,CYDMQBQPVICBEU-XRNKAMNCSA-N,57-62-5,DrugCentral,FDA_Approved.csv (current) + structures.smiles.tsv (2021_09_01),2026-07-29
1912,niclosamide,OC1=C(C=C(Cl)C=C1)C(=O)NC1=C(Cl)C=C(C=C1)[N+]([O-])=O,RJMUSRYZPJIFPJ-UHFFFAOYSA-N,50-65-7,DrugCentral,FDA_Approved.csv (current) + structures.smiles.tsv (2021_09_01),2026-07-29
1513,itraconazole,CCC(C)N1N=CN(C1=O)C1=CC=C(C=C1)N1CCN(CC1)C1=CC=C(OCC2COC(CN3C=NC=N3)(O2)C2=C(Cl)C=C(Cl)C=C2)C=C1,VHVPQPYKVGDNFY-UHFFFAOYSA-N,84625-61-6,DrugCentral,FDA_Approved.csv (current) + structures.smiles.tsv (2021_09_01),2026-07-29
888,dihydroergotamine,CN1C[C@@H](C[C@H]2[C@H]1CC1=CNC3=CC=CC2=C13)C(=O)N[C@]1(C)O[C@@]2(O)[C@@H]3CCCN3C(=O)[C@H](CC3=CC=CC=C3)N2C1=O,LUZRJRNZXALNLM-JGRZULCMSA-N,511-12-6,DrugCentral,FDA_Approved.csv (current) + structures.smiles.tsv (2021_09_01),2026-07-29
1264,gabapentin,NCC1(CC(O)=O)CCCCC1,UGJMXCAKCUNAIE-UHFFFAOYSA-N,60142-96-3,DrugCentral,FDA_Approved.csv (current) + structures.smiles.tsv (2021_09_01),2026-07-29
2123,phenelzine,NNCCC1=CC=CC=C1,RMUCZJUITONUFY-UHFFFAOYSA-N,51-71-8,DrugCentral,FDA_Approved.csv (current) + structures.smiles.tsv (2021_09_01),2026-07-29
2255,pregabalin,CC(C)C[C@H](CN)CC(O)=O,AYXYPKUFHZROOJ-ZETCQYMHSA-N,148553-50-8,DrugCentral,FDA_Approved.csv (current) + structures.smiles.tsv (2021_09_01),2026-07-29
1429,imiquimod,CC(C)CN1C=NC2=C(N)N=C3C=CC=CC3=C12,DOUYETYNHWVLEO-UHFFFAOYSA-N,99011-02-6,DrugCentral,FDA_Approved.csv (current) + structures.smiles.tsv (2021_09_01),2026-07-29
1601,lopinavir,CC(C)[C@H](N1CCCNC1=O)C(=O)N[C@H](C[C@H](O)[C@H](CC1=CC=CC=C1)NC(=O)COC1=C(C)C=CC=C1C)CC1=CC=CC=C1,KJHKTHWMRKYKJE-SUGCFTRWSA-N,192725-17-0,DrugCentral,FDA_Approved.csv (current) + structures.smiles.tsv (2021_09_01),2026-07-29
1679,memantine,CC12CC3CC(C)(C1)CC(N)(C3)C2,BUGYDGFZZOZRHP-UHFFFAOYSA-N,19982-08-2,DrugCentral,FDA_Approved.csv (current) + structures.smiles.tsv (2021_09_01),2026-07-29
5400,remimazolam,CC1=CN=C2N1C3=C(C=C(C=C3)Br)C(=N[C@H]2CCC(=O)OC)C4=CC=CC=N4,CYHWMBVXXDIZNZ-KRWDZBQOSA-N,308242-62-8,DrugCentral,FDA_Approved.csv (current) + structures.smiles.tsv (2021_09_01),2026-07-29
757,cyclopentolate,CN(C)CCOC(=O)C(C1=CC=CC=C1)C1(O)CCCC1,SKYSRIRYMSLOIN-UHFFFAOYSA-N,512-15-2,DrugCentral,FDA_Approved.csv (current) + structures.smiles.tsv (2021_09_01),2026-07-29
102,alatrofloxacin,C[C@H](N)C(=O)N[C@@H](C)C(=O)N[C@@H]1[C@H]2CN(C[C@@H]12)C1=C(F)C=C2C(=O)C(=CN(C3=C(F)C=C(F)C=C3)C2=N1)C(O)=O,UUZPPAMZDFLUHD-VUJLHGSVSA-N,146961-76-4,DrugCentral,FDA_Approved.csv (current) + structures.smiles.tsv (2021_09_01),2026-07-29
4149,doripenem,C[C@@H](O)[C@@H]1[C@H]2[C@@H](C)C(S[C@@H]3CN[C@H](CNS(N)(=O)=O)C3)=C(N2C1=O)C(O)=O,AVAACINZEOAHHE-VFZPANTDSA-N,148016-81-3,DrugCentral,FDA_Approved.csv (current) + structures.smiles.tsv (2021_09_01),2026-07-29
3248,fosfestrol,CC\C(=C(\CC)C1=CC=C(OP(O)(O)=O)C=C1)C1=CC=C(OP(O)(O)=O)C=C1,NLORYLAYLIXTID-ISLYRVAYSA-N,522-40-7,DrugCentral,FDA_Approved.csv (current) + structures.smiles.tsv (2021_09_01),2026-07-29
5303,revefenacin,CN(CCN1CCC(CC1)OC(=O)NC1=C(C=CC=C1)C1=CC=CC=C1)C(=O)C1=CC=C(CN2CCC(CC2)C(N)=O)C=C1,FYDWDCIFZSGNBU-UHFFFAOYSA-N,864750-70-9,DrugCentral,FDA_Approved.csv (current) + structures.smiles.tsv (2021_09_01),2026-07-29
813,deslanoside,C[C@H]1O[C@H](C[C@H](O)[C@@H]1O[C@H]1C[C@H](O)[C@H](O[C@H]2C[C@H](O)[C@H](O[C@@H]3O[C@H](CO)[C@@H](O)[C@H](O)[C@H]3O)[C@@H](C)O2)[C@@H](C)O1)O[C@H]1CC[C@@]2(C)[C@H](CC[C@@H]3[C@@H]2C[C@@H](O)[C@]2(C)[C@H](CC[C@]32O)C2=CC(=O)OC2)C1,OBATZBGFDSVCJD-LALPQLPRSA-N,17598-65-1,DrugCentral,FDA_Approved.csv (current) + structures.smiles.tsv (2021_09_01),2026-07-29
2510,sulfamerazine,CC1=CC=NC(NS(=O)(=O)C2=CC=C(N)C=C2)=N1,QPPBRPIAZZHUNT-UHFFFAOYSA-N,127-79-7,DrugCentral,FDA_Approved.csv (current) + structures.smiles.tsv (2021_09_01),2026-07-29
1491,isoetarine,CCC(NC(C)C)C(O)C1=CC(O)=C(O)C=C1,HUYWAWARQUIQLE-UHFFFAOYSA-N,530-08-5,DrugCentral,FDA_Approved.csv (current) + structures.smiles.tsv (2021_09_01),2026-07-29
4229,tafluprost,CC(C)OC(=O)CCC\C=C/C[C@H]1[C@@H](O)C[C@@H](O)[C@@H]1\C=C\C(F)(F)COC1=CC=CC=C1,WSNODXPBBALQOF-VEJSHDCNSA-N,209860-87-7,DrugCentral,FDA_Approved.csv (current) + structures.smiles.tsv (2021_09_01),2026-07-29
5242,voxilaprevir,CC[C@@H]1[C@@H]2CN([C@@H]1C(=O)N[C@@]1(C[C@H]1C(F)F)C(=O)NS(=O)(=O)C1(C)CC1)C(=O)[C@@H](NC(=O)O[C@@H]1C[C@H]1CCCCC(F)(F)C1=NC3=CC=C(OC)C=C3N=C1O2)C(C)(C)C,MZBLZLWXUBZHSL-FZNJKFJKSA-N,1535212-07-7,DrugCentral,FDA_Approved.csv (current) + structures.smiles.tsv (2021_09_01),2026-07-29
5271,macimorelin,CC(C)(N)C(=O)N[C@H](CC1=CC2=C(N1)C=CC=C2)C(=O)N[C@H](CC1=CNC2=C1C=CC=C2)NC=O,VPBQKRKRYYPMOF-DHIUTWEWSA-N,381231-18-1,DrugCentral,FDA_Approved.csv (current) + structures.smiles.tsv (2021_09_01),2026-07-29
2675,tioconazole,ClC1=C(COC(CN2C=CN=C2)C2=C(Cl)C=C(Cl)C=C2)C=CS1,QXHHHPZILQDDPS-UHFFFAOYSA-N,65899-73-2,DrugCentral,FDA_Approved.csv (current) + structures.smiles.tsv (2021_09_01),2026-07-29
5046,cobimetinib,OC1(CN(C1)C(=O)C1=C(NC2=CC=C(I)C=C2F)C(F)=C(F)C=C1)[C@@H]1CCCCN1,BSMCAPRUBJMWDF-KRWDZBQOSA-N,934660-93-2,DrugCentral,FDA_Approved.csv (current) + structures.smiles.tsv (2021_09_01),2026-07-29
257,atorvastatin,CC(C)C1=C(C(=O)NC2=CC=CC=C2)C(=C(N1CC[C@@H](O)C[C@@H](O)CC(O)=O)C1=CC=C(F)C=C1)C1=CC=CC=C1,XUKUURHRXDUEBC-KAYWLYCHSA-N,134523-00-5,DrugCentral,FDA_Approved.csv (current) + structures.smiles.tsv (2021_09_01),2026-07-29
3369,naphazoline,C(C1=NCCN1)C1=CC=CC2=CC=CC=C12,CNIIGCLFLJGOGP-UHFFFAOYSA-N,835-31-4,DrugCentral,FDA_Approved.csv (current) + structures.smiles.tsv (2021_09_01),2026-07-29
758,cyclophosphamide,ClCCN(CCCl)P1(=O)NCCCO1,CMSMOCZEIVJLDB-UHFFFAOYSA-N,50-18-0,DrugCentral,FDA_Approved.csv (current) + structures.smiles.tsv (2021_09_01),2026-07-29
4937,alectinib,CCC1=CC2=C(C=C1N1CCC(CC1)N1CCOCC1)C(C)(C)C1=C(C3=CC=C(C=C3N1)C#N)C2=O,KDGFLJKFZUIJMX-UHFFFAOYSA-N,1256580-46-7,DrugCentral,FDA_Approved.csv (current) + structures.smiles.tsv (2021_09_01),2026-07-29
1176,flecainide,FC(F)(F)COC1=CC(C(=O)NCC2CCCCN2)=C(OCC(F)(F)F)C=C1,DJBNUMBKLMJRSA-UHFFFAOYSA-N,54143-55-4,DrugCentral,FDA_Approved.csv (current) + structures.smiles.tsv (2021_09_01),2026-07-29
2616,thalidomide,O=C1N(C2CCC(=O)NC2=O)C(=O)C2=C1C=CC=C2,UEJJHQNACJXSKW-UHFFFAOYSA-N,50-35-1,DrugCentral,FDA_Approved.csv (current) + structures.smiles.tsv (2021_09_01),2026-07-29
1325,glycyrrhizic acid,CC1(C)[C@H](CC[C@@]2(C)[C@H]1CC[C@]1(C)[C@@H]2C(=O)C=C2[C@@H]3C[C@](C)(CC[C@]3(C)CC[C@@]12C)C(O)=O)O[C@H]1O[C@@H]([C@@H](O)[C@H](O)[C@H]1O[C@@H]1O[C@@H]([C@@H](O)[C@H](O)[C@H]1O)C(O)=O)C(O)=O,LPLVUJXQOOQHMX-QWBHMCJMSA-N,1405-86-3,DrugCentral,FDA_Approved.csv (current) + structures.smiles.tsv (2021_09_01),2026-07-29
1365,hexafluronium,C[N+](C)(CCCCCC[N+](C)(C)C1C2=CC=CC=C2C2=C1C=CC=C2)C1C2=CC=CC=C2C2=C1C=CC=C2,HDZAQYPYABGTCL-UHFFFAOYSA-N,317-52-2,DrugCentral,FDA_Approved.csv (current) + structures.smiles.tsv (2021_09_01),2026-07-29
789,decamethonium,C[N+](C)(C)CCCCCCCCCC[N+](C)(C)C,MTCUAOILFDZKCO-UHFFFAOYSA-N,156-74-1,DrugCentral,FDA_Approved.csv (current) + structures.smiles.tsv (2021_09_01),2026-07-29
2780,tryptophan,N[C@@H](CC1=CNC2=C1C=CC=C2)C(O)=O,QIVBCDIJIAJPQS-VIFPVBQESA-N,73-22-3,DrugCentral,FDA_Approved.csv (current) + structures.smiles.tsv (2021_09_01),2026-07-29
4635,Choline C-11,C[N+](C)([11CH3])CCO,OEYIOHPDSNJKLS-BJUDXGSMSA-N,94793-58-5,DrugCentral,FDA_Approved.csv (current) + structures.smiles.tsv (2021_09_01),2026-07-29
4642,dodecanoic acid,CCCCCCCCCCCC(O)=O,POULHZVOKOAJMA-UHFFFAOYSA-N,143-07-7,DrugCentral,FDA_Approved.csv (current) + structures.smiles.tsv (2021_09_01),2026-07-29
4258,thymol,CC(C)C1=C(O)C=C(C)C=C1,MGSRCZKZVOBKFT-UHFFFAOYSA-N,89-83-8,DrugCentral,FDA_Approved.csv (current) + structures.smiles.tsv (2021_09_01),2026-07-29
4420,dihydroergocryptine,CC(C)C[C@@H]1N2C(=O)[C@](NC(=O)[C@@H]3C[C@H]4[C@@H](CC5=CNC6=CC=CC4=C56)N(C)C3)(O[C@@]2(O)[C@@H]2CCCN2C1=O)C(C)C,PBUNVLRHZGSROC-VTIMJTGVSA-N,25447-66-9,DrugCentral,FDA_Approved.csv (current) + structures.smiles.tsv (2021_09_01),2026-07-29
1494,fluostigmine,CC(C)OP(F)(=O)OC(C)C,MUCZHBLJLSDCSD-UHFFFAOYSA-N,55-91-4,DrugCentral,FDA_Approved.csv (current) + structures.smiles.tsv (2021_09_01),2026-07-29
222,anisindione,COC1=CC=C(C=C1)C1C(=O)C2=C(C=CC=C2)C1=O,XRCFXMGQEVUZFC-UHFFFAOYSA-N,117-37-3,DrugCentral,FDA_Approved.csv (current) + structures.smiles.tsv (2021_09_01),2026-07-29
3542,saralasin,CNCC(=O)N[C@@H](CCCNC(N)=N)C(=O)N[C@@H](C(C)C)C(=O)N[C@@H](CC1=CC=C(O)C=C1)C(=O)N[C@@H](C(C)C)C(=O)N[C@@H](CC1=CNC=N1)C(=O)N1CCC[C@H]1C(=O)N[C@@H](C)C(O)=O,PFGWGEPQIUAZME-NXSMLHPHSA-N,34273-10-4,DrugCentral,FDA_Approved.csv (current) + structures.smiles.tsv (2021_09_01),2026-07-29
1974,novobiocin,CO[C@@H]1[C@@H](OC(N)=O)[C@@H](O)[C@H](OC2=CC=C3C(O)=C(NC(=O)C4=CC(CC=C(C)C)=C(O)C=C4)C(=O)OC3=C2C)OC1(C)C,YJQPYGGHQPGBLI-KGSXXDOSSA-N,303-81-1,DrugCentral,FDA_Approved.csv (current) + structures.smiles.tsv (2021_09_01),2026-07-29
332,benzthiazide,NS(=O)(=O)C1=CC2=C(C=C1Cl)N=C(CSCC1=CC=CC=C1)NS2(=O)=O,NDTSRXAMMQDVSW-UHFFFAOYSA-N,91-33-8,DrugCentral,FDA_Approved.csv (current) + structures.smiles.tsv (2021_09_01),2026-07-29
544,ceforanide,NCC1=C(CC(=O)N[C@H]2[C@H]3SCC(CSC4=NN=NN4CC(O)=O)=C(N3C2=O)C(O)=O)C=CC=C1,SLAYUXIURFNXPG-CRAIPNDOSA-N,60925-61-3,DrugCentral,FDA_Approved.csv (current) + structures.smiles.tsv (2021_09_01),2026-07-29
1364,hexachlorophene,OC1=C(Cl)C=C(Cl)C(Cl)=C1CC1=C(Cl)C(Cl)=CC(Cl)=C1O,ACGUYXCXAPNIKK-UHFFFAOYSA-N,70-30-4,DrugCentral,FDA_Approved.csv (current) + structures.smiles.tsv (2021_09_01),2026-07-29
2096,pentolonium,C[N+]1(CCCCC[N+]2(C)CCCC2)CCCC1,XSBSKEQEUFOSDD-UHFFFAOYSA-N,144-44-5,DrugCentral,FDA_Approved.csv (current) + structures.smiles.tsv (2021_09_01),2026-07-29
1094,ethylestrenol,CC[C@]1(O)CC[C@H]2[C@@H]3CCC4=CCCC[C@@H]4[C@H]3CC[C@]12C,AOXRBFRFYPMWLR-XGXHKTLJSA-N,965-90-2,DrugCentral,FDA_Approved.csv (current) + structures.smiles.tsv (2021_09_01),2026-07-29
2546,suprofen,CC(C(O)=O)C1=CC=C(C=C1)C(=O)C1=CC=CS1,MDKGKXOCJGEUJW-UHFFFAOYSA-N,40828-46-4,DrugCentral,FDA_Approved.csv (current) + structures.smiles.tsv (2021_09_01),2026-07-29
975,dydrogesterone,CC(=O)[C@H]1CC[C@H]2[C@@H]3C=CC4=CC(=O)CC[C@@]4(C)[C@@H]3CC[C@]12C,JGMOKGBVKVMRFX-HQZYFCCVSA-N,152-62-5,DrugCentral,FDA_Approved.csv (current) + structures.smiles.tsv (2021_09_01),2026-07-29
2039,oxyphenonium,CC[N+](C)(CC)CCOC(=O)C(O)(C1CCCCC1)C1=CC=CC=C1,GFRUPHOKLBPHTQ-UHFFFAOYSA-N,14214-84-7,DrugCentral,FDA_Approved.csv (current) + structures.smiles.tsv (2021_09_01),2026-07-29
761,cyclothiazide,NS(=O)(=O)C1=CC2=C(NC(NS2(=O)=O)C2CC3CC2C=C3)C=C1Cl,BOCUKUHCLICSIY-UHFFFAOYSA-N,2259-96-3,DrugCentral,FDA_Approved.csv (current) + structures.smiles.tsv (2021_09_01),2026-07-29
254,atazanavir,COC(=O)N[C@H](C(=O)N[C@@H](CC1=CC=CC=C1)[C@@H](O)CN(CC1=CC=C(C=C1)C1=CC=CC=N1)NC(=O)[C@@H](NC(=O)OC)C(C)(C)C)C(C)(C)C,AXRYRYVKAWYZBR-GASGPIRDSA-N,198904-31-3,DrugCentral,FDA_Approved.csv (current) + structures.smiles.tsv (2021_09_01),2026-07-29
1097,etidocaine,CCCN(CC)C(CC)C(=O)NC1=C(C)C=CC=C1C,VTUSIVBDOCDNHS-UHFFFAOYSA-N,36637-18-0,DrugCentral,FDA_Approved.csv (current) + structures.smiles.tsv (2021_09_01),2026-07-29
1273,gallamine,CC[N+](CC)(CC)CCOC1=CC=CC(OCC[N+](CC)(CC)CC)=C1OCC[N+](CC)(CC)CC,OZLPUNFFCJDMJD-UHFFFAOYSA-N,153-76-4,DrugCentral,FDA_Approved.csv (current) + structures.smiles.tsv (2021_09_01),2026-07-29
518,carprofen,CC(C(O)=O)C1=CC2=C(C=C1)C1=CC(Cl)=CC=C1N2,PUXBGTOOZJQSKH-UHFFFAOYSA-N,53716-49-7,DrugCentral,FDA_Approved.csv (current) + structures.smiles.tsv (2021_09_01),2026-07-29
1882,nandrolone phenpropionate,C[C@]12CC[C@H]3[C@@H](CCC4=CC(=O)CC[C@H]34)[C@@H]1CC[C@@H]2OC(=O)CCC1=CC=CC=C1,UBWXUGDQUBIEIZ-QNTYDACNSA-N,62-90-8,DrugCentral,FDA_Approved.csv (current) + structures.smiles.tsv (2021_09_01),2026-07-29
543,cefoperazone,CCN1CCN(C(=O)N[C@@H](C(=O)N[C@H]2[C@H]3SCC(CSC4=NN=NN4C)=C(N3C2=O)C(O)=O)C2=CC=C(O)C=C2)C(=O)C1=O,GCFBRXLSHGKWDP-XCGNWRKASA-N,62893-19-0,DrugCentral,FDA_Approved.csv (current) + structures.smiles.tsv (2021_09_01),2026-07-29
548,cefotiam,CN(C)CCN1N=NN=C1SCC1=C(N2[C@H](SC1)[C@H](NC(=O)CC1=CSC(N)=N1)C2=O)C(O)=O,QYQDKDWGWDOFFU-IUODEOHRSA-N,61622-34-2,DrugCentral,FDA_Approved.csv (current) + structures.smiles.tsv (2021_09_01),2026-07-29
1560,levallorphan,OC1=CC2=C(C[C@@H]3[C@@H]4CCCC[C@]24CCN3CC=C)C=C1,OZYUPQUCAUTOBP-QXAKKESOSA-N,152-02-3,DrugCentral,FDA_Approved.csv (current) + structures.smiles.tsv (2021_09_01),2026-07-29
435,bupropion,CC(NC(C)(C)C)C(=O)C1=CC(Cl)=CC=C1,SNPPWIUOZRMYNY-UHFFFAOYSA-N,34911-55-2,DrugCentral,FDA_Approved.csv (current) + structures.smiles.tsv (2021_09_01),2026-07-29
460,cabergoline,CCNC(=O)N(CCCN(C)C)C(=O)[C@@H]1C[C@H]2[C@@H](CC3=CNC4=CC=CC2=C34)N(CC=C)C1,KORNTPPJEAJQIU-KJXAQDMKSA-N,81409-90-7,DrugCentral,FDA_Approved.csv (current) + structures.smiles.tsv (2021_09_01),2026-07-29
1836,montelukast,CC(C)(O)C1=C(CC[C@@H](SCC2(CC(O)=O)CC2)C2=CC(\C=C\C3=NC4=CC(Cl)=CC=C4C=C3)=CC=C2)C=CC=C1,UCHDWCPVSPXUMX-TZIWLTJVSA-N,158966-92-8,DrugCentral,FDA_Approved.csv (current) + structures.smiles.tsv (2021_09_01),2026-07-29
1066,estramustine phosphate,C[C@]12CC[C@H]3[C@@H](CCC4=C3C=CC(OC(=O)N(CCCl)CCCl)=C4)[C@@H]1CC[C@@H]2OP(O)(O)=O,ADFOJJHRTBFFOF-RBRWEJTLSA-N,4891-15-0,DrugCentral,FDA_Approved.csv (current) + structures.smiles.tsv (2021_09_01),2026-07-29
4482,corbadrine,C[C@H](N)[C@H](O)C1=CC(O)=C(O)C=C1,GEFQWZLICWMTKF-CDUCUWFYSA-N,829-74-3,DrugCentral,FDA_Approved.csv (current) + structures.smiles.tsv (2021_09_01),2026-07-29
5272,angiotensin II,CC[C@H](C)[C@H](NC(=O)[C@H](CC1=CC=C(O)C=C1)NC(=O)[C@@H](NC(=O)[C@H](CCCNC(N)=N)NC(=O)[C@@H](N)CC(O)=O)C(C)C)C(=O)N[C@@H](CC1=CNC=N1)C(=O)N1CCC[C@H]1C(=O)N[C@@H](CC1=CC=CC=C1)C(O)=O,CZGUSIXMZVURDU-JZXHSEFVSA-N,4474-91-3,DrugCentral,FDA_Approved.csv (current) + structures.smiles.tsv (2021_09_01),2026-07-29
34,abacavir,NC1=NC(NC2CC2)=C2N=CN([C@@H]3C[C@H](CO)C=C3)C2=N1,MCGSCOLBFJQGHM-SCZZXKLOSA-N,136470-78-5,DrugCentral,FDA_Approved.csv (current) + structures.smiles.tsv (2021_09_01),2026-07-29
43,aceclofenac,OC(=O)COC(=O)CC1=C(NC2=C(Cl)C=CC=C2Cl)C=CC=C1,MNIPYSSQXLZQLJ-UHFFFAOYSA-N,89796-99-6,DrugCentral,FDA_Approved.csv (current) + structures.smiles.tsv (2021_09_01),2026-07-29
74,acetylsalicylic acid,CC(=O)OC1=CC=CC=C1C(O)=O,BSYNRYMUTXBXSQ-UHFFFAOYSA-N,50-78-2,DrugCentral,FDA_Approved.csv (current) + structures.smiles.tsv (2021_09_01),2026-07-29
65,acetylcholine,CC(=O)OCC[N+](C)(C)C,OIPILFWXSMYKGL-UHFFFAOYSA-N,51-84-3,DrugCentral,FDA_Approved.csv (current) + structures.smiles.tsv (2021_09_01),2026-07-29
260,atropine,CN1[C@H]2CC[C@@H]1C[C@@H](C2)OC(=O)C(CO)C1=CC=CC=C1,RKUNBYITZUJHSG-SPUOUPEWSA-N,51-55-8,DrugCentral,FDA_Approved.csv (current) + structures.smiles.tsv (2021_09_01),2026-07-29
342,bepridil,CC(C)COCC(CN(CC1=CC=CC=C1)C1=CC=CC=C1)N1CCCC1,UIEATEWHFDRYRU-UHFFFAOYSA-N,64706-54-3,DrugCentral,FDA_Approved.csv (current) + structures.smiles.tsv (2021_09_01),2026-07-29
357,betazole,NCCC1=NNC=C1,JXDFEQONERDKSS-UHFFFAOYSA-N,105-20-4,DrugCentral,FDA_Approved.csv (current) + structures.smiles.tsv (2021_09_01),2026-07-29
416,buclizine,CC(C)(C)C1=CC=C(CN2CCN(CC2)C(C2=CC=CC=C2)C2=CC=C(Cl)C=C2)C=C1,MOYGZHXDRJNJEP-UHFFFAOYSA-N,82-95-1,DrugCentral,FDA_Approved.csv (current) + structures.smiles.tsv (2021_09_01),2026-07-29
444,butenafine,CN(CC1=CC=C(C=C1)C(C)(C)C)CC1=CC=CC2=CC=CC=C12,ABJKWBDEJIDSJZ-UHFFFAOYSA-N,101828-21-1,DrugCentral,FDA_Approved.csv (current) + structures.smiles.tsv (2021_09_01),2026-07-29
508,carindacillin,CC1(C)S[C@@H]2[C@H](NC(=O)C(C(=O)OC3=CC4=C(CCC4)C=C3)C3=CC=CC=C3)C(=O)N2[C@H]1C(O)=O,JIRBAUWICKGBFE-MNRDOXJOSA-N,35531-88-5,DrugCentral,FDA_Approved.csv (current) + structures.smiles.tsv (2021_09_01),2026-07-29
516,carfenazine,CCC(=O)C1=CC=C2SC3=CC=CC=C3N(CCCN3CCN(CCO)CC3)C2=C1,XZSMZRXAEFNJCU-UHFFFAOYSA-N,2622-30-2,DrugCentral,FDA_Approved.csv (current) + structures.smiles.tsv (2021_09_01),2026-07-29
539,cefmetazole,CO[C@]1(NC(=O)CSCC#N)[C@H]2SCC(CSC3=NN=NN3C)=C(N2C1=O)C(O)=O,SNBUBQHDYVFSQF-HIFRSBDPSA-N,56796-20-4,DrugCentral,FDA_Approved.csv (current) + structures.smiles.tsv (2021_09_01),2026-07-29
575,cefapirin,CC(=O)OCC1=C(N2[C@H](SC1)[C@H](NC(=O)CSC1=CC=NC=C1)C2=O)C(O)=O,UQLLWWBDSUHNEB-CZUORRHYSA-N,21593-23-7,DrugCentral,FDA_Approved.csv (current) + structures.smiles.tsv (2021_09_01),2026-07-29
681,clioquinol,OC1=C2N=CC=CC2=C(Cl)C=C1I,QCDFBFJGMNKBDO-UHFFFAOYSA-N,130-26-7,DrugCentral,FDA_Approved.csv (current) + structures.smiles.tsv (2021_09_01),2026-07-29
846,dextrothyroxine,N[C@H](CC1=CC(I)=C(OC2=CC(I)=C(O)C(I)=C2)C(I)=C1)C(O)=O,XUIIKFGFIJCVMT-GFCCVEGCSA-N,51-49-0,DrugCentral,FDA_Approved.csv (current) + structures.smiles.tsv (2021_09_01),2026-07-29
971,droxidopa,N[C@@H]([C@H](O)C1=CC(O)=C(O)C=C1)C(O)=O,QXWYKJLNLSIPIN-JGVFFNPUSA-N,23651-95-8,DrugCentral,FDA_Approved.csv (current) + structures.smiles.tsv (2021_09_01),2026-07-29
973,dutasteride,C[C@]12CC[C@H]3[C@@H](CC[C@H]4NC(=O)C=C[C@]34C)[C@@H]1CC[C@@H]2C(=O)NC1=C(C=CC(=C1)C(F)(F)F)C(F)(F)F,JWJOTENAMICLJG-QWBYCMEYSA-N,164656-23-9,DrugCentral,FDA_Approved.csv (current) + structures.smiles.tsv (2021_09_01),2026-07-29
1027,epinastine,NC1=NCC2N1C1=C(CC3=C2C=CC=C3)C=CC=C1,WHWZLSFABNNENI-UHFFFAOYSA-N,80012-43-7,DrugCentral,FDA_Approved.csv (current) + structures.smiles.tsv (2021_09_01),2026-07-29
1241,foscarnet,OC(=O)P(O)(O)=O,ZJAOAACCNHFJAH-UHFFFAOYSA-N,4428-95-9,DrugCentral,FDA_Approved.csv (current) + structures.smiles.tsv (2021_09_01),2026-07-29
1330,grepafloxacin,CC1CN(CCN1)C1=C(F)C(C)=C2C(=O)C(=CN(C3CC3)C2=C1)C(O)=O,AIJTTZAVMXIJGM-UHFFFAOYSA-N,119914-60-2,DrugCentral,FDA_Approved.csv (current) + structures.smiles.tsv (2021_09_01),2026-07-29
1593,lofexidine,CC(OC1=C(Cl)C=CC=C1Cl)C1=NCCN1,KSMAGQUYOIHWFS-UHFFFAOYSA-N,31036-80-3,DrugCentral,FDA_Approved.csv (current) + structures.smiles.tsv (2021_09_01),2026-07-29
1530,ketotifen,CN1CCC(CC1)=C1C2=C(SC=C2)C(=O)CC2=C1C=CC=C2,ZCVMWBYGMWKGHF-UHFFFAOYSA-N,34580-13-7,DrugCentral,FDA_Approved.csv (current) + structures.smiles.tsv (2021_09_01),2026-07-29
1564,levocabastine,C[C@@H]1CN(CC[C@]1(C(O)=O)C1=CC=CC=C1)[C@H]1CC[C@](CC1)(C#N)C1=CC=C(F)C=C1,ZCGOMHNNNFPNMX-KYTRFIICSA-N,79516-68-0,DrugCentral,FDA_Approved.csv (current) + structures.smiles.tsv (2021_09_01),2026-07-29
1594,lomefloxacin,CCN1C=C(C(O)=O)C(=O)C2=CC(F)=C(N3CCNC(C)C3)C(F)=C12,ZEKZLJVOYLTDKK-UHFFFAOYSA-N,98079-51-7,DrugCentral,FDA_Approved.csv (current) + structures.smiles.tsv (2021_09_01),2026-07-29
1637,masoprocol,C[C@@H](CC1=CC(O)=C(O)C=C1)[C@H](C)CC1=CC(O)=C(O)C=C1,HCZKYJDFEPMADG-TXEJJXNPSA-N,27686-84-6,DrugCentral,FDA_Approved.csv (current) + structures.smiles.tsv (2021_09_01),2026-07-29
1640,mazindol,OC1(N2CCN=C2C2=CC=CC=C12)C1=CC=C(Cl)C=C1,ZPXSCAKFGYXMGA-UHFFFAOYSA-N,22232-71-9,DrugCentral,FDA_Approved.csv (current) + structures.smiles.tsv (2021_09_01),2026-07-29
1694,mephentermine,CNC(C)(C)CC1=CC=CC=C1,RXQCGGRTAILOIN-UHFFFAOYSA-N,100-92-5,DrugCentral,FDA_Approved.csv (current) + structures.smiles.tsv (2021_09_01),2026-07-29
1732,methamphetamine,CN[C@@H](C)CC1=CC=CC=C1,MYWUZJCMWCOHBA-VIFPVBQESA-N,537-46-2,DrugCentral,FDA_Approved.csv (current) + structures.smiles.tsv (2021_09_01),2026-07-29
1775,methysergide,CC[C@@H](CO)NC(=O)[C@H]1CN(C)[C@@H]2CC3=CN(C)C4=CC=CC(=C34)C2=C1,KPJZHOPZRAFDTN-ZRGWGRIASA-N,361-37-5,DrugCentral,FDA_Approved.csv (current) + structures.smiles.tsv (2021_09_01),2026-07-29
1876,nalmefene,OC1=C2O[C@H]3C(=C)CC[C@@]4(O)[C@H]5CC(C=C1)=C2[C@@]34CCN5CC1CC1,WJBLNOPPDWQMCH-MBPVOVBZSA-N,55096-26-9,DrugCentral,FDA_Approved.csv (current) + structures.smiles.tsv (2021_09_01),2026-07-29
1881,nandrolone decanoate,CCCCCCCCCC(=O)O[C@H]1CC[C@H]2[C@@H]3CCC4=CC(=O)CC[C@@H]4[C@H]3CC[C@]12C,JKWKMORAXJQQSR-MOPIKTETSA-N,360-70-3,DrugCentral,FDA_Approved.csv (current) + structures.smiles.tsv (2021_09_01),2026-07-29
2027,oxprenolol,CC(C)NCC(O)COC1=C(OCC=C)C=CC=C1,CEMAWMOMDPGJMB-UHFFFAOYSA-N,6452-71-7,DrugCentral,FDA_Approved.csv (current) + structures.smiles.tsv (2021_09_01),2026-07-29
2048,pamidronic acid,NCCC(O)(P(O)(O)=O)P(O)(O)=O,WRUUGTRCQOWXEG-UHFFFAOYSA-N,40391-99-9,DrugCentral,FDA_Approved.csv (current) + structures.smiles.tsv (2021_09_01),2026-07-29
2065,pargyline,CN(CC#C)CC1=CC=CC=C1,DPWPWRLQFGFJFI-UHFFFAOYSA-N,555-57-7,DrugCentral,FDA_Approved.csv (current) + structures.smiles.tsv (2021_09_01),2026-07-29
2075,pemoline,NC1=NC(=O)C(O1)C1=CC=CC=C1,NRNCYVBFPDDJNE-UHFFFAOYSA-N,2152-34-3,DrugCentral,FDA_Approved.csv (current) + structures.smiles.tsv (2021_09_01),2026-07-29
2079,penciclovir,NC1=NC(=O)C2=C(N1)N(CCC(CO)CO)C=N2,JNTOCHDNEULJHD-UHFFFAOYSA-N,39809-25-1,DrugCentral,FDA_Approved.csv (current) + structures.smiles.tsv (2021_09_01),2026-07-29
2139,phensuximide,CN1C(=O)CC(C1=O)C1=CC=CC=C1,WLWFNJKHKGIJNW-UHFFFAOYSA-N,86-34-0,DrugCentral,FDA_Approved.csv (current) + structures.smiles.tsv (2021_09_01),2026-07-29
2173,pinacidil,CC(NC(NC1=CC=NC=C1)=NC#N)C(C)(C)C,IVVNZDGDKPTYHK-UHFFFAOYSA-N,60560-33-0,DrugCentral,FDA_Approved.csv (current) + structures.smiles.tsv (2021_09_01),2026-07-29
2269,probucol,CC(C)(SC1=CC(=C(O)C(=C1)C(C)(C)C)C(C)(C)C)SC1=CC(=C(O)C(=C1)C(C)(C)C)C(C)(C)C,FYPMFJGVHOHGLL-UHFFFAOYSA-N,23288-49-5,DrugCentral,FDA_Approved.csv (current) + structures.smiles.tsv (2021_09_01),2026-07-29
2316,protirelin,NC(=O)[C@@H]1CCCN1C(=O)[C@H](CC1=CNC=N1)NC(=O)[C@@H]1CCC(=O)N1,XNSAINXGIQZQOO-SRVKXCTJSA-N,24305-27-9,DrugCentral,FDA_Approved.csv (current) + structures.smiles.tsv (2021_09_01),2026-07-29
2397,rofecoxib,CS(=O)(=O)C1=CC=C(C=C1)C1=C(C(=O)OC1)C1=CC=CC=C1,RZJQGNCSTQAWON-UHFFFAOYSA-N,162011-90-7,DrugCentral,FDA_Approved.csv (current) + structures.smiles.tsv (2021_09_01),2026-07-29
2433,sermorelin,CC[C@H](C)[C@H](NC(=O)[C@H](C)NC(=O)[C@H](CC(O)=O)NC(=O)[C@H](C)NC(=O)[C@@H](N)CC1=CC=C(O)C=C1)C(=O)N[C@@H](CC1=CC=CC=C1)C(=O)N[C@@H]([C@@H](C)O)C(=O)N[C@@H](CC(N)=O)C(=O)N[C@@H](CO)C(=O)N[C@@H](CC1=CC=C(O)C=C1)C(=O)N[C@@H](CCCNC(N)=N)C(=O)N[C@@H](CCCCN)C(=O)N[C@@H](C(C)C)C(=O)N[C@@H](CC(C)C)C(=O)NCC(=O)N[C@@H](CCC(N)=O)C(=O)N[C@@H](CC(C)C)C(=O)N[C@@H](CO)C(=O)N[C@@H](C)C(=O)N[C@@H](CCCNC(N)=N)C(=O)N[C@@H](CCCCN)C(=O)N[C@@H](CC(C)C)C(=O)N[C@@H](CC(C)C)C(=O)N[C@@H](CCC(N)=O)C(=O)N[C@@H](CC(O)=O)C(=O)N[C@@H]([C@@H](C)CC)C(=O)N[C@@H](CCSC)C(=O)N[C@@H](CO)C(=O)N[C@@H](CCCNC(N)=N)C(N)=O,WGWPRVFKDLAUQJ-MITYVQBRSA-N,86168-78-7,DrugCentral,FDA_Approved.csv (current) + structures.smiles.tsv (2021_09_01),2026-07-29
2466,sparfloxacin,C[C@H]1CN(C[C@@H](C)N1)C1=C(F)C(N)=C2C(=O)C(=CN(C3CC3)C2=C1F)C(O)=O,DZZWHBIBMUVIIW-DTORHVGOSA-N,110871-86-8,DrugCentral,FDA_Approved.csv (current) + structures.smiles.tsv (2021_09_01),2026-07-29
2486,succimer,OC(=O)[C@@H](S)[C@@H](S)C(O)=O,ACTRVOBWPAIOHC-XIXRPRMCSA-N,304-55-2,DrugCentral,FDA_Approved.csv (current) + structures.smiles.tsv (2021_09_01),2026-07-29
2495,sulconazole,ClC1=CC=C(CS[C@@H](CN2C=CN=C2)C2=CC=C(Cl)C=C2Cl)C=C1,AFNXATANNDIXLG-SFHVURJKSA-N,61318-90-9,DrugCentral,FDA_Approved.csv (current) + structures.smiles.tsv (2021_09_01),2026-07-29
2630,thiethylperazine,CCSC1=CC=C2SC3=CC=CC=C3N(CCCN3CCN(C)CC3)C2=C1,XCTYLCDETUVOIP-UHFFFAOYSA-N,1420-55-9,DrugCentral,FDA_Approved.csv (current) + structures.smiles.tsv (2021_09_01),2026-07-29
2734,triclabendazole,CSC1=NC2=C(N1)C=C(Cl)C(OC1=C(Cl)C(Cl)=CC=C1)=C2,NQPDXQQQCQDHHW-UHFFFAOYSA-N,68786-66-3,DrugCentral,FDA_Approved.csv (current) + structures.smiles.tsv (2021_09_01),2026-07-29
2752,trimetaphan,O=C1N(CC2=CC=CC=C2)C2C[S+]3CCCC3C2N1CC1=CC=CC=C1,CHQOEHPMXSHGCL-UHFFFAOYSA-N,7187-66-8,DrugCentral,FDA_Approved.csv (current) + structures.smiles.tsv (2021_09_01),2026-07-29
2767,troglitazone,CC1=C(O)C(C)=C2CCC(C)(COC3=CC=C(CC4SC(=O)NC4=O)C=C3)OC2=C1C,GXPHKUHSUJUWKP-UHFFFAOYSA-N,97322-87-7,DrugCentral,FDA_Approved.csv (current) + structures.smiles.tsv (2021_09_01),2026-07-29
2777,trovafloxacin,N[C@H]1[C@@H]2CN(C[C@H]12)C1=C(F)C=C2C(=O)C(=CN(C3=C(F)C=C(F)C=C3)C2=N1)C(O)=O,WVPSKSLAZQPAKQ-CDMJZVDBSA-N,147059-72-1,DrugCentral,FDA_Approved.csv (current) + structures.smiles.tsv (2021_09_01),2026-07-29
2794,unoprostone isopropyl,CCCCCCCC(=O)CC[C@H]1[C@H](O)C[C@H](O)[C@@H]1C\C=C/CCCC(=O)OC(C)C,XXUPXHKCPIKWLR-JHUOEJJVSA-N,120373-24-2,DrugCentral,FDA_Approved.csv (current) + structures.smiles.tsv (2021_09_01),2026-07-29
2818,vidarabine,NC1=NC=NC2=C1N=CN2[C@@H]1O[C@H](CO)[C@@H](O)[C@@H]1O,OIRDTQYFTABQOQ-UHTZMRCNSA-N,5536-17-4,DrugCentral,FDA_Approved.csv (current) + structures.smiles.tsv (2021_09_01),2026-07-29
3312,ivabradine,COC1=C(OC)C=C2[C@@H](CN(C)CCCN3CCC4=CC(OC)=C(OC)C=C4CC3=O)CC2=C1,ACRHBAYQBXXRTO-OAQYLSRUSA-N,155974-00-8,DrugCentral,FDA_Approved.csv (current) + structures.smiles.tsv (2021_09_01),2026-07-29
3355,methyl nicotinate,COC(=O)C1=CC=CN=C1,YNBADRVTZLEFNH-UHFFFAOYSA-N,93-60-7,DrugCentral,FDA_Approved.csv (current) + structures.smiles.tsv (2021_09_01),2026-07-29
3483,posaconazole,CC[C@@H]([C@H](C)O)N1N=CN(C1=O)C1=CC=C(C=C1)N1CCN(CC1)C1=CC=C(OC[C@@H]2CO[C@](CN3C=NC=N3)(C2)C2=CC=C(F)C=C2F)C=C1,RAGOYPUPXAKGKH-XAKZXMRKSA-N,171228-49-2,DrugCentral,FDA_Approved.csv (current) + structures.smiles.tsv (2021_09_01),2026-07-29
3446,undecylenic acid,OC(=O)CCCCCCCCC=C,FRPZMMHWLSIFAZ-UHFFFAOYSA-N,112-38-9,DrugCentral,FDA_Approved.csv (current) + structures.smiles.tsv (2021_09_01),2026-07-29
4181,retigabine,CCOC(=O)NC1=C(N)C=C(NCC2=CC=C(F)C=C2)C=C1,PCOBBVZJEWWZFR-UHFFFAOYSA-N,150812-12-7,DrugCentral,FDA_Approved.csv (current) + structures.smiles.tsv (2021_09_01),2026-07-29
4225,axitinib,CNC(=O)C1=C(SC2=CC=C3C(NN=C3\C=C\C3=CC=CC=N3)=C2)C=CC=C1,RITAVMQDGBJQJZ-FMIVXFBMSA-N,319460-85-0,DrugCentral,FDA_Approved.csv (current) + structures.smiles.tsv (2021_09_01),2026-07-29
4230,Ioflupane I-123,COC(=O)[C@@H]1[C@H]2CC[C@@H](C[C@@H]1C1=CC=C([123I])C=C1)N2CCCF,HXWLAJVUJSVENX-HFIFKADTSA-N,155798-07-5,DrugCentral,FDA_Approved.csv (current) + structures.smiles.tsv (2021_09_01),2026-07-29
4227,vismodegib,CS(=O)(=O)C1=CC(Cl)=C(C=C1)C(=O)NC1=CC=C(Cl)C(=C1)C1=CC=CC=N1,BPQMGSKTAYIVFO-UHFFFAOYSA-N,879085-55-9,DrugCentral,FDA_Approved.csv (current) + structures.smiles.tsv (2021_09_01),2026-07-29
4285,Florbetapir F-18,CNC1=CC=C(\C=C\C2=CN=C(OCCOCCOCC[18F])C=C2)C=C1,YNDIAUKFXKEXSV-CRYLGTRXSA-N,956103-76-7,DrugCentral,FDA_Approved.csv (current) + structures.smiles.tsv (2021_09_01),2026-07-29
4298,apixaban,COC1=CC=C(C=C1)N1N=C(C(N)=O)C2=C1C(=O)N(CC2)C1=CC=C(C=C1)N1CCCCC1=O,QNZCBYKSOIHPEH-UHFFFAOYSA-N,503612-47-3,DrugCentral,FDA_Approved.csv (current) + structures.smiles.tsv (2021_09_01),2026-07-29
4817,rifamycin,CO[C@H]1\C=C\O[C@@]2(C)OC3=C(C)C(O)=C4C(O)=C(NC(=O)\C(C)=C/C=C/[C@H](C)[C@H](O)[C@@H](C)[C@@H](O)[C@@H](C)[C@H](OC(C)=O)[C@@H]1C)C=C(O)C4=C3C2=O,HJYYPODYNSCCOU-ODRIEIDWSA-N,6998-60-3,DrugCentral,FDA_Approved.csv (current) + structures.smiles.tsv (2021_09_01),2026-07-29
4483,carfilzomib,CC(C)C[C@H](NC(=O)[C@H](CCC1=CC=CC=C1)NC(=O)CN1CCOCC1)C(=O)N[C@@H](CC1=CC=CC=C1)C(=O)N[C@@H](CC(C)C)C(=O)[C@@]1(C)CO1,BLMPQMFVWMYDKT-NZTKNTHTSA-N,868540-17-4,DrugCentral,FDA_Approved.csv (current) + structures.smiles.tsv (2021_09_01),2026-07-29
4514,teriparatide,CC[C@H](C)[C@H](NC(=O)[C@H](CCC(O)=O)NC(=O)[C@H](CO)NC(=O)[C@@H](NC(=O)[C@@H](N)CO)C(C)C)C(=O)N[C@@H](CCC(N)=O)C(=O)N[C@@H](CC(C)C)C(=O)N[C@@H](CCSC)C(=O)N[C@@H](CC1=CNC=N1)C(=O)N[C@@H](CC(N)=O)C(=O)N[C@@H](CC(C)C)C(=O)NCC(=O)N[C@@H](CCCCN)C(=O)N[C@@H](CC1=CNC=N1)C(=O)N[C@@H](CC(C)C)C(=O)N[C@@H](CC(N)=O)C(=O)N[C@@H](CO)C(=O)N[C@@H](CCSC)C(=O)N[C@@H](CCC(O)=O)C(=O)N[C@@H](CCCNC(N)=N)C(=O)N[C@@H](C(C)C)C(=O)N[C@@H](CCC(O)=O)C(=O)N[C@@H](CC1=CNC2=C1C=CC=C2)C(=O)N[C@@H](CC(C)C)C(=O)N[C@@H](CCCNC(N)=N)C(=O)N[C@@H](CCCCN)C(=O)N[C@@H](CCCCN)C(=O)N[C@@H](CC(C)C)C(=O)N[C@@H](CCC(N)=O)C(=O)N[C@@H](CC(O)=O)C(=O)N[C@@H](C(C)C)C(=O)N[C@@H](CC1=CNC=N1)C(=O)N[C@@H](CC(N)=O)C(=O)N[C@@H](CC1=CC=CC=C1)C(O)=O,OGBMKVWORPGQRR-UMXFMPSGSA-N,52232-67-4,DrugCentral,FDA_Approved.csv (current) + structures.smiles.tsv (2021_09_01),2026-07-29
4622,linaclotide,C[C@@H](O)[C@@H]1NC(=O)[C@@H]2CSSC[C@@H]3NC(=O)[C@@H](N)CSSC[C@H](NC(=O)[C@H](CSSC[C@H](NC(=O)CNC1=O)C(=O)N[C@@H](CC1=CC=C(O)C=C1)C(O)=O)NC(=O)[C@H](CC1=CC=C(O)C=C1)NC(=O)[C@H](CCC(O)=O)NC3=O)C(=O)N[C@@H](CC(N)=O)C(=O)N1CCC[C@H]1C(=O)N[C@@H](C)C(=O)N2,KXGCNMMJRFDFNR-WDRJZQOASA-N,851199-59-2,DrugCentral,FDA_Approved.csv (current) + structures.smiles.tsv (2021_09_01),2026-07-29
4641,levmetamfetamine,CN[C@H](C)CC1=CC=CC=C1,MYWUZJCMWCOHBA-SECBINFHSA-N,33817-09-3,DrugCentral,FDA_Approved.csv (current) + structures.smiles.tsv (2021_09_01),2026-07-29
4752,levobetaxolol,CC(C)NC[C@H](O)COC1=CC=C(CCOCC2CC2)C=C1,NWIUTZDMDHAVTP-KRWDZBQOSA-N,93221-48-8,DrugCentral,FDA_Approved.csv (current) + structures.smiles.tsv (2021_09_01),2026-07-29
4802,trametinib,CN1C(=O)C(C)=C2N(C(=O)N(C3CC3)C(=O)C2=C1NC1=C(F)C=C(I)C=C1)C1=CC(NC(C)=O)=CC=C1,LIRYPHYGHXZJBZ-UHFFFAOYSA-N,871700-17-3,DrugCentral,FDA_Approved.csv (current) + structures.smiles.tsv (2021_09_01),2026-07-29
4805,dolutegravir,C[C@@H]1CCO[C@H]2CN3C=C(C(=O)NCC4=C(F)C=C(F)C=C4)C(=O)C(O)=C3C(=O)N12,RHWKPHLQXYSBKR-BMIGLBTASA-N,1051375-16-6,DrugCentral,FDA_Approved.csv (current) + structures.smiles.tsv (2021_09_01),2026-07-29
4813,luliconazole,ClC1=CC(Cl)=C(C=C1)[C@@H]1CS\C(S1)=C(\C#N)N1C=CN=C1,YTAOBBFIOAEMLL-REQDGWNSSA-N,187164-19-8,DrugCentral,FDA_Approved.csv (current) + structures.smiles.tsv (2021_09_01),2026-07-29
4811,sofosbuvir,CC(C)OC(=O)[C@H](C)N[P@](=O)(OC[C@H]1O[C@@H](N2C=CC(=O)NC2=O)[C@](C)(F)[C@@H]1O)OC1=CC=CC=C1,TTZHDVOVKQGIBA-IQWMDFIBSA-N,1190307-88-0,DrugCentral,FDA_Approved.csv (current) + structures.smiles.tsv (2021_09_01),2026-07-29
4823,peramivir,CCC(CC)[C@H](NC(C)=O)[C@@H]1[C@H](O)[C@H](C[C@H]1NC(N)=N)C(O)=O,XRQDFNLINLXZLB-CKIKVBCHSA-N,330600-85-6,DrugCentral,FDA_Approved.csv (current) + structures.smiles.tsv (2021_09_01),2026-07-29
4829,apremilast,CCOC1=C(OC)C=CC(=C1)[C@@H](CS(C)(=O)=O)N1C(=O)C2=CC=CC(NC(C)=O)=C2C1=O,IMOZEMNVLZVGJZ-QGZVFWFLSA-N,608141-41-9,DrugCentral,FDA_Approved.csv (current) + structures.smiles.tsv (2021_09_01),2026-07-29
4857,estrone sulphate,C[C@]12CC[C@H]3[C@@H](CCC4=C3C=CC(OS(O)(=O)=O)=C4)[C@@H]1CCC2=O,JKKFKPJIXZFSSB-CBZIJGRNSA-N,7280-37-7,DrugCentral,FDA_Approved.csv (current) + structures.smiles.tsv (2021_09_01),2026-07-29
4877,tavaborole,OB1OCC2=C1C=CC(F)=C2,LFQDNHWZDQTITF-UHFFFAOYSA-N,174671-46-6,DrugCentral,FDA_Approved.csv (current) + structures.smiles.tsv (2021_09_01),2026-07-29
4893,tipiracil,ClC1=C(CN2CCCC2=N)NC(=O)NC1=O,QQHMKNYGKVVGCZ-UHFFFAOYSA-N,183204-74-2,DrugCentral,FDA_Approved.csv (current) + structures.smiles.tsv (2021_09_01),2026-07-29
4921,safinamide,C[C@H](NCC1=CC=C(OCC2=CC(F)=CC=C2)C=C1)C(N)=O,NEMGRZFTLSKBAP-LBPRGKRZSA-N,133865-89-1,DrugCentral,FDA_Approved.csv (current) + structures.smiles.tsv (2021_09_01),2026-07-29
4946,avibactam,NC(=O)[C@@H]1CC[C@@H]2C[N@]1C(=O)N2OS(O)(=O)=O,NDCUAPJVLWFHHB-UHNVWZDZSA-N,1192500-31-4,DrugCentral,FDA_Approved.csv (current) + structures.smiles.tsv (2021_09_01),2026-07-29
5032,menadiol sodium diphosphate,CC1=C(OP(O)(O)=O)C2=CC=CC=C2C(OP(O)(O)=O)=C1,JTNHOVZOOVVGHI-UHFFFAOYSA-N,6700-42-1,DrugCentral,FDA_Approved.csv (current) + structures.smiles.tsv (2021_09_01),2026-07-29
5012,sacubitril,CCOC(=O)[C@H](C)C[C@@H](CC1=CC=C(C=C1)C1=CC=CC=C1)NC(=O)CCC(O)=O,PYNXFZCZUAOOQC-UTKZUKDTSA-N,149709-62-6,DrugCentral,FDA_Approved.csv (current) + structures.smiles.tsv (2021_09_01),2026-07-29
5075,lesinurad,OC(=O)CSC1=NN=C(Br)N1C1=C2C=CC=CC2=C(C=C1)C1CC1,FGQFOYHRJSUHMR-UHFFFAOYSA-N,878672-00-5,DrugCentral,FDA_Approved.csv (current) + structures.smiles.tsv (2021_09_01),2026-07-29
5110,migalastat,OC[C@H]1NC[C@H](O)[C@@H](O)[C@H]1O,LXBIFEVIBLOUGU-DPYQTVNSSA-N,108147-54-2,DrugCentral,FDA_Approved.csv (current) + structures.smiles.tsv (2021_09_01),2026-07-29
5144,gluconolactone,OC[C@H]1OC(=O)[C@H](O)[C@@H](O)[C@@H]1O,PHOQVHQSTUBQQK-SQOUGZDYSA-N,90-80-2,DrugCentral,FDA_Approved.csv (current) + structures.smiles.tsv (2021_09_01),2026-07-29
5203,rucaparib,CNCC1=CC=C(C=C1)C1=C2CCNC(=O)C3=CC(F)=CC(N1)=C23,HMABYWSNWIZPAG-UHFFFAOYSA-N,283173-50-2,DrugCentral,FDA_Approved.csv (current) + structures.smiles.tsv (2021_09_01),2026-07-29
5222,niraparib,NC(=O)C1=CC=CC2=CN(N=C12)C1=CC=C(C=C1)[C@@H]1CCCNC1,PCHKPVIQAHNQLW-CQSZACIVSA-N,1038915-60-4,DrugCentral,FDA_Approved.csv (current) + structures.smiles.tsv (2021_09_01),2026-07-29
5241,betrixaban,COC1=CC=C(NC(=O)C2=CC=C(C=C2)C(=N)N(C)C)C(=C1)C(=O)NC1=CC=C(Cl)C=N1,XHOLNRLADUSQLD-UHFFFAOYSA-N,330942-05-7,DrugCentral,FDA_Approved.csv (current) + structures.smiles.tsv (2021_09_01),2026-07-29
5274,bictegravir,OC1=C2N(C[C@H]3O[C@@H]4CC[C@@H](C4)N3C2=O)C=C(C(=O)NCC2=C(F)C=C(F)C=C2F)C1=O,SOLUWJRYJLAZCX-LYOVBCGYSA-N,1611493-60-7,DrugCentral,FDA_Approved.csv (current) + structures.smiles.tsv (2021_09_01),2026-07-29
5286,moxidectin,CO\N=C1/C[C@]2(C[C@@H]3C[C@@H](C\C=C(C)\C[C@@H](C)\C=C\C=C4/CO[C@@H]5[C@H](O)C(C)=C[C@@H](C(=O)O3)[C@]45O)O2)O[C@@H]([C@H]1C)C(\C)=C\C(C)C,YZBLFMPOMVTDJY-LSGXYNIPSA-N,113507-06-5,DrugCentral,FDA_Approved.csv (current) + structures.smiles.tsv (2021_09_01),2026-07-29
5283,fosnetupitant,CN(C(=O)C(C)(C)C1=CC(=CC(=C1)C(F)(F)F)C(F)(F)F)C1=CN=C(C=C1C1=C(C)C=CC=C1)N1CC[N+](C)(COP(O)(O)=O)CC1,HZIYEEMJNBKMJH-UHFFFAOYSA-O,1703748-89-3,DrugCentral,FDA_Approved.csv (current) + structures.smiles.tsv (2021_09_01),2026-07-29
5291,tecovirimat,FC(F)(F)C1=CC=C(C=C1)C(=O)NN1C(=O)[C@H]2[C@H]([C@H]3C=C[C@@H]2[C@@H]2C[C@H]32)C1=O,CSKDFZIMJXRJGH-VWLPUNTISA-N,869572-92-9,DrugCentral,FDA_Approved.csv (current) + structures.smiles.tsv (2021_09_01),2026-07-29
5295,doravirine,CN1C(=O)NN=C1CN1C=CC(=C(OC2=CC(=CC(Cl)=C2)C#N)C1=O)C(F)(F)F,ZIAOVIPSKUPPQW-UHFFFAOYSA-N,1338225-97-0,DrugCentral,FDA_Approved.csv (current) + structures.smiles.tsv (2021_09_01),2026-07-29
5297,dacomitinib,COC1=CC2=NC=NC(NC3=CC=C(F)C(Cl)=C3)=C2C=C1NC(=O)\C=C\CN1CCCCC1,LVXJQMNHJWSHET-AATRIKPKSA-N,1110813-31-4,DrugCentral,FDA_Approved.csv (current) + structures.smiles.tsv (2021_09_01),2026-07-29
5311,vibegron,O[C@@H]([C@H]1CC[C@@H](CC2=CC=C(NC(=O)[C@@H]3CCC4=NC=CC(=O)N34)C=C2)N1)C1=CC=CC=C1,DJXRIQMCROIRCZ-XOEOCAAJSA-N,1190389-15-1,DrugCentral,FDA_Approved.csv (current) + structures.smiles.tsv (2021_09_01),2026-07-29
5342,relebactam,OS(=O)(=O)ON1[C@H]2C[N@]([C@@H](CC2)C(=O)NC2CCNCC2)C1=O,SMOBCLHAZXOKDQ-ZJUUUORDSA-N,1174018-99-5,DrugCentral,FDA_Approved.csv (current) + structures.smiles.tsv (2021_09_01),2026-07-29
5350,trifarotene,CC(C)(C)C1=CC(=CC=C1N1CCCC1)C1=C(OCCO)C=CC(=C1)C1=CC=C(C=C1)C(O)=O,MFBCDACCJCDGBA-UHFFFAOYSA-N,895542-09-3,DrugCentral,FDA_Approved.csv (current) + structures.smiles.tsv (2021_09_01),2026-07-29
5343,pexidartinib,FC(F)(F)C1=CC=C(CNC2=NC=C(CC3=CNC4=NC=C(Cl)C=C34)C=C2)C=N1,JGWRKYUXBBNENE-UHFFFAOYSA-N,1029044-16-3,DrugCentral,FDA_Approved.csv (current) + structures.smiles.tsv (2021_09_01),2026-07-29
5358,lumateperone,CN1CCN2[C@H]3CCN(CCCC(=O)C4=CC=C(F)C=C4)C[C@H]3C3=C2C1=CC=C3,HOIIHACBCFLJET-SFTDATJTSA-N,313368-91-1,DrugCentral,FDA_Approved.csv (current) + structures.smiles.tsv (2021_09_01),2026-07-29
5359,brilliant Blue G,CCOC1=CC=C(NC2=CC=C(C=C2)C(=C2\C=C/C(/C=C2C)=[N+](/CC)CC2=CC=CC(=C2)S([O-])(=O)=O)\C2=C(C)C=C(C=C2)N(CC)CC2=CC=CC(=C2)S([O-])(=O)=O)C=C1,YVNQAIFQFWTPLQ-UHFFFAOYSA-M,6104-58-1,DrugCentral,FDA_Approved.csv (current) + structures.smiles.tsv (2021_09_01),2026-07-29
5379,avapritinib,CN1C=C(C=N1)C1=CN2N=CN=C(N3CCN(CC3)C3=NC=C(C=N3)[C@@](C)(N)C3=CC=C(F)C=C3)C2=C1,DWYRIWUZIJHQKQ-SANMLTNESA-N,1703793-34-3,DrugCentral,FDA_Approved.csv (current) + structures.smiles.tsv (2021_09_01),2026-07-29
5390,pemigatinib,CCN1C(=O)N(CC2=CN=C3NC(CN4CCOCC4)=CC3=C12)C1=C(F)C(OC)=CC(OC)=C1F,HCDMJFOHIXMBOV-UHFFFAOYSA-N,1513857-77-6,DrugCentral,FDA_Approved.csv (current) + structures.smiles.tsv (2021_09_01),2026-07-29
5384,osilodrostat,FC1=C(C=CC(=C1)C#N)[C@H]1CCC2=CN=CN12,USUZGMWDZDXMDG-CYBMUJFWSA-N,928134-65-0,DrugCentral,FDA_Approved.csv (current) + structures.smiles.tsv (2021_09_01),2026-07-29
5393,selpercatinib,CC(C)(COC1=CN2C(=C(C=N2)C#N)C(=C1)C3=CN=C(C=C3)N4CC5CC(C4)N5CC6=CN=C(C=C6)OC)O,XIIOFHFUYBLOLW-UHFFFAOYSA-N,2152628-33-4,DrugCentral,FDA_Approved.csv (current) + structures.smiles.tsv (2021_09_01),2026-07-29
5396,flortaucipir F 18,C1=CC2=C(C=C1C3=CN=C(C=C3)[18F])NC4=C2C=NC=C4,GETAAWDSFUCLBS-SJPDSGJFSA-N,1522051-90-6,DrugCentral,FDA_Approved.csv (current) + structures.smiles.tsv (2021_09_01),2026-07-29
5403,abametapir,CC1=CN=C(C=C1)C2=NC=C(C=C2)C,PTRATZCAGVBFIQ-UHFFFAOYSA-N,1762-34-1,DrugCentral,FDA_Approved.csv (current) + structures.smiles.tsv (2021_09_01),2026-07-29
5416,setmelanotide,C[C@@H]1C(=O)N[C@H](C(=O)N[C@@H](C(=O)N[C@H](C(=O)N[C@H](C(=O)N[C@@H](CSSC[C@@H](C(=O)N1)NC(=O)[C@H](CCCN=C(N)N)NC(=O)C)C(=O)N)CC2=CNC3=CC=CC=C32)CCCN=C(N)N)CC4=CC=CC=C4)CC5=CN=CN5,HDHDTKMUACZDAA-PHNIDTBTSA-N,920014-72-8,DrugCentral,FDA_Approved.csv (current) + structures.smiles.tsv (2021_09_01),2026-07-29
5441,umbralisib,C[C@@H](C1=C(C(=O)C2=C(O1)C=CC(=C2)F)C3=CC(=CC=C3)F)N4C5=NC=NC(=C5C(=N4)C6=CC(=C(C=C6)OC(C)C)F)N,IUVCFHHAEHNCFT-INIZCTEOSA-N,1532533-67-7,DrugCentral,FDA_Approved.csv (current) + structures.smiles.tsv (2021_09_01),2026-07-29
5459,infigratinib,CCN1CCN(CC1)C2=CC=C(C=C2)NC3=CC(=NC=N3)N(C)C(=O)NC4=C(C(=CC(=C4Cl)OC)OC)Cl,QADPYRIHXKWUSV-UHFFFAOYSA-N,872511-34-7,DrugCentral,FDA_Approved.csv (current) + structures.smiles.tsv (2021_09_01),2026-07-29
59,acetophenazine,CC(=O)C1=CC=C2SC3=CC=CC=C3N(CCCN3CCN(CCO)CC3)C2=C1,WNTYBHLDCKXEOT-UHFFFAOYSA-N,2751-68-0,DrugCentral,FDA_Approved.csv (current) + structures.smiles.tsv (2021_09_01),2026-07-29
182,amlexanox,CC(C)C1=CC=C2OC3=C(C=C(C(O)=O)C(N)=N3)C(=O)C2=C1,SGRYPYWGNKJSDL-UHFFFAOYSA-N,68302-57-8,DrugCentral,FDA_Approved.csv (current) + structures.smiles.tsv (2021_09_01),2026-07-29
200,amprenavir,CC(C)CN(C[C@@H](O)[C@H](CC1=CC=CC=C1)NC(=O)O[C@H]1CCOC1)S(=O)(=O)C1=CC=C(N)C=C1,YMARZQAQMVYCKC-OEMFJLHTSA-N,161814-49-9,DrugCentral,FDA_Approved.csv (current) + structures.smiles.tsv (2021_09_01),2026-07-29
201,amrinone,NC1=CC(=CNC1=O)C1=CC=NC=C1,RNLQIBCLLYYYFJ-UHFFFAOYSA-N,60719-84-8,DrugCentral,FDA_Approved.csv (current) + structures.smiles.tsv (2021_09_01),2026-07-29
224,antazoline,C(N(CC1=CC=CC=C1)C1=CC=CC=C1)C1=NCCN1,REYFJDPCWQRWAA-UHFFFAOYSA-N,91-75-8,DrugCentral,FDA_Approved.csv (current) + structures.smiles.tsv (2021_09_01),2026-07-29
226,dithranol,OC1=CC=CC2=C1C(=O)C1=C(O)C=CC=C1C2,NUZWLKWWNNJHPT-UHFFFAOYSA-N,1143-38-0,DrugCentral,FDA_Approved.csv (current) + structures.smiles.tsv (2021_09_01),2026-07-29
268,azatadine,CN1CCC(CC1)=C1C2=CC=CC=C2CCC2=C1N=CC=C2,SEBMTIQKRHYNIT-UHFFFAOYSA-N,3964-81-6,DrugCentral,FDA_Approved.csv (current) + structures.smiles.tsv (2021_09_01),2026-07-29
280,bacampicillin,CCOC(=O)OC(C)OC(=O)[C@@H]1N2[C@H](SC1(C)C)[C@H](NC(=O)[C@H](N)C1=CC=CC=C1)C2=O,PFOLLRNADZZWEX-FFGRCDKISA-N,50972-17-3,DrugCentral,FDA_Approved.csv (current) + structures.smiles.tsv (2021_09_01),2026-07-29
329,benzphetamine,C[C@@H](CC1=CC=CC=C1)N(C)CC1=CC=CC=C1,YXKTVDFXDRQTKV-HNNXBMFYSA-N,156-08-1,DrugCentral,FDA_Approved.csv (current) + structures.smiles.tsv (2021_09_01),2026-07-29
394,bretylium,CC[N+](C)(C)CC1=C(Br)C=CC=C1,AAQOQKQBGPPFNS-UHFFFAOYSA-N,61-75-6,DrugCentral,FDA_Approved.csv (current) + structures.smiles.tsv (2021_09_01),2026-07-29
492,carbenicillin,CC1(C)S[C@@H]2[C@H](NC(=O)C(C(O)=O)C3=CC=CC=C3)C(=O)N2[C@H]1C(O)=O,FPPNZSSZRUTDAP-UWFZAAFLSA-N,4697-36-3,DrugCentral,FDA_Approved.csv (current) + structures.smiles.tsv (2021_09_01),2026-07-29
502,carboprost,CCCCC[C@](C)(O)\C=C\[C@H]1[C@H](O)C[C@H](O)[C@@H]1C\C=C/CCCC(O)=O,DLJKPYFALUEJCK-IIELGFQLSA-N,35700-23-3,DrugCentral,FDA_Approved.csv (current) + structures.smiles.tsv (2021_09_01),2026-07-29
534,cefditoren pivoxil,CO\N=C(/C(=O)N[C@H]1[C@H]2SCC(\C=C/C3=C(C)N=CS3)=C(N2C1=O)C(=O)OCOC(=O)C(C)(C)C)C1=CSC(N)=N1,AFZFFLVORLEPPO-UVYJNCLZSA-N,117467-28-4,DrugCentral,FDA_Approved.csv (current) + structures.smiles.tsv (2021_09_01),2026-07-29
562,ceftibuten,NC1=NC(=CS1)C(=C\CC(O)=O)\C(=O)N[C@H]1[C@H]2SCC=C(N2C1=O)C(O)=O,UNJFKXSSGBWRBZ-BJCIPQKHSA-N,97519-39-6,DrugCentral,FDA_Approved.csv (current) + structures.smiles.tsv (2021_09_01),2026-07-29
563,ceftizoxime,CO\N=C(/C(=O)N[C@H]1[C@H]2SCC=C(N2C1=O)C(O)=O)C1=CSC(N)=N1,NNULBSISHYWZJU-LLKWHZGFSA-N,68401-81-0,DrugCentral,FDA_Approved.csv (current) + structures.smiles.tsv (2021_09_01),2026-07-29
593,chlorcyclizine,CN1CCN(CC1)C(C1=CC=CC=C1)C1=CC=C(Cl)C=C1,WFNAKBGANONZEQ-UHFFFAOYSA-N,82-93-9,DrugCentral,FDA_Approved.csv (current) + structures.smiles.tsv (2021_09_01),2026-07-29
694,clofibrate,CCOC(=O)C(C)(C)OC1=CC=C(Cl)C=C1,KNHUKKLJHYUCFP-UHFFFAOYSA-N,637-07-0,DrugCentral,FDA_Approved.csv (current) + structures.smiles.tsv (2021_09_01),2026-07-29
988,edrophonium,CC[N+](C)(C)C1=CC=CC(O)=C1,VWLHWLSRQJQWRG-UHFFFAOYSA-O,312-48-1,DrugCentral,FDA_Approved.csv (current) + structures.smiles.tsv (2021_09_01),2026-07-29
732,conivaptan,CC1=NC2=C(N1)C1=C(C=CC=C1)N(CC2)C(=O)C1=CC=C(NC(=O)C2=C(C=CC=C2)C2=CC=CC=C2)C=C1,IKENVDNFQMCRTR-UHFFFAOYSA-N,168626-94-6,DrugCentral,FDA_Approved.csv (current) + structures.smiles.tsv (2021_09_01),2026-07-29
778,dalfopristin,CCN(CC)CCS(=O)(=O)[C@H]1CN2C[C@H]1C(=O)O[C@H](C(C)C)[C@H](C)\C=C\C(=O)NC\C=C\C(\C)=C\[C@@H](O)CC(=O)CC1=NC(=CO1)C2=O,KLRSZNOYZIOTBR-VLAQKBCTSA-N,112362-50-2,DrugCentral,FDA_Approved.csv (current) + structures.smiles.tsv (2021_09_01),2026-07-29
781,dapiprazole,CC1=C(C=CC=C1)N1CCN(CCC2=NN=C3CCCCN23)CC1,RFWZESUMWJKKRN-UHFFFAOYSA-N,72822-12-9,DrugCentral,FDA_Approved.csv (current) + structures.smiles.tsv (2021_09_01),2026-07-29
859,cinchocaine,CCCCOC1=NC2=CC=CC=C2C(=C1)C(=O)NCCN(CC)CC,PUFQVTATUTYEAL-UHFFFAOYSA-N,85-79-0,DrugCentral,FDA_Approved.csv (current) + structures.smiles.tsv (2021_09_01),2026-07-29
878,difenoxin,OC(=O)C1(CCN(CCC(C#N)(C2=CC=CC=C2)C2=CC=CC=C2)CC1)C1=CC=CC=C1,UFIVBRCCIRTJTN-UHFFFAOYSA-N,28782-42-5,DrugCentral,FDA_Approved.csv (current) + structures.smiles.tsv (2021_09_01),2026-07-29
953,doxapram,CCN1CC(CCN2CCOCC2)C(C1=O)(C1=CC=CC=C1)C1=CC=CC=C1,XFDJYSQDBULQSI-UHFFFAOYSA-N,309-29-5,DrugCentral,FDA_Approved.csv (current) + structures.smiles.tsv (2021_09_01),2026-07-29
990,eflornithine,NCCCC(N)(C(F)F)C(O)=O,VLCYCQAOQCDTCN-UHFFFAOYSA-N,70052-12-9,DrugCentral,FDA_Approved.csv (current) + structures.smiles.tsv (2021_09_01),2026-07-29
1013,enoxacin,CCN1C=C(C(O)=O)C(=O)C2=CC(F)=C(N=C12)N1CCNCC1,IDYZIJYBMGIQMJ-UHFFFAOYSA-N,74011-58-8,DrugCentral,FDA_Approved.csv (current) + structures.smiles.tsv (2021_09_01),2026-07-29
1059,estradiol cypionate,C[C@]12CC[C@H]3[C@@H](CCC4=C3C=CC(O)=C4)[C@@H]1CC[C@@H]2OC(=O)CCC1CCCC1,UOACKFBJUYNSLK-XRKIENNPSA-N,313-06-4,DrugCentral,FDA_Approved.csv (current) + structures.smiles.tsv (2021_09_01),2026-07-29
1095,etynodiol,CC(=O)O[C@H]1CC[C@@H]2[C@H]3CC[C@@]4(C)[C@@H](CC[C@@]4(OC(C)=O)C#C)[C@@H]3CCC2=C1,ONKUMRGIYFNPJW-KIEAKMPYSA-N,297-76-7,DrugCentral,FDA_Approved.csv (current) + structures.smiles.tsv (2021_09_01),2026-07-29
1153,fenoldopam,OC1=CC=C(C=C1)C1CNCCC2=C(Cl)C(O)=C(O)C=C12,TVURRHSHRRELCG-UHFFFAOYSA-N,67227-56-9,DrugCentral,FDA_Approved.csv (current) + structures.smiles.tsv (2021_09_01),2026-07-29
1188,flucytosine,NC1=NC(=O)NC=C1F,XRECTZIEBJDKEO-UHFFFAOYSA-N,2022-85-7,DrugCentral,FDA_Approved.csv (current) + structures.smiles.tsv (2021_09_01),2026-07-29
1233,fomepizole,CC1=CNN=C1,RIKMMFOAQPJVMX-UHFFFAOYSA-N,7554-65-6,DrugCentral,FDA_Approved.csv (current) + structures.smiles.tsv (2021_09_01),2026-07-29
1286,gemifloxacin,CO\N=C1/CN(CC1CN)C1=C(F)C=C2C(=O)C(=CN(C3CC3)C2=N1)C(O)=O,ZRCVYEYHRGVLOC-HYARGMPZSA-N,175463-14-6,DrugCentral,FDA_Approved.csv (current) + structures.smiles.tsv (2021_09_01),2026-07-29
1331,griseofulvin,COC1=CC(OC)=C(Cl)C2=C1C(=O)[C@]1(O2)[C@H](C)CC(=O)C=C1OC,DDUHZTYCFQRHIY-RBHXEPJQSA-N,126-07-8,DrugCentral,FDA_Approved.csv (current) + structures.smiles.tsv (2021_09_01),2026-07-29
1334,guaiacol,COC1=CC=CC=C1O,LHGVFZTZFXWLCP-UHFFFAOYSA-N,90-05-1,DrugCentral,FDA_Approved.csv (current) + structures.smiles.tsv (2021_09_01),2026-07-29
1342,guanethidine,NC(=N)NCCN1CCCCCCC1,ACGDKVXYNVEAGU-UHFFFAOYSA-N,55-65-2,DrugCentral,FDA_Approved.csv (current) + structures.smiles.tsv (2021_09_01),2026-07-29
1344,guanidine,NC(N)=N,ZRALSGWEFCBTJO-UHFFFAOYSA-N,113-00-8,DrugCentral,FDA_Approved.csv (current) + structures.smiles.tsv (2021_09_01),2026-07-29
1394,hydroxyamfetamine,CC(N)CC1=CC=C(O)C=C1,GIKNHHRFLCDOEU-UHFFFAOYSA-N,103-86-6,DrugCentral,FDA_Approved.csv (current) + structures.smiles.tsv (2021_09_01),2026-07-29
1399,hydroxycarbamide,NC(=O)NO,VSNHCAURESNICA-UHFFFAOYSA-N,127-07-1,DrugCentral,FDA_Approved.csv (current) + structures.smiles.tsv (2021_09_01),2026-07-29
1452,iodamide,CC(=O)NCC1=C(I)C(NC(C)=O)=C(I)C(C(O)=O)=C1I,VVDGWALACJEJKG-UHFFFAOYSA-N,440-58-4,DrugCentral,FDA_Approved.csv (current) + structures.smiles.tsv (2021_09_01),2026-07-29
1510,isoxsuprine,CC(COC1=CC=CC=C1)NC(C)C(O)C1=CC=C(O)C=C1,BMUKKTUHUDJSNZ-UHFFFAOYSA-N,395-28-8,DrugCentral,FDA_Approved.csv (current) + structures.smiles.tsv (2021_09_01),2026-07-29
1583,lindane,Cl[C@H]1[C@H](Cl)[C@@H](Cl)[C@@H](Cl)[C@H](Cl)[C@H]1Cl,JLYXXMFPNIAWKQ-GNIYUCBRSA-N,58-89-9,DrugCentral,FDA_Approved.csv (current) + structures.smiles.tsv (2021_09_01),2026-07-29
1650,meclofenamic acid,CC1=CC=C(Cl)C(NC2=CC=CC=C2C(O)=O)=C1Cl,SBDNJUWAMKYJOX-UHFFFAOYSA-N,644-62-2,DrugCentral,FDA_Approved.csv (current) + structures.smiles.tsv (2021_09_01),2026-07-29
1757,methscopolamine,C[N+]1(C)[C@H]2C[C@@H](C[C@@H]1[C@H]1O[C@@H]21)OC(=O)[C@H](CO)C1=CC=CC=C1,LZCOQTDXKCNBEE-IKIFYQGPSA-N,13265-10-6,DrugCentral,FDA_Approved.csv (current) + structures.smiles.tsv (2021_09_01),2026-07-29
1689,mepenzolate,C[N+]1(C)CCCC(C1)OC(=O)C(O)(C1=CC=CC=C1)C1=CC=CC=C1,GKNPSSNBBWDAGH-UHFFFAOYSA-N,25990-43-6,DrugCentral,FDA_Approved.csv (current) + structures.smiles.tsv (2021_09_01),2026-07-29
1714,mestranol,COC1=CC2=C(C=C1)[C@H]1CC[C@@]3(C)[C@@H](CC[C@@]3(O)C#C)[C@@H]1CC2,IMSSROKUHAOUJS-MJCUULBUSA-N,72-33-3,DrugCentral,FDA_Approved.csv (current) + structures.smiles.tsv (2021_09_01),2026-07-29
1720,orciprenaline,CC(C)NCC(O)C1=CC(O)=CC(O)=C1,LMOINURANNBYCM-UHFFFAOYSA-N,586-06-1,DrugCentral,FDA_Approved.csv (current) + structures.smiles.tsv (2021_09_01),2026-07-29
1727,metacycline,CN(C)[C@H]1[C@@H]2[C@@H](O)[C@@H]3C(=C)C4=C(C(O)=CC=C4)C(=O)C3=C(O)[C@]2(O)C(=O)C(C(N)=O)=C1O,MHIGBKBJSQVXNH-IWVLMIASSA-N,914-00-1,DrugCentral,FDA_Approved.csv (current) + structures.smiles.tsv (2021_09_01),2026-07-29
1792,metirosine,C[C@](N)(CC1=CC=C(O)C=C1)C(O)=O,NHTGHBARYWONDQ-JTQLQIEISA-N,672-87-7,DrugCentral,FDA_Approved.csv (current) + structures.smiles.tsv (2021_09_01),2026-07-29
1797,mibefradil,COCC(=O)O[C@]1(CCN(C)CCCC2=NC3=C(N2)C=CC=C3)CCC2=CC(F)=CC=C2[C@@H]1C(C)C,HBNPJJILLOYFJU-VMPREFPWSA-N,116644-53-2,DrugCentral,FDA_Approved.csv (current) + structures.smiles.tsv (2021_09_01),2026-07-29
1822,mivacurium,COC1=CC(C[C@@H]2C3=CC(OC)=C(OC)C=C3CC[N+]2(C)CCCOC(=O)CC\C=C\CCC(=O)OCCC[N+]2(C)CCC3=CC(OC)=C(OC)C=C3[C@H]2CC2=CC(OC)=C(OC)C(OC)=C2)=CC(OC)=C1OC,ILVYCEVXHALBSC-OTBYEXOQSA-N,133814-19-4,DrugCentral,FDA_Approved.csv (current) + structures.smiles.tsv (2021_09_01),2026-07-29
1830,molindone,CCC1=C(C)NC2=C1C(=O)C(CN1CCOCC1)CC2,KLPWJLBORRMFGK-UHFFFAOYSA-N,7416-34-4,DrugCentral,FDA_Approved.csv (current) + structures.smiles.tsv (2021_09_01),2026-07-29
1875,nalidixic acid,CCN1C=C(C(O)=O)C(=O)C2=CC=C(C)N=C12,MHWLWQUZZRMNGJ-UHFFFAOYSA-N,389-08-2,DrugCentral,FDA_Approved.csv (current) + structures.smiles.tsv (2021_09_01),2026-07-29
1968,norgestimate,CC[C@]12CC[C@H]3[C@@H](CCC4=C\C(CC[C@H]34)=N\O)[C@@H]1CC[C@@]2(OC(C)=O)C#C,KIQQMECNKUGGKA-NMYWJIRASA-N,35189-28-7,DrugCentral,FDA_Approved.csv (current) + structures.smiles.tsv (2021_09_01),2026-07-29
2428,secobarbital,CCCC(C)C1(CC=C)C(=O)NC(=O)NC1=O,KQPKPCNLIDLUMF-UHFFFAOYSA-N,76-73-3,DrugCentral,FDA_Approved.csv (current) + structures.smiles.tsv (2021_09_01),2026-07-29
2026,oxyphencyclimine,CN1CCCN=C1COC(=O)C(O)(C1CCCCC1)C1=CC=CC=C1,DUDKAZCAISNGQN-UHFFFAOYSA-N,125-53-1,DrugCentral,FDA_Approved.csv (current) + structures.smiles.tsv (2021_09_01),2026-07-29
441,butalbital,CC(C)CC1(CC=C)C(=O)NC(=O)NC1=O,UZVHFVZFNXBMQJ-UHFFFAOYSA-N,77-26-9,DrugCentral,FDA_Approved.csv (current) + structures.smiles.tsv (2021_09_01),2026-07-29
2033,oxymetholone,C[C@]1(O)CC[C@H]2[C@@H]3CC[C@H]4CC(=O)\C(C[C@]4(C)[C@H]3CC[C@]12C)=C/O,ICMWWNHDUZJFDW-DHODBPELSA-N,434-07-1,DrugCentral,FDA_Approved.csv (current) + structures.smiles.tsv (2021_09_01),2026-07-29
2067,paromomycin,NC[C@@H]1O[C@H](O[C@@H]2[C@@H](CO)O[C@@H](O[C@@H]3[C@@H](O)[C@H](N)C[C@H](N)[C@H]3O[C@H]3O[C@H](CO)[C@@H](O)[C@H](O)[C@H]3N)[C@@H]2O)[C@H](N)[C@@H](O)[C@@H]1O,UOZODPSAJZTQNH-LSWIJEOBSA-N,7542-37-2,DrugCentral,FDA_Approved.csv (current) + structures.smiles.tsv (2021_09_01),2026-07-29
2050,aminosalicylic acid,NC1=CC(O)=C(C=C1)C(O)=O,WUBBRNOQWQTFEX-UHFFFAOYSA-N,65-49-6,DrugCentral,FDA_Approved.csv (current) + structures.smiles.tsv (2021_09_01),2026-07-29
2078,penbutolol,CC(C)(C)NC[C@H](O)COC1=C(C=CC=C1)C1CCCC1,KQXKVJAGOJTNJS-HNNXBMFYSA-N,38363-40-5,DrugCentral,FDA_Approved.csv (current) + structures.smiles.tsv (2021_09_01),2026-07-29
2133,phenmetrazine,CC1NCCOC1C1=CC=CC=C1,OOBHFESNSZDWIU-UHFFFAOYSA-N,134-49-6,DrugCentral,FDA_Approved.csv (current) + structures.smiles.tsv (2021_09_01),2026-07-29
2136,phenoxybenzamine,CC(COC1=CC=CC=C1)N(CCCl)CC1=CC=CC=C1,QZVCTJOXCFMACW-UHFFFAOYSA-N,59-96-1,DrugCentral,FDA_Approved.csv (current) + structures.smiles.tsv (2021_09_01),2026-07-29
2142,phentolamine,CC1=CC=C(C=C1)N(CC1=NCCN1)C1=CC(O)=CC=C1,MRBDMNSDAVCSSF-UHFFFAOYSA-N,50-60-2,DrugCentral,FDA_Approved.csv (current) + structures.smiles.tsv (2021_09_01),2026-07-29
2241,praziquantel,O=C(C1CCCCC1)N1CC2N(CCC3=C2C=CC=C3)C(=O)C1,FSVJFNAIGNNGKK-UHFFFAOYSA-N,55268-74-1,DrugCentral,FDA_Approved.csv (current) + structures.smiles.tsv (2021_09_01),2026-07-29
2236,pramlintide,CC[C@H](C)[C@H](NC(=O)[C@@H]1CCCN1C(=O)CNC(=O)[C@H](CC1=CC=CC=C1)NC(=O)[C@H](CC(N)=O)NC(=O)[C@H](CC(N)=O)NC(=O)[C@H](CO)NC(=O)[C@H](CO)NC(=O)[C@H](CC1=CNC=N1)NC(=O)[C@@H](NC(=O)[C@H](CC(C)C)NC(=O)[C@H](CC1=CC=CC=C1)NC(=O)[C@H](CC(N)=O)NC(=O)[C@H](C)NC(=O)[C@H](CC(C)C)NC(=O)[C@H](CCCNC(N)=N)NC(=O)[C@H](CCC(N)=O)NC(=O)[C@@H](NC(=O)[C@H](C)NC(=O)[C@@H]1CSSC[C@H](NC(=O)[C@@H](N)CCCCN)C(=O)N[C@@H](CC(N)=O)C(=O)N[C@@H]([C@@H](C)O)C(=O)N[C@@H](C)C(=O)N[C@@H]([C@@H](C)O)C(=O)N1)[C@@H](C)O)C(C)C)C(=O)N[C@@H](CC(C)C)C(=O)N1CCC[C@H]1C(=O)N1CCC[C@H]1C(=O)N[C@@H]([C@@H](C)O)C(=O)N[C@@H](CC(N)=O)C(=O)N[C@@H](C(C)C)C(=O)NCC(=O)N[C@@H](CO)C(=O)N[C@@H](CC(N)=O)C(=O)N[C@@H]([C@@H](C)O)C(=O)N[C@@H](CC1=CC=C(O)C=C1)C(N)=O,TZIRZGBAFTZREM-MKAGXXMWSA-N,151126-32-8,DrugCentral,FDA_Approved.csv (current) + structures.smiles.tsv (2021_09_01),2026-07-29
2277,proflavine,NC1=CC2=NC3=CC(N)=CC=C3C=C2C=C1,WDVSHHCDHLJJJR-UHFFFAOYSA-N,92-62-6,DrugCentral,FDA_Approved.csv (current) + structures.smiles.tsv (2021_09_01),2026-07-29
2293,propantheline,CC(C)[N+](C)(CCOC(=O)C1C2=CC=CC=C2OC2=C1C=CC=C2)C(C)C,VVWYOYDLCMFIEM-UHFFFAOYSA-N,298-50-0,DrugCentral,FDA_Approved.csv (current) + structures.smiles.tsv (2021_09_01),2026-07-29
2331,mepyramine,COC1=CC=C(CN(CCN(C)C)C2=CC=CC=N2)C=C1,YECBIJXISLIIDS-UHFFFAOYSA-N,91-84-9,DrugCentral,FDA_Approved.csv (current) + structures.smiles.tsv (2021_09_01),2026-07-29
2320,protriptyline,CNCCCC1C2=CC=CC=C2C=CC2=C1C=CC=C2,BWPIARFWQZKAIA-UHFFFAOYSA-N,438-60-8,DrugCentral,FDA_Approved.csv (current) + structures.smiles.tsv (2021_09_01),2026-07-29
2370,reserpine,CO[C@H]1[C@@H](C[C@@H]2CN3CCC4=C(NC5=C4C=CC(OC)=C5)[C@H]3C[C@@H]2[C@@H]1C(=O)OC)OC(=O)C1=CC(OC)=C(OC)C(OC)=C1,QEVHRUUCFGRFIF-MDEJGZGSSA-N,50-55-5,DrugCentral,FDA_Approved.csv (current) + structures.smiles.tsv (2021_09_01),2026-07-29
2383,rimantadine,CC(N)C12CC3CC(CC(C3)C1)C2,UBCHPRBFMUDMNC-UHFFFAOYSA-N,13392-28-4,DrugCentral,FDA_Approved.csv (current) + structures.smiles.tsv (2021_09_01),2026-07-29
2440,sibutramine,CC(C)CC(N(C)C)C1(CCC1)C1=CC=C(Cl)C=C1,UNAANXDKBXWMLN-UHFFFAOYSA-N,106650-56-0,DrugCentral,FDA_Approved.csv (current) + structures.smiles.tsv (2021_09_01),2026-07-29
2499,sulfacytine,CCN1C=CC(NS(=O)(=O)C2=CC=C(N)C=C2)=NC1=O,SIBQAECNSSQUOD-UHFFFAOYSA-N,17784-12-2,DrugCentral,FDA_Approved.csv (current) + structures.smiles.tsv (2021_09_01),2026-07-29
2503,sulfadoxine,COC1=C(OC)C(NS(=O)(=O)C2=CC=C(N)C=C2)=NC=N1,PJSFRIWCGOHTNF-UHFFFAOYSA-N,2447-57-6,DrugCentral,FDA_Approved.csv (current) + structures.smiles.tsv (2021_09_01),2026-07-29
2529,sulfafurazole,CC1=NOC(NS(=O)(=O)C2=CC=C(N)C=C2)=C1C,NHUHCSRWZMLRLA-UHFFFAOYSA-N,127-69-5,DrugCentral,FDA_Approved.csv (current) + structures.smiles.tsv (2021_09_01),2026-07-29
2528,sulfinpyrazone,O=C1C(CCS(=O)C2=CC=CC=C2)C(=O)N(N1C1=CC=CC=C1)C1=CC=CC=C1,MBGGBVCUIVRRBF-UHFFFAOYSA-N,57-96-5,DrugCentral,FDA_Approved.csv (current) + structures.smiles.tsv (2021_09_01),2026-07-29
2551,tacrine,NC1=C2CCCCC2=NC2=CC=CC=C12,YLJREFDVOIBQDA-UHFFFAOYSA-N,321-64-2,DrugCentral,FDA_Approved.csv (current) + structures.smiles.tsv (2021_09_01),2026-07-29
2579,tegaserod,CCCCCNC(=N)NN=CC1=CNC2=C1C=C(OC)C=C2,IKBKZGMPCYNSLU-UHFFFAOYSA-N,145158-71-0,DrugCentral,FDA_Approved.csv (current) + structures.smiles.tsv (2021_09_01),2026-07-29
2581,telithromycin,CC[C@H]1OC(=O)[C@H](C)C(=O)[C@H](C)[C@@H](O[C@@H]2O[C@H](C)C[C@@H]([C@H]2O)N(C)C)[C@@](C)(C[C@@H](C)C(=O)[C@H](C)[C@H]2N(CCCCN3C=NC(=C3)C3=CN=CC=C3)C(=O)O[C@]12C)OC,LJVAJPDWBABPEJ-PNUFFHFMSA-N,191114-48-4,DrugCentral,FDA_Approved.csv (current) + structures.smiles.tsv (2021_09_01),2026-07-29
2621,thiabendazole,N1C2=C(C=CC=C2)N=C1C1=CSC=N1,WJCNZQLZVWNLKY-UHFFFAOYSA-N,148-79-8,DrugCentral,FDA_Approved.csv (current) + structures.smiles.tsv (2021_09_01),2026-07-29
2694,tolazamide,CC1=CC=C(C=C1)S(=O)(=O)NC(=O)NN1CCCCCC1,OUDSBRTVNLOZBN-UHFFFAOYSA-N,1156-19-0,DrugCentral,FDA_Approved.csv (current) + structures.smiles.tsv (2021_09_01),2026-07-29
2762,tripelennamine,CN(C)CCN(CC1=CC=CC=C1)C1=CC=CC=N1,UFLGIAIHIAPJJC-UHFFFAOYSA-N,91-81-6,DrugCentral,FDA_Approved.csv (current) + structures.smiles.tsv (2021_09_01),2026-07-29
2757,trimetrexate,COC1=CC(NCC2=CC=C3N=C(N)N=C(N)C3=C2C)=CC(OC)=C1OC,NOYPYLRCIDNJJB-UHFFFAOYSA-N,52128-35-5,DrugCentral,FDA_Approved.csv (current) + structures.smiles.tsv (2021_09_01),2026-07-29
2763,triprolidine,CC1=CC=C(C=C1)C(=C/CN1CCCC1)\C1=CC=CC=N1,CBEQULMOCCWAQT-WOJGMQOQSA-N,486-12-4,DrugCentral,FDA_Approved.csv (current) + structures.smiles.tsv (2021_09_01),2026-07-29
2769,troleandomycin,CO[C@H]1C[C@H](O[C@H]2[C@H](C)[C@@H](O[C@@H]3O[C@H](C)C[C@@H]([C@H]3OC(C)=O)N(C)C)[C@@H](C)C[C@@]3(CO3)C(=O)[C@H](C)[C@@H](OC(C)=O)[C@@H](C)[C@@H](C)OC(=O)[C@@H]2C)O[C@@H](C)[C@@H]1OC(C)=O,LQCLVBQBTUVCEQ-QTFUVMRISA-N,2751-09-9,DrugCentral,FDA_Approved.csv (current) + structures.smiles.tsv (2021_09_01),2026-07-29
2974,doxacurium,COC1=CC(CC2C3=C(OC)C(OC)=C(OC)C=C3CC[N+]2(C)CCCOC(=O)CCC(=O)OCCC[N+]2(C)CCC3=CC(OC)=C(OC)C(OC)=C3C2CC2=CC(OC)=C(OC)C(OC)=C2)=CC(OC)=C1OC,GBLRQXKSCRCLBZ-UHFFFAOYSA-N,133814-18-3,DrugCentral,FDA_Approved.csv (current) + structures.smiles.tsv (2021_09_01),2026-07-29
3096,cholic acid,C[C@H](CCC(O)=O)[C@H]1CC[C@H]2[C@@H]3[C@H](O)C[C@@H]4C[C@H](O)CC[C@]4(C)[C@H]3C[C@H](O)[C@]12C,BHQCQFFYRZLCQQ-OELDTZBJSA-N,81-25-4,DrugCentral,FDA_Approved.csv (current) + structures.smiles.tsv (2021_09_01),2026-07-29
3249,fospropofol,CC(C)C1=CC=CC(C(C)C)=C1OCOP(O)(O)=O,QVNNONOFASOXQV-UHFFFAOYSA-N,258516-89-1,DrugCentral,FDA_Approved.csv (current) + structures.smiles.tsv (2021_09_01),2026-07-29
3325,lodoxamide,OC(=O)C(=O)NC1=CC(=CC(NC(=O)C(O)=O)=C1Cl)C#N,RVGLGHVJXCETIO-UHFFFAOYSA-N,53882-12-5,DrugCentral,FDA_Approved.csv (current) + structures.smiles.tsv (2021_09_01),2026-07-29
3520,rapacuronium,CCC(=O)O[C@H]1[C@H](C[C@H]2[C@@H]3CC[C@H]4C[C@H](OC(C)=O)[C@H](C[C@]4(C)[C@H]3CC[C@]12C)N1CCCCC1)[N+]1(CC=C)CCCCC1,HTIKWNNIPGXLGM-YLINKJIISA-N,156137-99-4,DrugCentral,FDA_Approved.csv (current) + structures.smiles.tsv (2021_09_01),2026-07-29
3550,sodium tetradecyl sulfate,CCCCC(CC)CCC(CC(C)C)OS(O)(=O)=O,GROJOWHVXQYQGN-UHFFFAOYSA-N,139-88-8,DrugCentral,FDA_Approved.csv (current) + structures.smiles.tsv (2021_09_01),2026-07-29
3558,sulfabenzamide,NC1=CC=C(C=C1)S(=O)(=O)NC(=O)C1=CC=CC=C1,PBCZLFBEBARBBI-UHFFFAOYSA-N,127-71-9,DrugCentral,FDA_Approved.csv (current) + structures.smiles.tsv (2021_09_01),2026-07-29
3591,tetryzoline,C1CN=C(N1)C1CCCC2=CC=CC=C12,BYJAVTDNIXVSPW-UHFFFAOYSA-N,84-22-0,DrugCentral,FDA_Approved.csv (current) + structures.smiles.tsv (2021_09_01),2026-07-29
4276,piperonyl butoxide,CCCCOCCOCCOCC1=CC2=C(OCO2)C=C1CCC,FIPWRIJSWJWJAI-UHFFFAOYSA-N,51-03-6,DrugCentral,FDA_Approved.csv (current) + structures.smiles.tsv (2021_09_01),2026-07-29
105,salbutamol,CC(C)(C)NCC(O)C1=CC(CO)=C(O)C=C1,NDAUXUAQIAJITI-UHFFFAOYSA-N,18559-94-9,DrugCentral,FDA_Approved.csv (current) + structures.smiles.tsv (2021_09_01),2026-07-29
4361,chenodiol,C[C@H](CCC(O)=O)[C@H]1CC[C@H]2[C@@H]3[C@H](O)C[C@@H]4C[C@H](O)CC[C@]4(C)[C@H]3CC[C@]12C,RUDATBOHQWOJDD-BSWAIDMHSA-N,474-25-9,DrugCentral,FDA_Approved.csv (current) + structures.smiles.tsv (2021_09_01),2026-07-29
4605,tonzonium,CCCCCCCCCCCCCCCC[N+](C)(C)CCN(CC1=CC=C(OC)C=C1)C1=NC=CC=N1,IOYZYMQFUSNATM-UHFFFAOYSA-N,553-08-2,DrugCentral,FDA_Approved.csv (current) + structures.smiles.tsv (2021_09_01),2026-07-29
4507,halcinonide,CC1(C)O[C@@H]2C[C@H]3[C@@H]4CCC5=CC(=O)CC[C@]5(C)[C@@]4(F)[C@@H](O)C[C@]3(C)[C@@]2(O1)C(=O)CCl,MUQNGPZZQDCDFT-JNQJZLCISA-N,3093-35-4,DrugCentral,FDA_Approved.csv (current) + structures.smiles.tsv (2021_09_01),2026-07-29
4647,fluorometholone acetate,C[C@H]1C[C@H]2[C@@H]3CC[C@](OC(C)=O)(C(C)=O)[C@@]3(C)C[C@H](O)[C@]2(F)[C@@]2(C)C=CC(=O)C=C12,YRFXGQHBPBMFHW-SBTZIJSASA-N,3801-06-7,DrugCentral,FDA_Approved.csv (current) + structures.smiles.tsv (2021_09_01),2026-07-29
5349,tenapanor,CN1C[C@@H](C2=CC=CC(=C2)S(=O)(=O)NCCOCCOCCNC(=O)NCCCCNC(=O)NCCOCCOCCNS(=O)(=O)C2=CC(=CC=C2)[C@@H]2CN(C)CC3=C(Cl)C=C(Cl)C=C23)C2=CC(Cl)=CC(Cl)=C2C1,DNHPDWGIXIMXSA-CXNSMIOJSA-N,1234423-95-0,DrugCentral,FDA_Approved.csv (current) + structures.smiles.tsv (2021_09_01),2026-07-29
5155,obeticholic acid,CC[C@H]1[C@@H](O)[C@H]2[C@@H]3CC[C@H]([C@H](C)CCC(O)=O)[C@@]3(C)CC[C@@H]2[C@@]2(C)CC[C@@H](O)C[C@@H]12,ZXERDUOLZKYMJM-ZWECCWDJSA-N,459789-99-2,DrugCentral,FDA_Approved.csv (current) + structures.smiles.tsv (2021_09_01),2026-07-29
4236,octinoxate,CCCCC(CC)COC(=O)C=CC1=CC=C(OC)C=C1,YBGZDTIWKVFICR-UHFFFAOYSA-N,5466-77-3,DrugCentral,FDA_Approved.csv (current) + structures.smiles.tsv (2021_09_01),2026-07-29
4745,glycerol phenylbutyrate,O=C(CCCC1=CC=CC=C1)OCC(COC(=O)CCCC1=CC=CC=C1)OC(=O)CCCC1=CC=CC=C1,ZSDBFLMJVAGKOU-UHFFFAOYSA-N,611168-24-2,DrugCentral,FDA_Approved.csv (current) + structures.smiles.tsv (2021_09_01),2026-07-29
4663,benzoin,OC(C(=O)C1=CC=CC=C1)C1=CC=CC=C1,ISAOCJYIOMOJEB-UHFFFAOYSA-N,119-53-9,DrugCentral,FDA_Approved.csv (current) + structures.smiles.tsv (2021_09_01),2026-07-29
1078,ethchlorvynol,CCC(O)(C=CCl)C#C,ZEHYJZXQEQOSON-UHFFFAOYSA-N,113-18-8,DrugCentral,FDA_Approved.csv (current) + structures.smiles.tsv (2021_09_01),2026-07-29
934,levomenthol,CC(C)[C@@H]1CC[C@@H](C)C[C@H]1O,NOOLISFMXDJSKH-KXUCPTDWSA-N,89-78-1,DrugCentral,FDA_Approved.csv (current) + structures.smiles.tsv (2021_09_01),2026-07-29
2059,paramethadione,CCC1(C)OC(=O)N(C)C1=O,VQASKUSHBVDKGU-UHFFFAOYSA-N,115-67-3,DrugCentral,FDA_Approved.csv (current) + structures.smiles.tsv (2021_09_01),2026-07-29
1721,metaraminol,C[C@H](N)[C@H](O)C1=CC(O)=CC=C1,WXFIGDLSSYIKKV-RCOVLWMOSA-N,54-49-9,DrugCentral,FDA_Approved.csv (current) + structures.smiles.tsv (2021_09_01),2026-07-29
786,daunorubicin,COC1=C2C(=O)C3=C(C(O)=C4C[C@](O)(C[C@H](O[C@H]5C[C@H](N)[C@H](O)[C@H](C)O5)C4=C3O)C(C)=O)C(=O)C2=CC=C1,STQGQHZAVUOBTE-VGBVRHCVSA-N,20830-81-3,DrugCentral,FDA_Approved.csv (current) + structures.smiles.tsv (2021_09_01),2026-07-29
270,azelaic acid,OC(=O)CCCCCCCC(O)=O,BDJRBEYXGGNYIS-UHFFFAOYSA-N,123-99-9,DrugCentral,FDA_Approved.csv (current) + structures.smiles.tsv (2021_09_01),2026-07-29
3068,carglumic acid,NC(=O)N[C@@H](CCC(O)=O)C(O)=O,LCQLHJZYVOQKHU-VKHMYHEASA-N,1188-38-1,DrugCentral,FDA_Approved.csv (current) + structures.smiles.tsv (2021_09_01),2026-07-29
282,baclofen,NCC(CC(O)=O)C1=CC=C(Cl)C=C1,KPYSYYIEGFHWSV-UHFFFAOYSA-N,1134-47-0,DrugCentral,FDA_Approved.csv (current) + structures.smiles.tsv (2021_09_01),2026-07-29
2055,calcium pantothenate,CC(C)(CO)[C@@H](O)C(=O)NCCC(O)=O,GHOKWGTUZJEAQD-ZETCQYMHSA-N,79-83-4,DrugCentral,FDA_Approved.csv (current) + structures.smiles.tsv (2021_09_01),2026-07-29
2759,trioxsalen,CC1=CC2=CC3=C(OC(=O)C=C3C)C(C)=C2O1,FMHHVULEAZTJMA-UHFFFAOYSA-N,3902-71-4,DrugCentral,FDA_Approved.csv (current) + structures.smiles.tsv (2021_09_01),2026-07-29
982,echothiophate,CCOP(=O)(OCC)SCC[N+](C)(C)C,BJOLKYGKSZKIGU-UHFFFAOYSA-N,6736-03-4,DrugCentral,FDA_Approved.csv (current) + structures.smiles.tsv (2021_09_01),2026-07-29
2657,ticlopidine,ClC1=C(CN2CCC3=C(C2)C=CS3)C=CC=C1,PHWBOXQYWZNQIN-UHFFFAOYSA-N,55142-85-3,DrugCentral,FDA_Approved.csv (current) + structures.smiles.tsv (2021_09_01),2026-07-29
228,apomorphine,CN1CCC2=C3[C@H]1CC1=CC=C(O)C(O)=C1C3=CC=C2,VMWNQDUVQKEIOC-CYBMUJFWSA-N,58-00-4,DrugCentral,FDA_Approved.csv (current) + structures.smiles.tsv (2021_09_01),2026-07-29
763,cycrimine,OC(CCN1CCCCC1)(C1CCCC1)C1=CC=CC=C1,SWRUZBWLEWHWRI-UHFFFAOYSA-N,77-39-4,DrugCentral,FDA_Approved.csv (current) + structures.smiles.tsv (2021_09_01),2026-07-29
987,edetic acid,OC(=O)CN(CCN(CC(O)=O)CC(O)=O)CC(O)=O,KCXVZYZYPLLWCC-UHFFFAOYSA-N,60-00-4,DrugCentral,FDA_Approved.csv (current) + structures.smiles.tsv (2021_09_01),2026-07-29
3083,cetylpyridinium,CCCCCCCCCCCCCCCC[N+]1=CC=CC=C1,NEUSVAOJNUQRTM-UHFFFAOYSA-N,7773-52-6,DrugCentral,FDA_Approved.csv (current) + structures.smiles.tsv (2021_09_01),2026-07-29
1728,methadone,CCC(=O)C(CC(C)N(C)C)(C1=CC=CC=C1)C1=CC=CC=C1,USSIQXCVUWKGNF-UHFFFAOYSA-N,76-99-3,DrugCentral,FDA_Approved.csv (current) + structures.smiles.tsv (2021_09_01),2026-07-29
237,arbutamine,O[C@@H](CNCCCCC1=CC=C(O)C=C1)C1=CC(O)=C(O)C=C1,IIRWWTKISYTTBL-SFHVURJKSA-N,128470-16-6,DrugCentral,FDA_Approved.csv (current) + structures.smiles.tsv (2021_09_01),2026-07-29
1371,hexocyclium,C[N+]1(C)CCN(CC(O)(C2CCCCC2)C2=CC=CC=C2)CC1,ZRYHPQCHHOKSMD-UHFFFAOYSA-N,6004-98-4,DrugCentral,FDA_Approved.csv (current) + structures.smiles.tsv (2021_09_01),2026-07-29
1571,levomethadyl acetate,CC[C@H](OC(C)=O)C(C[C@H](C)N(C)C)(C1=CC=CC=C1)C1=CC=CC=C1,XBMIVRRWGCYBTQ-AVRDEDQJSA-N,1477-40-3,DrugCentral,FDA_Approved.csv (current) + structures.smiles.tsv (2021_09_01),2026-07-29
4371,xenon (133Xe) gas,[133Xe],FHNFHKCVQCLJFQ-NJFSPNSNSA-N,14932-42-4,DrugCentral,FDA_Approved.csv (current) + structures.smiles.tsv (2021_09_01),2026-07-29
1355,haloprogin,ClC1=CC(Cl)=C(OCC#CI)C=C1Cl,CTETYYAZBPJBHE-UHFFFAOYSA-N,777-11-7,DrugCentral,FDA_Approved.csv (current) + structures.smiles.tsv (2021_09_01),2026-07-29
2834,riboflavin,CC1=CC2=C(C=C1C)N(C[C@H](O)[C@H](O)[C@H](O)CO)C1=NC(=O)NC(=O)C1=N2,AUNGANRZJHBGPY-SCRDCRAPSA-N,83-88-5,DrugCentral,FDA_Approved.csv (current) + structures.smiles.tsv (2021_09_01),2026-07-29
610,chlorotrianisene,COC1=CC=C(C=C1)C(Cl)=C(C1=CC=C(OC)C=C1)C1=CC=C(OC)C=C1,BFPSDSIWYFKGBC-UHFFFAOYSA-N,569-57-3,DrugCentral,FDA_Approved.csv (current) + structures.smiles.tsv (2021_09_01),2026-07-29
396,brinzolamide,CCN[C@H]1CN(CCCOC)S(=O)(=O)C2=C1C=C(S2)S(N)(=O)=O,HCRKCZRJWPKOAR-JTQLQIEISA-N,138890-62-7,DrugCentral,FDA_Approved.csv (current) + structures.smiles.tsv (2021_09_01),2026-07-29
316,bentiromide,OC(=O)C1=CC=C(NC(=O)[C@H](CC2=CC=C(O)C=C2)NC(=O)C2=CC=CC=C2)C=C1,SPPTWHFVYKCNNK-FQEVSTJZSA-N,37106-97-1,DrugCentral,FDA_Approved.csv (current) + structures.smiles.tsv (2021_09_01),2026-07-29
1859,mycophenolate mofetil,COC1=C(C)C2=C(C(=O)OC2)C(O)=C1C\C=C(/C)CCC(=O)OCCN1CCOCC1,RTGDFNSFWBGLEC-SYZQJQIISA-N,128794-94-5,DrugCentral,FDA_Approved.csv (current) + structures.smiles.tsv (2021_09_01),2026-07-29
2639,thiothixene,CN(C)S(=O)(=O)C1=CC2=C(SC3=CC=CC=C3\C2=C\CCN2CCN(C)CC2)C=C1,GFBKORZTTCHDGY-UWVJOHFNSA-N,3313-26-6,DrugCentral,FDA_Approved.csv (current) + structures.smiles.tsv (2021_09_01),2026-07-29
2374,riboflavin phosphate,CC1=CC2=C(C=C1C)N(C[C@H](O)[C@H](O)[C@H](O)COP(O)(O)=O)C1=NC(=O)NC(=O)C1=N2,FVTCRASFADXXNN-SCRDCRAPSA-N,130-40-5,DrugCentral,FDA_Approved.csv (current) + structures.smiles.tsv (2021_09_01),2026-07-29
1599,loperamide,CN(C)C(=O)C(CCN1CCC(O)(CC1)C1=CC=C(Cl)C=C1)(C1=CC=CC=C1)C1=CC=CC=C1,RDOIQAHITMMDAJ-UHFFFAOYSA-N,53179-11-6,DrugCentral,FDA_Approved.csv (current) + structures.smiles.tsv (2021_09_01),2026-07-29
1350,halofantrine,CCCCN(CCCC)CCC(O)C1=C2C=CC(=CC2=C2C=C(Cl)C=C(Cl)C2=C1)C(F)(F)F,FOHHNHSLJDZUGQ-UHFFFAOYSA-N,69756-53-2,DrugCentral,FDA_Approved.csv (current) + structures.smiles.tsv (2021_09_01),2026-07-29
3909,clindamycin phosphate,CCC[C@@H]1C[C@H](N(C)C1)C(=O)N[C@H]([C@H](C)Cl)[C@H]1O[C@H](SC)[C@H](OP(O)(O)=O)[C@@H](O)[C@H]1O,UFUVLHLTWXBHGZ-MGZQPHGTSA-N,24729-96-2,DrugCentral,FDA_Approved.csv (current) + structures.smiles.tsv (2021_09_01),2026-07-29
1617,lumefantrine,CCCCN(CCCC)CC(O)C1=CC(Cl)=CC2=C1C1=CC=C(Cl)C=C1\C2=C\C1=CC=C(Cl)C=C1,DYLGFOYVTXJFJP-MYYYXRDXSA-N,82186-77-4,DrugCentral,FDA_Approved.csv (current) + structures.smiles.tsv (2021_09_01),2026-07-29
1214,fluphenazine enanthate,CCCCCCC(=O)OCCN1CCN(CCCN2C3=CC=CC=C3SC3=C2C=C(C=C3)C(F)(F)F)CC1,LRWSFOSWNAQHHW-UHFFFAOYSA-N,2746-81-8,DrugCentral,FDA_Approved.csv (current) + structures.smiles.tsv (2021_09_01),2026-07-29
63,acetrizoic acid,CC(=O)NC1=C(I)C(C(O)=O)=C(I)C=C1I,GNOGSFBXBWBTIG-UHFFFAOYSA-N,85-36-9,DrugCentral,FDA_Approved.csv (current) + structures.smiles.tsv (2021_09_01),2026-07-29
3014,bemotrizinol,CCCCC(CC)COC1=CC(O)=C(C=C1)C1=NC(=NC(=N1)C1=CC=C(OC)C=C1)C1=C(O)C=C(OCC(CC)CCCC)C=C1,XVAMCHGMPYWHNL-UHFFFAOYSA-N,187393-00-6,DrugCentral,FDA_Approved.csv (current) + structures.smiles.tsv (2021_09_01),2026-07-29
1788,metrizamide,CN(C(C)=O)C1=C(I)C(NC(C)=O)=C(I)C(C(=O)N[C@H]2C(O)O[C@H](CO)[C@@H](O)[C@@H]2O)=C1I,BAQCROVBDNBEEB-UBYUBLNFSA-N,31112-62-6,DrugCentral,FDA_Approved.csv (current) + structures.smiles.tsv (2021_09_01),2026-07-29
4116,telavancin,CCCCCCCCCCNCCN[C@@]1(C)C[C@H](O[C@@H]2[C@@H](O)[C@H](O)[C@@H](CO)O[C@H]2OC2=C3OC4=CC=C(C=C4Cl)[C@@H](O)[C@@H](NC(=O)[C@@H](CC(C)C)NC)C(=O)N[C@@H](CC(N)=O)C(=O)N[C@@H]4C(C=C2OC2=CC=C(C=C2Cl)[C@@H](O)[C@@H]2NC(=O)[C@H](NC4=O)C4=CC=C(O)C(=C4)C4=C(O)C(CNCP(O)(O)=O)=C(O)C=C4[C@H](NC2=O)C(O)=O)=C3)O[C@@H](C)[C@H]1O,ONUMZHGUFYIKPM-MXNFEBESSA-N,372151-71-8,DrugCentral,FDA_Approved.csv (current) + structures.smiles.tsv (2021_09_01),2026-07-29
5226,deutetrabenazine,[2H]C([2H])([2H])OC1=CC2=C(C=C1OC([2H])([2H])[2H])C1CC(=O)C(CC(C)C)CN1CC2,MKJIEFSOBYUXJB-LIJFRPJRSA-N,1392826-25-3,DrugCentral,FDA_Approved.csv (current) + structures.smiles.tsv (2021_09_01),2026-07-29
4270,Padimate O,CCCCC(CC)COC(=O)C1=CC=C(C=C1)N(C)C,WYWZRNAHINYAEF-UHFFFAOYSA-N,21245-02-3,DrugCentral,FDA_Approved.csv (current) + structures.smiles.tsv (2021_09_01),2026-07-29
4626,trinitrophenol,OC1=C(C=C(C=C1[N+]([O-])=O)[N+]([O-])=O)[N+]([O-])=O,OXNIZHLAWKMVMX-UHFFFAOYSA-N,88-89-1,DrugCentral,FDA_Approved.csv (current) + structures.smiles.tsv (2021_09_01),2026-07-29
4485,diflorasone diacetate,C[C@H]1C[C@H]2[C@@H]3C[C@H](F)C4=CC(=O)C=C[C@]4(C)[C@@]3(F)[C@@H](O)C[C@]2(C)[C@@]1(OC(C)=O)C(=O)COC(C)=O,BOBLHFUVNSFZPJ-JOYXJVLSSA-N,33564-31-7,DrugCentral,FDA_Approved.csv (current) + structures.smiles.tsv (2021_09_01),2026-07-29
4575,indigo carmine,OS(=O)(=O)C1=CC2=C(N\C(C2=O)=C2\NC3=C(C=C(C=C3)S(O)(=O)=O)C2=O)C=C1,CFZXDJWFRVEWSR-BUHFOSPRSA-N,860-22-0,DrugCentral,FDA_Approved.csv (current) + structures.smiles.tsv (2021_09_01),2026-07-29
547,cefotetan,CO[C@]1(NC(=O)C2SC(S2)=C(C(N)=O)C(O)=O)[C@H]2SCC(CSC3=NN=NN3C)=C(N2C1=O)C(O)=O,SRZNHPXWXCNNDU-IXOPCIAXSA-N,69712-56-7,DrugCentral,FDA_Approved.csv (current) + structures.smiles.tsv (2021_09_01),2026-07-29
391,bortezomib,CC(C)C[C@H](NC(=O)[C@H](CC1=CC=CC=C1)NC(=O)C1=CN=CC=N1)B(O)O,GXJABQQUPOEUTA-RDJZCZTQSA-N,179324-69-7,DrugCentral,FDA_Approved.csv (current) + structures.smiles.tsv (2021_09_01),2026-07-29
1533,lactic acid,CC(O)C(O)=O,JVTAAEKCZFNVCJ-UHFFFAOYSA-N,50-21-5,DrugCentral,FDA_Approved.csv (current) + structures.smiles.tsv (2021_09_01),2026-07-29
1496,isometheptene,CNC(C)CCC=C(C)C,XVQUOJBERHHONY-UHFFFAOYSA-N,503-01-5,DrugCentral,FDA_Approved.csv (current) + structures.smiles.tsv (2021_09_01),2026-07-29
168,methyl aminolevulinate,COC(=O)CCC(=O)CN,YUUAYBAIHCDHHD-UHFFFAOYSA-N,33320-16-0,DrugCentral,FDA_Approved.csv (current) + structures.smiles.tsv (2021_09_01),2026-07-29
3739,etoxazene,CCOC1=CC=C(C=C1)N=NC1=C(N)C=C(N)C=C1,GAWOVNGQYQVFLI-UHFFFAOYSA-N,94-10-0,DrugCentral,FDA_Approved.csv (current) + structures.smiles.tsv (2021_09_01),2026-07-29
1089,ethoxzolamide,CCOC1=CC2=C(C=C1)N=C(S2)S(N)(=O)=O,OUZWUKMCLIBBOG-UHFFFAOYSA-N,452-35-7,DrugCentral,FDA_Approved.csv (current) + structures.smiles.tsv (2021_09_01),2026-07-29
1634,maprotiline,CNCCCC12CCC(C3=CC=CC=C13)C1=C2C=CC=C1,QSLMDECMDJKHMQ-UHFFFAOYSA-N,10262-69-8,DrugCentral,FDA_Approved.csv (current) + structures.smiles.tsv (2021_09_01),2026-07-29
313,diphenidol,OC(CCCN1CCCCC1)(C1=CC=CC=C1)C1=CC=CC=C1,OGAKLTJNUQRZJU-UHFFFAOYSA-N,972-02-1,DrugCentral,FDA_Approved.csv (current) + structures.smiles.tsv (2021_09_01),2026-07-29
2192,pipobroman,BrCCC(=O)N1CCN(CC1)C(=O)CCBr,NJBFOOCLYDNZJN-UHFFFAOYSA-N,54-91-1,DrugCentral,FDA_Approved.csv (current) + structures.smiles.tsv (2021_09_01),2026-07-29
2856,zalcitabine,NC1=NC(=O)N(C=C1)[C@H]1CC[C@@H](CO)O1,WREGKURFCTUGRC-POYBYMJQSA-N,7481-89-2,DrugCentral,FDA_Approved.csv (current) + structures.smiles.tsv (2021_09_01),2026-07-29
4821,seractide,CSCC[C@H](NC(=O)[C@H](CO)NC(=O)[C@H](CC1=CC=C(O)C=C1)NC(=O)[C@@H](N)CO)C(=O)N[C@@H](CCC(O)=O)C(=O)N[C@@H](CC1=CNC=N1)C(=O)N[C@@H](CC1=CC=CC=C1)C(=O)N[C@@H](CCCNC(N)=N)C(=O)N[C@@H](CC1=CNC2=C1C=CC=C2)C(=O)NCC(=O)N[C@@H](CCCCN)C(=O)N1CCC[C@H]1C(=O)N[C@@H](C(C)C)C(=O)NCC(=O)N[C@@H](CCCCN)C(=O)N[C@@H](CCCCN)C(=O)N[C@@H](CCCNC(N)=N)C(=O)N[C@@H](CCCNC(N)=N)C(=O)N1CCC[C@H]1C(=O)N[C@@H](C(C)C)C(=O)N[C@@H](CCCCN)C(=O)N[C@@H](C(C)C)C(=O)N[C@@H](CC1=CC=C(O)C=C1)C(=O)N1CCC[C@H]1C(=O)N[C@@H](CC(O)=O)C(=O)N[C@@H](C)C(=O)NCC(=O)N[C@@H](CCC(O)=O)C(=O)N[C@@H](CC(O)=O)C(=O)N[C@@H](CCC(N)=O)C(=O)N[C@@H](CO)C(=O)N[C@@H](C)C(=O)N[C@@H](CCC(O)=O)C(=O)N[C@@H](C)C(=O)N[C@@H](CC1=CC=CC=C1)C(=O)N1CCC[C@H]1C(=O)N[C@@H](CC(C)C)C(=O)N[C@@H](CCC(O)=O)C(=O)N[C@@H](CC1=CC=CC=C1)C(O)=O,FHOCOBKCNJYXOP-OVLDLUHVSA-N,39295-97-1,DrugCentral,FDA_Approved.csv (current) + structures.smiles.tsv (2021_09_01),2026-07-29
657,cinoxacin,CCN1N=C(C(O)=O)C(=O)C2=C1C=C1OCOC1=C2,VDUWPHTZYNWKRN-UHFFFAOYSA-N,28657-80-9,DrugCentral,FDA_Approved.csv (current) + structures.smiles.tsv (2021_09_01),2026-07-29
3184,dihydroergocornine,CC(C)[C@@H]1N2C(=O)[C@](NC(=O)[C@@H]3C[C@H]4[C@@H](CC5=CNC6=CC=CC4=C56)N(C)C3)(O[C@@]2(O)[C@@H]2CCCN2C1=O)C(C)C,SEALOBQTUQIVGU-QNIJNHAOSA-N,25447-65-8,DrugCentral,FDA_Approved.csv (current) + structures.smiles.tsv (2021_09_01),2026-07-29
494,pentoxyverine,CCN(CC)CCOCCOC(=O)C1(CCCC1)C1=CC=CC=C1,CFJMRBQWBDQYMK-UHFFFAOYSA-N,77-23-6,DrugCentral,FDA_Approved.csv (current) + structures.smiles.tsv (2021_09_01),2026-07-29
2223,plicamycin,CO[C@@H]([C@@H]1CC2=CC3=CC(O[C@H]4C[C@@H](O[C@H]5C[C@@H](O)[C@H](O)[C@@H](C)O5)[C@H](O)[C@@H](C)O4)=C(C)C(O)=C3C(O)=C2C(=O)[C@H]1O[C@H]1C[C@@H](O[C@H]2C[C@@H](O[C@H]3C[C@](C)(O)[C@H](O)[C@@H](C)O3)[C@@H](O)[C@@H](C)O2)[C@H](O)[C@@H](C)O1)C(=O)[C@@H](O)[C@@H](C)O,CFCUWKMKBJTWLW-BKHRDMLASA-N,18378-89-7,DrugCentral,FDA_Approved.csv (current) + structures.smiles.tsv (2021_09_01),2026-07-29
925,dirithromycin,CC[C@H]1OC(=O)[C@H](C)[C@@H](O[C@H]2C[C@@](C)(OC)[C@@H](O)[C@H](C)O2)[C@H](C)[C@@H](O[C@@H]2O[C@H](C)C[C@@H]([C@H]2O)N(C)C)[C@](C)(O)C[C@@H](C)[C@@H]2N[C@@H](COCCOC)O[C@H]([C@H]2C)[C@]1(C)O,WLOHNSSYAXHWNR-DWIOZXRMSA-N,62013-04-1,DrugCentral,FDA_Approved.csv (current) + structures.smiles.tsv (2021_09_01),2026-07-29
2830,viomycin,NCCC[C@H](N)CC(=O)N[C@H]1CNC(=O)[C@@H](NC(=O)\C(NC(=O)[C@H](CO)NC(=O)[C@H](CO)NC1=O)=C\NC(N)=O)[C@H]1C[C@H](O)N=C(N)N1,GXFAIFRPOKBQRV-GHXCTMGLSA-N,32988-50-4,DrugCentral,FDA_Approved.csv (current) + structures.smiles.tsv (2021_09_01),2026-07-29
2074,pemirolast,CC1=CC=CN2C(=O)C(=CN=C12)C1=NN=NN1,HIANJWSAHKJQTH-UHFFFAOYSA-N,69372-19-6,DrugCentral,FDA_Approved.csv (current) + structures.smiles.tsv (2021_09_01),2026-07-29
1702,meprednisone,C[C@H]1C[C@H]2[C@@H]3CCC4=CC(=O)C=C[C@]4(C)[C@H]3C(=O)C[C@]2(C)[C@@]1(O)C(=O)CO,PIDANAQULIKBQS-RNUIGHNZSA-N,1247-42-3,DrugCentral,FDA_Approved.csv (current) + structures.smiles.tsv (2021_09_01),2026-07-29
2795,uracil mustard,ClCCN(CCCl)C1=CNC(=O)NC1=O,IDPUKCWIGUEADI-UHFFFAOYSA-N,66-75-1,DrugCentral,FDA_Approved.csv (current) + structures.smiles.tsv (2021_09_01),2026-07-29
2102,perflubron,FC(F)(F)C(F)(F)C(F)(F)C(F)(F)C(F)(F)C(F)(F)C(F)(F)C(F)(F)Br,WTWWXOGTJWMJHI-UHFFFAOYSA-N,423-55-2,DrugCentral,FDA_Approved.csv (current) + structures.smiles.tsv (2021_09_01),2026-07-29
1373,hexylcaine,CC(CNC1CCCCC1)OC(=O)C1=CC=CC=C1,DKLKMKYDWHYZTD-UHFFFAOYSA-N,532-77-4,DrugCentral,FDA_Approved.csv (current) + structures.smiles.tsv (2021_09_01),2026-07-29
1465,iopanoic acid,CCC(CC1=C(I)C(N)=C(I)C=C1I)C(O)=O,OIRFJRBSRORBCM-UHFFFAOYSA-N,96-83-3,DrugCentral,FDA_Approved.csv (current) + structures.smiles.tsv (2021_09_01),2026-07-29
1470,iotrolan,CN(C(=O)CC(=O)N(C)C1=C(I)C(C(=O)NC(CO)C(O)CO)=C(I)C(C(=O)NC(CO)C(O)CO)=C1I)C1=C(I)C(C(=O)NC(CO)C(O)CO)=C(I)C(C(=O)NC(CO)C(O)CO)=C1I,XUHXFSYUBXNTHU-UHFFFAOYSA-N,79770-24-4,DrugCentral,FDA_Approved.csv (current) + structures.smiles.tsv (2021_09_01),2026-07-29
1472,ioxaglic acid,CNC(=O)C1=C(I)C(C(=O)NCC(=O)NC2=C(I)C(C(=O)NCCO)=C(I)C(C(O)=O)=C2I)=C(I)C(N(C)C(C)=O)=C1I,TYYBFXNZMFNZJT-UHFFFAOYSA-N,59017-64-0,DrugCentral,FDA_Approved.csv (current) + structures.smiles.tsv (2021_09_01),2026-07-29
1473,ioxilan,CC(=O)N(CC(O)CO)C1=C(I)C(C(=O)NCC(O)CO)=C(I)C(C(=O)NCCO)=C1I,UUMLTINZBQPNGF-UHFFFAOYSA-N,107793-72-6,DrugCentral,FDA_Approved.csv (current) + structures.smiles.tsv (2021_09_01),2026-07-29
1474,iopodic acid,CN(C)\C=N\C1=C(I)C=C(I)C(CCC(O)=O)=C1I,YQNFBOJPTAXAKV-OMCISZLKSA-N,5587-89-3,DrugCentral,FDA_Approved.csv (current) + structures.smiles.tsv (2021_09_01),2026-07-29
3496,propoxycaine,CCCOC1=C(C=CC(N)=C1)C(=O)OCCN(CC)CC,CAJIGINSTLKQMM-UHFFFAOYSA-N,86-43-1,DrugCentral,FDA_Approved.csv (current) + structures.smiles.tsv (2021_09_01),2026-07-29
1779,metipranolol,CC(C)NCC(O)COC1=C(C)C(C)=C(OC(C)=O)C(C)=C1,BQIPXWYNLPYNHW-UHFFFAOYSA-N,22664-55-7,DrugCentral,FDA_Approved.csv (current) + structures.smiles.tsv (2021_09_01),2026-07-29
1795,mezlocillin,CC1(C)S[C@@H]2[C@H](NC(=O)[C@H](NC(=O)N3CCN(C3=O)S(C)(=O)=O)C3=CC=CC=C3)C(=O)N2[C@H]1C(O)=O,YPBATNHYBCGSSN-VWPFQQQWSA-N,51481-65-3,DrugCentral,FDA_Approved.csv (current) + structures.smiles.tsv (2021_09_01),2026-07-29
2009,oxamniquine,CC(C)NCC1CCC2=CC(CO)=C(C=C2N1)[N+]([O-])=O,XCGYUJZMCCFSRP-UHFFFAOYSA-N,21738-42-1,DrugCentral,FDA_Approved.csv (current) + structures.smiles.tsv (2021_09_01),2026-07-29
626,chlorzoxazone,ClC1=CC2=C(OC(=O)N2)C=C1,TZFWDZFKRBELIQ-UHFFFAOYSA-N,95-25-0,DrugCentral,FDA_Approved.csv (current) + structures.smiles.tsv (2021_09_01),2026-07-29
2556,talbutal,CCC(C)C1(CC=C)C(=O)NC(=O)NC1=O,BJVVMKUXKQHWJK-UHFFFAOYSA-N,115-44-6,DrugCentral,FDA_Approved.csv (current) + structures.smiles.tsv (2021_09_01),2026-07-29
311,benoxaprofen,CC(C(O)=O)C1=CC2=C(OC(=N2)C2=CC=C(Cl)C=C2)C=C1,MITFXPHMIHQXPI-UHFFFAOYSA-N,51234-28-7,DrugCentral,FDA_Approved.csv (current) + structures.smiles.tsv (2021_09_01),2026-07-29
101,alacepril,C[C@H](CSC(C)=O)C(=O)N1CCC[C@H]1C(=O)N[C@@H](CC1=CC=CC=C1)C(O)=O,FHHHOYXPRDYHEZ-COXVUDFISA-N,74258-86-9,DrugCentral,FDA_Approved.csv (current) + structures.smiles.tsv (2021_09_01),2026-07-29
1814,minoxidil,NC1=CC(=NC(N)=[N+]1[O-])N1CCCCC1,ZFMITUMMTDLWHR-UHFFFAOYSA-N,38304-91-5,DrugCentral,FDA_Approved.csv (current) + structures.smiles.tsv (2021_09_01),2026-07-29
4812,simeprevir,COC1=C(C)C2=C(C=C1)C(O[C@@H]1C[C@@H]3[C@@H](C1)C(=O)N(C)CCCC\C=C/[C@@H]1C[C@]1(NC3=O)C(=O)NS(=O)(=O)C1CC1)=CC(=N2)C1=NC(=CS1)C(C)C,JTZZSQYMACOLNN-VDWJNHBNSA-N,923604-59-5,DrugCentral,FDA_Approved.csv (current) + structures.smiles.tsv (2021_09_01),2026-07-29
1198,flumetasone pivalate,C[C@@H]1C[C@H]2[C@@H]3C[C@H](F)C4=CC(=O)C=C[C@]4(C)[C@@]3(F)[C@@H](O)C[C@]2(C)[C@@]1(O)C(=O)COC(=O)C(C)(C)C,JWRMHDSINXPDHB-OJAGFMMFSA-N,2002-29-1,DrugCentral,FDA_Approved.csv (current) + structures.smiles.tsv (2021_09_01),2026-07-29
3290,oxyquinoline,OC1=CC=CC2=C1N=CC=C2,MCJGNVYPOGVAJF-UHFFFAOYSA-N,148-24-3,DrugCentral,FDA_Approved.csv (current) + structures.smiles.tsv (2021_09_01),2026-07-29
922,dipivefrine,CNCC(O)C1=CC(OC(=O)C(C)(C)C)=C(OC(=O)C(C)(C)C)C=C1,OCUJLLGVOUDECM-UHFFFAOYSA-N,52365-63-6,DrugCentral,FDA_Approved.csv (current) + structures.smiles.tsv (2021_09_01),2026-07-29
1903,netilmicin,CCN[C@@H]1C[C@H](N)[C@@H](O[C@H]2OC(CN)=CC[C@H]2N)[C@H](O)[C@H]1O[C@H]1OC[C@](C)(O)[C@H](NC)[C@H]1O,CIDUJQMULVCIBT-MQDUPKMGSA-N,56391-56-1,DrugCentral,FDA_Approved.csv (current) + structures.smiles.tsv (2021_09_01),2026-07-29
552,cefpiramide,CN1N=NN=C1SCC1=C(N2[C@H](SC1)[C@H](NC(=O)[C@H](NC(=O)C1=CN=C(C)C=C1O)C1=CC=C(O)C=C1)C2=O)C(O)=O,PWAUCHMQEXVFJR-PMAPCBKXSA-N,70797-11-4,DrugCentral,FDA_Approved.csv (current) + structures.smiles.tsv (2021_09_01),2026-07-29
542,cefonicid,O[C@@H](C(=O)N[C@H]1[C@H]2SCC(CSC3=NN=NN3CS(O)(=O)=O)=C(N2C1=O)C(O)=O)C1=CC=CC=C1,DYAIAHUQIPBDIP-AXAPSJFSSA-N,61270-58-4,DrugCentral,FDA_Approved.csv (current) + structures.smiles.tsv (2021_09_01),2026-07-29
1081,ethinamate,NC(=O)OC1(CCCCC1)C#C,GXRZIMHKGDIBEW-UHFFFAOYSA-N,126-52-3,DrugCentral,FDA_Approved.csv (current) + structures.smiles.tsv (2021_09_01),2026-07-29
1965,norethynodrel,C[C@]12CC[C@H]3[C@@H](CCC4=C3CCC(=O)C4)[C@@H]1CC[C@@]2(O)C#C,ICTXHFFSOAJUMG-SLHNCBLASA-N,68-23-5,DrugCentral,FDA_Approved.csv (current) + structures.smiles.tsv (2021_09_01),2026-07-29
2384,rimexolone,CCC(=O)[C@@]1(C)[C@H](C)C[C@H]2[C@@H]3CCC4=CC(=O)C=C[C@]4(C)[C@H]3[C@@H](O)C[C@]12C,QTTRZHGPGKRAFB-OOKHYKNYSA-N,49697-38-3,DrugCentral,FDA_Approved.csv (current) + structures.smiles.tsv (2021_09_01),2026-07-29
1952,glyceryl trinitrate,[O-][N+](=O)OCC(CO[N+]([O-])=O)O[N+]([O-])=O,SNIOPGDIGTZGOP-UHFFFAOYSA-N,55-63-0,DrugCentral,FDA_Approved.csv (current) + structures.smiles.tsv (2021_09_01),2026-07-29
579,ceruletide,CSCC[C@H](NC(=O)[C@H](CC1=CNC2=C1C=CC=C2)NC(=O)CNC(=O)[C@@H](NC(=O)[C@H](CC1=CC=C(OS(O)(=O)=O)C=C1)NC(=O)[C@H](CC(O)=O)NC(=O)[C@H](CCC(N)=O)NC(=O)[C@@H]1CCC(=O)N1)[C@@H](C)O)C(=O)N[C@@H](CC(O)=O)C(=O)N[C@@H](CC1=CC=CC=C1)C(N)=O,YRALAIOMGQZKOW-HYAOXDFASA-N,17650-98-5,DrugCentral,FDA_Approved.csv (current) + structures.smiles.tsv (2021_09_01),2026-07-29
2727,triamcinolone diacetate,CC(=O)OCC(=O)[C@@]1(O)[C@@H](C[C@H]2[C@@H]3CCC4=CC(=O)C=C[C@]4(C)[C@@]3(F)[C@@H](O)C[C@]12C)OC(C)=O,XGMPVBXKDAHORN-RBWIMXSLSA-N,67-78-7,DrugCentral,FDA_Approved.csv (current) + structures.smiles.tsv (2021_09_01),2026-07-29
1455,adipiodone,OC(=O)C1=C(I)C=C(I)C(NC(=O)CCCCC(=O)NC2=C(I)C(C(O)=O)=C(I)C=C2I)=C1I,FFINMCNLQNTKLU-UHFFFAOYSA-N,606-17-7,DrugCentral,FDA_Approved.csv (current) + structures.smiles.tsv (2021_09_01),2026-07-29
2306,propyliodone,CCCOC(=O)CN1C=C(I)C(=O)C(I)=C1,ROSXARVHJNYYDO-UHFFFAOYSA-N,587-61-1,DrugCentral,FDA_Approved.csv (current) + structures.smiles.tsv (2021_09_01),2026-07-29
867,dicoumarol,OC1=C(CC2=C(O)C3=C(OC2=O)C=CC=C3)C(=O)OC2=CC=CC=C12,DOBMPNYZJYQDGZ-UHFFFAOYSA-N,66-76-2,DrugCentral,FDA_Approved.csv (current) + structures.smiles.tsv (2021_09_01),2026-07-29
1695,mephenytoin,CCC1(NC(=O)N(C)C1=O)C1=CC=CC=C1,GMHKMTDVRCWUDX-UHFFFAOYSA-N,50-12-4,DrugCentral,FDA_Approved.csv (current) + structures.smiles.tsv (2021_09_01),2026-07-29
2286,promethazine,CC(CN1C2=CC=CC=C2SC2=C1C=CC=C2)N(C)C,PWWVAXIEGOYWEE-UHFFFAOYSA-N,60-87-7,DrugCentral,FDA_Approved.csv (current) + structures.smiles.tsv (2021_09_01),2026-07-29
1390,hydrocortisone cypionate,C[C@]12C[C@H](O)[C@H]3[C@@H](CCC4=CC(=O)CC[C@]34C)[C@@H]1CC[C@]2(O)C(=O)COC(=O)CCC1CCCC1,DLVOSEUFIRPIRM-KAQKJVHQSA-N,508-99-6,DrugCentral,FDA_Approved.csv (current) + structures.smiles.tsv (2021_09_01),2026-07-29
821,desoxycorticosterone acetate,CC(=O)OCC(=O)[C@H]1CC[C@H]2[C@@H]3CCC4=CC(=O)CC[C@]4(C)[C@H]3CC[C@]12C,VPGRYOFKCNULNK-ACXQXYJUSA-N,56-47-3,DrugCentral,FDA_Approved.csv (current) + structures.smiles.tsv (2021_09_01),2026-07-29
1851,latamoxef,CO[C@]1(NC(=O)C(C(O)=O)C2=CC=C(O)C=C2)[C@H]2OCC(CSC3=NN=NN3C)=C(N2C1=O)C(O)=O,JWCSIUVGFCSJCK-CAVRMKNVSA-N,64952-97-2,DrugCentral,FDA_Approved.csv (current) + structures.smiles.tsv (2021_09_01),2026-07-29
2166,pilocarpine,CC[C@H]1[C@@H](CC2=CN=CN2C)COC1=O,QCHFTSOMWOSFHM-WPRPVWTQSA-N,92-13-7,DrugCentral,FDA_Approved.csv (current) + structures.smiles.tsv (2021_09_01),2026-07-29
144,amantadine,NC12CC3CC(CC(C3)C1)C2,DKNWSYNQZKUICI-UHFFFAOYSA-N,768-94-5,DrugCentral,FDA_Approved.csv (current) + structures.smiles.tsv (2021_09_01),2026-07-29
276,azithromycin,CC[C@H]1OC(=O)[C@H](C)[C@@H](O[C@H]2C[C@@](C)(OC)[C@@H](O)[C@H](C)O2)[C@H](C)[C@@H](O[C@@H]2O[C@H](C)C[C@@H]([C@H]2O)N(C)C)[C@](C)(O)C[C@@H](C)CN(C)[C@H](C)[C@@H](O)[C@]1(C)O,MQTOSJVFKKJCRP-BICOPXKESA-N,83905-01-5,DrugCentral,FDA_Approved.csv (current) + structures.smiles.tsv (2021_09_01),2026-07-29
302,bendamustine,CN1C(CCCC(O)=O)=NC2=CC(=CC=C12)N(CCCl)CCCl,YTKUWDBFDASYHO-UHFFFAOYSA-N,16506-27-7,DrugCentral,FDA_Approved.csv (current) + structures.smiles.tsv (2021_09_01),2026-07-29
334,benzyl alcohol,OCC1=CC=CC=C1,WVDDGKGOMKODPV-UHFFFAOYSA-N,100-51-6,DrugCentral,FDA_Approved.csv (current) + structures.smiles.tsv (2021_09_01),2026-07-29
328,benzoyl peroxide,O=C(OOC(=O)C1=CC=CC=C1)C1=CC=CC=C1,OMPJBNCRMGITSC-UHFFFAOYSA-N,94-36-0,DrugCentral,FDA_Approved.csv (current) + structures.smiles.tsv (2021_09_01),2026-07-29
588,chlorambucil,OC(=O)CCCC1=CC=C(C=C1)N(CCCl)CCCl,JCKYGMPEJWAADB-UHFFFAOYSA-N,305-03-3,DrugCentral,FDA_Approved.csv (current) + structures.smiles.tsv (2021_09_01),2026-07-29
3279,homosalate,CC1CC(CC(C)(C)C1)OC(=O)C1=C(O)C=CC=C1,WSSJONWNBBTCMG-UHFFFAOYSA-N,118-56-9,DrugCentral,FDA_Approved.csv (current) + structures.smiles.tsv (2021_09_01),2026-07-29
744,crotamiton,CCN(C(=O)C=CC)C1=C(C)C=CC=C1,DNTGGZPQPQTDQF-UHFFFAOYSA-N,483-63-6,DrugCentral,FDA_Approved.csv (current) + structures.smiles.tsv (2021_09_01),2026-07-29
783,daptomycin,CCCCCCCCCC(=O)N[C@@H](CC1=CNC2=CC=CC=C12)C(=O)N[C@H](CC(N)=O)C(=O)N[C@@H](CC(O)=O)C(=O)N[C@H]1[C@@H](C)OC(=O)[C@H](CC(=O)C2=C(N)C=CC=C2)NC(=O)[C@@H](NC(=O)[C@@H](CO)NC(=O)CNC(=O)[C@H](CC(O)=O)NC(=O)[C@@H](C)NC(=O)[C@H](CC(O)=O)NC(=O)[C@H](CCCN)NC(=O)CNC1=O)[C@H](C)CC(O)=O,DOAKLVKFURWEDJ-QCMAZARJSA-N,103060-53-3,DrugCentral,FDA_Approved.csv (current) + structures.smiles.tsv (2021_09_01),2026-07-29
1374,hexylresorcinol,CCCCCCC1=C(O)C=C(O)C=C1,WFJIVOKAWHGMBH-UHFFFAOYSA-N,136-77-6,DrugCentral,FDA_Approved.csv (current) + structures.smiles.tsv (2021_09_01),2026-07-29
1448,iobenguane (123I),NC(=N)NCC1=CC([123I])=CC=C1,PDWUPXJEEYOOTR-IUAIQHPESA-N,139755-80-9,DrugCentral,FDA_Approved.csv (current) + structures.smiles.tsv (2021_09_01),2026-07-29
3282,hydroquinone,OC1=CC=C(O)C=C1,QIGBRXMKCJKVMJ-UHFFFAOYSA-N,123-31-9,DrugCentral,FDA_Approved.csv (current) + structures.smiles.tsv (2021_09_01),2026-07-29
1461,iohexol,CC(=O)N(CC(O)CO)C1=C(I)C(C(=O)NCC(O)CO)=C(I)C(C(=O)NCC(O)CO)=C1I,NTHXOOBQLCIOLC-UHFFFAOYSA-N,66108-95-0,DrugCentral,FDA_Approved.csv (current) + structures.smiles.tsv (2021_09_01),2026-07-29
1457,diiodohydroxyquinoline,OC1=C2N=CC=CC2=C(I)C=C1I,UXZFQZANDVDGMM-UHFFFAOYSA-N,83-73-8,DrugCentral,FDA_Approved.csv (current) + structures.smiles.tsv (2021_09_01),2026-07-29
1813,minocycline,CN(C)[C@H]1[C@@H]2C[C@@H]3CC4=C(C(O)=CC=C4N(C)C)C(=O)C3=C(O)[C@]2(O)C(=O)C(C(N)=O)=C1O,DYKFCLLONBREIL-KVUCHLLUSA-N,10118-90-8,DrugCentral,FDA_Approved.csv (current) + structures.smiles.tsv (2021_09_01),2026-07-29
836,dexmethylphenidate,COC(=O)[C@@H]([C@H]1CCCCN1)C1=CC=CC=C1,DUGOZIWVEXMGBE-CHWSQXEVSA-N,40431-64-9,DrugCentral,FDA_Approved.csv (current) + structures.smiles.tsv (2021_09_01),2026-07-29
1863,nabumetone,COC1=CC=C2C=C(CCC(C)=O)C=CC2=C1,BLXXJMDCKKHMKV-UHFFFAOYSA-N,42924-53-8,DrugCentral,FDA_Approved.csv (current) + structures.smiles.tsv (2021_09_01),2026-07-29
